{
"type": "FeatureCollection",
"name": "inat_points",
"crs": { "type": "name", "properties": { "name": "urn:ogc:def:crs:OGC:1.3:CRS84" } },
"features": [
{ "type": "Feature", "properties": { "year": "2020", "month": "03", "day": "20", "Bombus species": "huntii", "julian_day": 80.0, "source": "iNat" }, "geometry": { "type": "Point", "coordinates": [ -111.8236, 40.61027833 ] } },
{ "type": "Feature", "properties": { "year": "2020", "month": "03", "day": "24", "Bombus species": "huntii", "julian_day": 84.0, "source": "iNat" }, "geometry": { "type": "Point", "coordinates": [ -111.8701083, 40.893545 ] } },
{ "type": "Feature", "properties": { "year": "2020", "month": "04", "day": "20", "Bombus species": "huntii", "julian_day": 111.0, "source": "iNat" }, "geometry": { "type": "Point", "coordinates": [ -111.893295, 40.780555 ] } },
{ "type": "Feature", "properties": { "year": "2020", "month": "04", "day": "25", "Bombus species": "huntii", "julian_day": 116.0, "source": "iNat" }, "geometry": { "type": "Point", "coordinates": [ -111.7683322, 40.62259193 ] } },
{ "type": "Feature", "properties": { "year": "2020", "month": "04", "day": "25", "Bombus species": "nevadensis", "julian_day": 116.0, "source": "iNat" }, "geometry": { "type": "Point", "coordinates": [ -111.6298585, 40.11240611 ] } },
{ "type": "Feature", "properties": { "year": "2020", "month": "04", "day": "25", "Bombus species": "nevadensis", "julian_day": 116.0, "source": "iNat" }, "geometry": { "type": "Point", "coordinates": [ -111.8399702, 40.7417571 ] } },
{ "type": "Feature", "properties": { "year": "2020", "month": "04", "day": "26", "Bombus species": "huntii", "julian_day": 117.0, "source": "iNat" }, "geometry": { "type": "Point", "coordinates": [ -111.9357102, 40.7989387 ] } },
{ "type": "Feature", "properties": { "year": "2020", "month": "04", "day": "27", "Bombus species": "centralis", "julian_day": 118.0, "source": "iNat" }, "geometry": { "type": "Point", "coordinates": [ -111.7714316, 40.6740514 ] } },
{ "type": "Feature", "properties": { "year": "2020", "month": "04", "day": "27", "Bombus species": "fervidus", "julian_day": 118.0, "source": "iNat" }, "geometry": { "type": "Point", "coordinates": [ -111.8743667, 40.74344167 ] } },
{ "type": "Feature", "properties": { "year": "2020", "month": "04", "day": "27", "Bombus species": "griseocollis", "julian_day": 118.0, "source": "iNat" }, "geometry": { "type": "Point", "coordinates": [ -111.8168127, 40.57998013 ] } },
{ "type": "Feature", "properties": { "year": "2020", "month": "04", "day": "27", "Bombus species": "griseocollis", "julian_day": 118.0, "source": "iNat" }, "geometry": { "type": "Point", "coordinates": [ -111.8834252, 40.75068073 ] } },
{ "type": "Feature", "properties": { "year": "2020", "month": "04", "day": "27", "Bombus species": "huntii", "julian_day": 118.0, "source": "iNat" }, "geometry": { "type": "Point", "coordinates": [ -111.7714316, 40.6740514 ] } },
{ "type": "Feature", "properties": { "year": "2020", "month": "04", "day": "28", "Bombus species": "huntii", "julian_day": 119.0, "source": "iNat" }, "geometry": { "type": "Point", "coordinates": [ -112.1031609, 40.30178342 ] } },
{ "type": "Feature", "properties": { "year": "2020", "month": "04", "day": "30", "Bombus species": "huntii", "julian_day": 121.0, "source": "iNat" }, "geometry": { "type": "Point", "coordinates": [ -111.7139533, 41.06334889 ] } },
{ "type": "Feature", "properties": { "year": "2020", "month": "04", "day": "30", "Bombus species": "morrisoni", "julian_day": 121.0, "source": "iNat" }, "geometry": { "type": "Point", "coordinates": [ -111.8129629, 41.7416639 ] } },
{ "type": "Feature", "properties": { "year": "2020", "month": "05", "day": "01", "Bombus species": "nevadensis", "julian_day": 122.0, "source": "iNat" }, "geometry": { "type": "Point", "coordinates": [ -113.6438981, 37.3774926 ] } },
{ "type": "Feature", "properties": { "year": "2020", "month": "05", "day": "02", "Bombus species": "huntii", "julian_day": 123.0, "source": "iNat" }, "geometry": { "type": "Point", "coordinates": [ -111.7252883, 40.570195 ] } },
{ "type": "Feature", "properties": { "year": "2020", "month": "05", "day": "02", "Bombus species": "morrisoni", "julian_day": 123.0, "source": "iNat" }, "geometry": { "type": "Point", "coordinates": [ -111.827875, 41.72564167 ] } },
{ "type": "Feature", "properties": { "year": "2020", "month": "05", "day": "02", "Bombus species": "morrisoni", "julian_day": 123.0, "source": "iNat" }, "geometry": { "type": "Point", "coordinates": [ -111.8321642, 41.74115631 ] } },
{ "type": "Feature", "properties": { "year": "2020", "month": "05", "day": "10", "Bombus species": "griseocollis", "julian_day": 131.0, "source": "iNat" }, "geometry": { "type": "Point", "coordinates": [ -111.8836756, 40.75074638 ] } },
{ "type": "Feature", "properties": { "year": "2020", "month": "05", "day": "10", "Bombus species": "griseocollis", "julian_day": 131.0, "source": "iNat" }, "geometry": { "type": "Point", "coordinates": [ -111.8837413, 40.75075281 ] } },
{ "type": "Feature", "properties": { "year": "2020", "month": "05", "day": "11", "Bombus species": "huntii", "julian_day": 132.0, "source": "iNat" }, "geometry": { "type": "Point", "coordinates": [ -111.8925383, 40.781345 ] } },
{ "type": "Feature", "properties": { "year": "2020", "month": "05", "day": "11", "Bombus species": "insularis", "julian_day": 132.0, "source": "iNat" }, "geometry": { "type": "Point", "coordinates": [ -111.8448645, 40.74701931 ] } },
{ "type": "Feature", "properties": { "year": "2020", "month": "05", "day": "11", "Bombus species": "morrisoni", "julian_day": 132.0, "source": "iNat" }, "geometry": { "type": "Point", "coordinates": [ -111.99153, 40.54805833 ] } },
{ "type": "Feature", "properties": { "year": "2020", "month": "05", "day": "12", "Bombus species": "griseocollis", "julian_day": 133.0, "source": "iNat" }, "geometry": { "type": "Point", "coordinates": [ -111.8632367, 40.75173833 ] } },
{ "type": "Feature", "properties": { "year": "2020", "month": "05", "day": "12", "Bombus species": "huntii", "julian_day": 133.0, "source": "iNat" }, "geometry": { "type": "Point", "coordinates": [ -111.817005, 40.7722592 ] } },
{ "type": "Feature", "properties": { "year": "2020", "month": "05", "day": "13", "Bombus species": "huntii", "julian_day": 134.0, "source": "iNat" }, "geometry": { "type": "Point", "coordinates": [ -111.8231825, 41.72595706 ] } },
{ "type": "Feature", "properties": { "year": "2020", "month": "05", "day": "15", "Bombus species": "huntii", "julian_day": 136.0, "source": "iNat" }, "geometry": { "type": "Point", "coordinates": [ -111.8516667, 40.53111111 ] } },
{ "type": "Feature", "properties": { "year": "2020", "month": "05", "day": "15", "Bombus species": "huntii", "julian_day": 136.0, "source": "iNat" }, "geometry": { "type": "Point", "coordinates": [ -111.826117, 40.7540138 ] } },
{ "type": "Feature", "properties": { "year": "2020", "month": "05", "day": "15", "Bombus species": "morrisoni", "julian_day": 136.0, "source": "iNat" }, "geometry": { "type": "Point", "coordinates": [ -109.446005, 38.67982167 ] } },
{ "type": "Feature", "properties": { "year": "2020", "month": "05", "day": "16", "Bombus species": "centralis", "julian_day": 137.0, "source": "iNat" }, "geometry": { "type": "Point", "coordinates": [ -112.1025561, 40.45058731 ] } },
{ "type": "Feature", "properties": { "year": "2020", "month": "05", "day": "16", "Bombus species": "griseocollis", "julian_day": 137.0, "source": "iNat" }, "geometry": { "type": "Point", "coordinates": [ -111.9816883, 40.51008833 ] } },
{ "type": "Feature", "properties": { "year": "2020", "month": "05", "day": "16", "Bombus species": "huntii", "julian_day": 137.0, "source": "iNat" }, "geometry": { "type": "Point", "coordinates": [ -111.6302838, 40.25015414 ] } },
{ "type": "Feature", "properties": { "year": "2020", "month": "05", "day": "16", "Bombus species": "morrisoni", "julian_day": 137.0, "source": "iNat" }, "geometry": { "type": "Point", "coordinates": [ -111.6314065, 40.21404473 ] } },
{ "type": "Feature", "properties": { "year": "2020", "month": "05", "day": "16", "Bombus species": "morrisoni", "julian_day": 137.0, "source": "iNat" }, "geometry": { "type": "Point", "coordinates": [ -109.287095, 40.44976167 ] } },
{ "type": "Feature", "properties": { "year": "2020", "month": "05", "day": "16", "Bombus species": "nevadensis", "julian_day": 137.0, "source": "iNat" }, "geometry": { "type": "Point", "coordinates": [ -109.3619028, 37.85006944 ] } },
{ "type": "Feature", "properties": { "year": "2020", "month": "05", "day": "17", "Bombus species": "morrisoni", "julian_day": 138.0, "source": "iNat" }, "geometry": { "type": "Point", "coordinates": [ -111.5119467, 39.38285029 ] } },
{ "type": "Feature", "properties": { "year": "2020", "month": "05", "day": "17", "Bombus species": "nevadensis", "julian_day": 138.0, "source": "iNat" }, "geometry": { "type": "Point", "coordinates": [ -109.4148167, 37.77225 ] } },
{ "type": "Feature", "properties": { "year": "2020", "month": "05", "day": "18", "Bombus species": "nevadensis", "julian_day": 139.0, "source": "iNat" }, "geometry": { "type": "Point", "coordinates": [ -111.901387, 40.435394 ] } },
{ "type": "Feature", "properties": { "year": "2020", "month": "05", "day": "19", "Bombus species": "centralis", "julian_day": 140.0, "source": "iNat" }, "geometry": { "type": "Point", "coordinates": [ -111.5853142, 40.81502787 ] } },
{ "type": "Feature", "properties": { "year": "2020", "month": "05", "day": "19", "Bombus species": "griseocollis", "julian_day": 140.0, "source": "iNat" }, "geometry": { "type": "Point", "coordinates": [ -111.6085367, 40.173325 ] } },
{ "type": "Feature", "properties": { "year": "2020", "month": "05", "day": "20", "Bombus species": "flavifrons", "julian_day": 141.0, "source": "iNat" }, "geometry": { "type": "Point", "coordinates": [ -111.8050091, 41.70777204 ] } },
{ "type": "Feature", "properties": { "year": "2020", "month": "05", "day": "20", "Bombus species": "huntii", "julian_day": 141.0, "source": "iNat" }, "geometry": { "type": "Point", "coordinates": [ -112.9468077, 37.27227315 ] } },
{ "type": "Feature", "properties": { "year": "2020", "month": "05", "day": "21", "Bombus species": "huntii", "julian_day": 142.0, "source": "iNat" }, "geometry": { "type": "Point", "coordinates": [ -111.828451, 40.5648431 ] } },
{ "type": "Feature", "properties": { "year": "2020", "month": "05", "day": "21", "Bombus species": "morrisoni", "julian_day": 142.0, "source": "iNat" }, "geometry": { "type": "Point", "coordinates": [ -109.3596717, 38.67668 ] } },
{ "type": "Feature", "properties": { "year": "2020", "month": "05", "day": "22", "Bombus species": "insularis", "julian_day": 143.0, "source": "iNat" }, "geometry": { "type": "Point", "coordinates": [ -111.82422, 40.76565833 ] } },
{ "type": "Feature", "properties": { "year": "2020", "month": "05", "day": "23", "Bombus species": "huntii", "julian_day": 144.0, "source": "iNat" }, "geometry": { "type": "Point", "coordinates": [ -112.9587129, 37.04527403 ] } },
{ "type": "Feature", "properties": { "year": "2020", "month": "05", "day": "23", "Bombus species": "huntii", "julian_day": 144.0, "source": "iNat" }, "geometry": { "type": "Point", "coordinates": [ -113.0554722, 37.66989167 ] } },
{ "type": "Feature", "properties": { "year": "2020", "month": "05", "day": "23", "Bombus species": "pensylvanicus", "julian_day": 144.0, "source": "iNat" }, "geometry": { "type": "Point", "coordinates": [ -109.3950885, 38.63056815 ] } },
{ "type": "Feature", "properties": { "year": "2020", "month": "05", "day": "24", "Bombus species": "huntii", "julian_day": 145.0, "source": "iNat" }, "geometry": { "type": "Point", "coordinates": [ -111.7717785, 40.76743724 ] } },
{ "type": "Feature", "properties": { "year": "2020", "month": "05", "day": "24", "Bombus species": "nevadensis", "julian_day": 145.0, "source": "iNat" }, "geometry": { "type": "Point", "coordinates": [ -111.8423184, 41.21001466 ] } },
{ "type": "Feature", "properties": { "year": "2020", "month": "05", "day": "25", "Bombus species": "vancouverensis/bifarius", "julian_day": 146.0, "source": "iNat" }, "geometry": { "type": "Point", "coordinates": [ -111.6868, 40.64148611 ] } },
{ "type": "Feature", "properties": { "year": "2020", "month": "05", "day": "25", "Bombus species": "fervidus", "julian_day": 146.0, "source": "iNat" }, "geometry": { "type": "Point", "coordinates": [ -111.8571825, 40.63248295 ] } },
{ "type": "Feature", "properties": { "year": "2020", "month": "05", "day": "25", "Bombus species": "griseocollis", "julian_day": 146.0, "source": "iNat" }, "geometry": { "type": "Point", "coordinates": [ -111.863775, 40.72717772 ] } },
{ "type": "Feature", "properties": { "year": "2020", "month": "05", "day": "28", "Bombus species": "griseocollis", "julian_day": 149.0, "source": "iNat" }, "geometry": { "type": "Point", "coordinates": [ -111.636895, 40.221145 ] } },
{ "type": "Feature", "properties": { "year": "2020", "month": "05", "day": "28", "Bombus species": "griseocollis", "julian_day": 149.0, "source": "iNat" }, "geometry": { "type": "Point", "coordinates": [ -111.8696725, 40.63530761 ] } },
{ "type": "Feature", "properties": { "year": "2020", "month": "05", "day": "29", "Bombus species": "huntii", "julian_day": 150.0, "source": "iNat" }, "geometry": { "type": "Point", "coordinates": [ -111.71038, 40.34573 ] } },
{ "type": "Feature", "properties": { "year": "2020", "month": "05", "day": "30", "Bombus species": "griseocollis", "julian_day": 151.0, "source": "iNat" }, "geometry": { "type": "Point", "coordinates": [ -111.8458861, 40.739475 ] } },
{ "type": "Feature", "properties": { "year": "2020", "month": "05", "day": "30", "Bombus species": "griseocollis", "julian_day": 151.0, "source": "iNat" }, "geometry": { "type": "Point", "coordinates": [ -111.8177295, 40.76865206 ] } },
{ "type": "Feature", "properties": { "year": "2020", "month": "05", "day": "30", "Bombus species": "griseocollis", "julian_day": 151.0, "source": "iNat" }, "geometry": { "type": "Point", "coordinates": [ -111.8650667, 40.78429167 ] } },
{ "type": "Feature", "properties": { "year": "2020", "month": "05", "day": "31", "Bombus species": "vancouverensis/bifarius", "julian_day": 152.0, "source": "iNat" }, "geometry": { "type": "Point", "coordinates": [ -110.88459, 40.65978585 ] } },
{ "type": "Feature", "properties": { "year": "2020", "month": "05", "day": "31", "Bombus species": "fervidus", "julian_day": 152.0, "source": "iNat" }, "geometry": { "type": "Point", "coordinates": [ -111.6100217, 40.2839 ] } },
{ "type": "Feature", "properties": { "year": "2020", "month": "05", "day": "31", "Bombus species": "griseocollis", "julian_day": 152.0, "source": "iNat" }, "geometry": { "type": "Point", "coordinates": [ -111.8718417, 40.77552833 ] } },
{ "type": "Feature", "properties": { "year": "2020", "month": "05", "day": "31", "Bombus species": "insularis", "julian_day": 152.0, "source": "iNat" }, "geometry": { "type": "Point", "coordinates": [ -111.094211, 40.54480197 ] } },
{ "type": "Feature", "properties": { "year": "2020", "month": "05", "day": "31", "Bombus species": "vancouverensis/bifarius", "julian_day": 152.0, "source": "iNat" }, "geometry": { "type": "Point", "coordinates": [ -111.084519, 40.54623397 ] } },
{ "type": "Feature", "properties": { "year": "2020", "month": "05", "day": "31", "Bombus species": "vancouverensis/bifarius", "julian_day": 152.0, "source": "iNat" }, "geometry": { "type": "Point", "coordinates": [ -111.089453, 40.54647897 ] } },
{ "type": "Feature", "properties": { "year": "2020", "month": "06", "day": "01", "Bombus species": "griseocollis", "julian_day": 153.0, "source": "iNat" }, "geometry": { "type": "Point", "coordinates": [ -111.8873148, 41.00268569 ] } },
{ "type": "Feature", "properties": { "year": "2020", "month": "06", "day": "01", "Bombus species": "huntii", "julian_day": 153.0, "source": "iNat" }, "geometry": { "type": "Point", "coordinates": [ -111.882369, 40.58550809 ] } },
{ "type": "Feature", "properties": { "year": "2020", "month": "06", "day": "01", "Bombus species": "huntii", "julian_day": 153.0, "source": "iNat" }, "geometry": { "type": "Point", "coordinates": [ -112.1671199, 40.92537685 ] } },
{ "type": "Feature", "properties": { "year": "2020", "month": "06", "day": "02", "Bombus species": "appositus", "julian_day": 154.0, "source": "iNat" }, "geometry": { "type": "Point", "coordinates": [ -111.861075, 40.73892 ] } },
{ "type": "Feature", "properties": { "year": "2020", "month": "06", "day": "02", "Bombus species": "griseocollis", "julian_day": 154.0, "source": "iNat" }, "geometry": { "type": "Point", "coordinates": [ -111.642888, 40.182144 ] } },
{ "type": "Feature", "properties": { "year": "2020", "month": "06", "day": "02", "Bombus species": "huntii", "julian_day": 154.0, "source": "iNat" }, "geometry": { "type": "Point", "coordinates": [ -111.8043667, 40.73196333 ] } },
{ "type": "Feature", "properties": { "year": "2020", "month": "06", "day": "02", "Bombus species": "insularis", "julian_day": 154.0, "source": "iNat" }, "geometry": { "type": "Point", "coordinates": [ -111.789272, 40.56465023 ] } },
{ "type": "Feature", "properties": { "year": "2020", "month": "06", "day": "02", "Bombus species": "insularis", "julian_day": 154.0, "source": "iNat" }, "geometry": { "type": "Point", "coordinates": [ -111.7156017, 40.69797008 ] } },
{ "type": "Feature", "properties": { "year": "2020", "month": "06", "day": "03", "Bombus species": "insularis", "julian_day": 155.0, "source": "iNat" }, "geometry": { "type": "Point", "coordinates": [ -111.6430283, 39.91503291 ] } },
{ "type": "Feature", "properties": { "year": "2020", "month": "06", "day": "04", "Bombus species": "fervidus", "julian_day": 156.0, "source": "iNat" }, "geometry": { "type": "Point", "coordinates": [ -109.5565793, 37.89978833 ] } },
{ "type": "Feature", "properties": { "year": "2020", "month": "06", "day": "04", "Bombus species": "fervidus", "julian_day": 156.0, "source": "iNat" }, "geometry": { "type": "Point", "coordinates": [ -111.9234431, 40.63420703 ] } },
{ "type": "Feature", "properties": { "year": "2020", "month": "06", "day": "04", "Bombus species": "fervidus", "julian_day": 156.0, "source": "iNat" }, "geometry": { "type": "Point", "coordinates": [ -112.0318703, 41.13329395 ] } },
{ "type": "Feature", "properties": { "year": "2020", "month": "06", "day": "04", "Bombus species": "flavifrons", "julian_day": 156.0, "source": "iNat" }, "geometry": { "type": "Point", "coordinates": [ -109.2648772, 38.46554761 ] } },
{ "type": "Feature", "properties": { "year": "2020", "month": "06", "day": "04", "Bombus species": "nevadensis", "julian_day": 156.0, "source": "iNat" }, "geometry": { "type": "Point", "coordinates": [ -111.8227211, 40.77345141 ] } },
{ "type": "Feature", "properties": { "year": "2020", "month": "06", "day": "04", "Bombus species": "vancouverensis/bifarius", "julian_day": 156.0, "source": "iNat" }, "geometry": { "type": "Point", "coordinates": [ -111.5961556, 40.6158031 ] } },
{ "type": "Feature", "properties": { "year": "2020", "month": "06", "day": "05", "Bombus species": "huntii", "julian_day": 157.0, "source": "iNat" }, "geometry": { "type": "Point", "coordinates": [ -112.0693726, 41.13612453 ] } },
{ "type": "Feature", "properties": { "year": "2020", "month": "06", "day": "06", "Bombus species": "centralis", "julian_day": 158.0, "source": "iNat" }, "geometry": { "type": "Point", "coordinates": [ -112.5818376, 40.50524375 ] } },
{ "type": "Feature", "properties": { "year": "2020", "month": "06", "day": "06", "Bombus species": "insularis", "julian_day": 158.0, "source": "iNat" }, "geometry": { "type": "Point", "coordinates": [ -111.8452655, 40.88312973 ] } },
{ "type": "Feature", "properties": { "year": "2020", "month": "06", "day": "07", "Bombus species": "appositus", "julian_day": 159.0, "source": "iNat" }, "geometry": { "type": "Point", "coordinates": [ -112.93067, 37.5947877 ] } },
{ "type": "Feature", "properties": { "year": "2020", "month": "06", "day": "07", "Bombus species": "griseocollis", "julian_day": 159.0, "source": "iNat" }, "geometry": { "type": "Point", "coordinates": [ -111.8462661, 40.74445558 ] } },
{ "type": "Feature", "properties": { "year": "2020", "month": "06", "day": "09", "Bombus species": "griseocollis", "julian_day": 161.0, "source": "iNat" }, "geometry": { "type": "Point", "coordinates": [ -111.9811578, 40.38033667 ] } },
{ "type": "Feature", "properties": { "year": "2020", "month": "06", "day": "09", "Bombus species": "griseocollis", "julian_day": 161.0, "source": "iNat" }, "geometry": { "type": "Point", "coordinates": [ -111.8676692, 40.7062699 ] } },
{ "type": "Feature", "properties": { "year": "2020", "month": "06", "day": "09", "Bombus species": "griseocollis", "julian_day": 161.0, "source": "iNat" }, "geometry": { "type": "Point", "coordinates": [ -111.8699717, 40.89335333 ] } },
{ "type": "Feature", "properties": { "year": "2020", "month": "06", "day": "09", "Bombus species": "huntii", "julian_day": 161.0, "source": "iNat" }, "geometry": { "type": "Point", "coordinates": [ -111.8766033, 40.79129167 ] } },
{ "type": "Feature", "properties": { "year": "2020", "month": "06", "day": "10", "Bombus species": "griseocollis", "julian_day": 162.0, "source": "iNat" }, "geometry": { "type": "Point", "coordinates": [ -111.8440694, 40.74803056 ] } },
{ "type": "Feature", "properties": { "year": "2020", "month": "06", "day": "10", "Bombus species": "huntii", "julian_day": 162.0, "source": "iNat" }, "geometry": { "type": "Point", "coordinates": [ -112.7298295, 37.03457918 ] } },
{ "type": "Feature", "properties": { "year": "2020", "month": "06", "day": "10", "Bombus species": "huntii", "julian_day": 162.0, "source": "iNat" }, "geometry": { "type": "Point", "coordinates": [ -111.7771608, 40.71489585 ] } },
{ "type": "Feature", "properties": { "year": "2020", "month": "06", "day": "10", "Bombus species": "insularis", "julian_day": 162.0, "source": "iNat" }, "geometry": { "type": "Point", "coordinates": [ -111.5366968, 40.72159663 ] } },
{ "type": "Feature", "properties": { "year": "2020", "month": "06", "day": "11", "Bombus species": "griseocollis", "julian_day": 163.0, "source": "iNat" }, "geometry": { "type": "Point", "coordinates": [ -111.89302, 40.41738997 ] } },
{ "type": "Feature", "properties": { "year": "2020", "month": "06", "day": "11", "Bombus species": "huntii", "julian_day": 163.0, "source": "iNat" }, "geometry": { "type": "Point", "coordinates": [ -112.6517217, 37.09503167 ] } },
{ "type": "Feature", "properties": { "year": "2020", "month": "06", "day": "11", "Bombus species": "morrisoni", "julian_day": 163.0, "source": "iNat" }, "geometry": { "type": "Point", "coordinates": [ -111.2402583, 38.28807 ] } },
{ "type": "Feature", "properties": { "year": "2020", "month": "06", "day": "13", "Bombus species": "centralis", "julian_day": 165.0, "source": "iNat" }, "geometry": { "type": "Point", "coordinates": [ -112.2372727, 37.47381209 ] } },
{ "type": "Feature", "properties": { "year": "2020", "month": "06", "day": "13", "Bombus species": "fervidus", "julian_day": 165.0, "source": "iNat" }, "geometry": { "type": "Point", "coordinates": [ -111.6305669, 40.24975964 ] } },
{ "type": "Feature", "properties": { "year": "2020", "month": "06", "day": "13", "Bombus species": "flavifrons", "julian_day": 165.0, "source": "iNat" }, "geometry": { "type": "Point", "coordinates": [ -111.650475, 40.71807833 ] } },
{ "type": "Feature", "properties": { "year": "2020", "month": "06", "day": "13", "Bombus species": "griseocollis", "julian_day": 165.0, "source": "iNat" }, "geometry": { "type": "Point", "coordinates": [ -111.8978003, 40.38030963 ] } },
{ "type": "Feature", "properties": { "year": "2020", "month": "06", "day": "13", "Bombus species": "griseocollis", "julian_day": 165.0, "source": "iNat" }, "geometry": { "type": "Point", "coordinates": [ -111.922626, 40.419034 ] } },
{ "type": "Feature", "properties": { "year": "2020", "month": "06", "day": "13", "Bombus species": "huntii", "julian_day": 165.0, "source": "iNat" }, "geometry": { "type": "Point", "coordinates": [ -112.2221459, 37.50460784 ] } },
{ "type": "Feature", "properties": { "year": "2020", "month": "06", "day": "13", "Bombus species": "morrisoni", "julian_day": 165.0, "source": "iNat" }, "geometry": { "type": "Point", "coordinates": [ -113.0528124, 37.68141111 ] } },
{ "type": "Feature", "properties": { "year": "2020", "month": "06", "day": "13", "Bombus species": "nevadensis", "julian_day": 165.0, "source": "iNat" }, "geometry": { "type": "Point", "coordinates": [ -111.910543, 40.432842 ] } },
{ "type": "Feature", "properties": { "year": "2020", "month": "06", "day": "14", "Bombus species": "griseocollis", "julian_day": 166.0, "source": "iNat" }, "geometry": { "type": "Point", "coordinates": [ -111.8265429, 40.64945885 ] } },
{ "type": "Feature", "properties": { "year": "2020", "month": "06", "day": "14", "Bombus species": "huntii", "julian_day": 166.0, "source": "iNat" }, "geometry": { "type": "Point", "coordinates": [ -112.728491, 37.0377339 ] } },
{ "type": "Feature", "properties": { "year": "2020", "month": "06", "day": "14", "Bombus species": "insularis", "julian_day": 166.0, "source": "iNat" }, "geometry": { "type": "Point", "coordinates": [ -111.41607, 40.17108833 ] } },
{ "type": "Feature", "properties": { "year": "2020", "month": "06", "day": "14", "Bombus species": "morrisoni", "julian_day": 166.0, "source": "iNat" }, "geometry": { "type": "Point", "coordinates": [ -112.7287676, 37.03712349 ] } },
{ "type": "Feature", "properties": { "year": "2020", "month": "06", "day": "15", "Bombus species": "griseocollis", "julian_day": 167.0, "source": "iNat" }, "geometry": { "type": "Point", "coordinates": [ -111.8065101, 41.70662527 ] } },
{ "type": "Feature", "properties": { "year": "2020", "month": "06", "day": "15", "Bombus species": "huntii", "julian_day": 167.0, "source": "iNat" }, "geometry": { "type": "Point", "coordinates": [ -112.169572, 37.631433 ] } },
{ "type": "Feature", "properties": { "year": "2020", "month": "06", "day": "16", "Bombus species": "griseocollis", "julian_day": 168.0, "source": "iNat" }, "geometry": { "type": "Point", "coordinates": [ -111.758343, 39.92816297 ] } },
{ "type": "Feature", "properties": { "year": "2020", "month": "06", "day": "16", "Bombus species": "huntii", "julian_day": 168.0, "source": "iNat" }, "geometry": { "type": "Point", "coordinates": [ -111.625855, 40.21611667 ] } },
{ "type": "Feature", "properties": { "year": "2020", "month": "06", "day": "16", "Bombus species": "huntii", "julian_day": 168.0, "source": "iNat" }, "geometry": { "type": "Point", "coordinates": [ -111.8841765, 40.8588284 ] } },
{ "type": "Feature", "properties": { "year": "2020", "month": "06", "day": "16", "Bombus species": "insularis", "julian_day": 168.0, "source": "iNat" }, "geometry": { "type": "Point", "coordinates": [ -111.4990833, 40.55038833 ] } },
{ "type": "Feature", "properties": { "year": "2020", "month": "06", "day": "16", "Bombus species": "nevadensis", "julian_day": 168.0, "source": "iNat" }, "geometry": { "type": "Point", "coordinates": [ -111.805175, 40.75343333 ] } },
{ "type": "Feature", "properties": { "year": "2020", "month": "06", "day": "16", "Bombus species": "vancouverensis/bifarius", "julian_day": 168.0, "source": "iNat" }, "geometry": { "type": "Point", "coordinates": [ -111.6555859, 40.70774273 ] } },
{ "type": "Feature", "properties": { "year": "2020", "month": "06", "day": "17", "Bombus species": "huntii", "julian_day": 169.0, "source": "iNat" }, "geometry": { "type": "Point", "coordinates": [ -110.4753658, 40.7882532 ] } },
{ "type": "Feature", "properties": { "year": "2020", "month": "06", "day": "17", "Bombus species": "vancouverensis/bifarius", "julian_day": 169.0, "source": "iNat" }, "geometry": { "type": "Point", "coordinates": [ -111.340483, 39.744536 ] } },
{ "type": "Feature", "properties": { "year": "2020", "month": "06", "day": "18", "Bombus species": "fervidus", "julian_day": 170.0, "source": "iNat" }, "geometry": { "type": "Point", "coordinates": [ -111.9782846, 40.70108053 ] } },
{ "type": "Feature", "properties": { "year": "2020", "month": "06", "day": "18", "Bombus species": "griseocollis", "julian_day": 170.0, "source": "iNat" }, "geometry": { "type": "Point", "coordinates": [ -111.8693083, 40.51963333 ] } },
{ "type": "Feature", "properties": { "year": "2020", "month": "06", "day": "18", "Bombus species": "insularis", "julian_day": 170.0, "source": "iNat" }, "geometry": { "type": "Point", "coordinates": [ -109.2244, 38.50985 ] } },
{ "type": "Feature", "properties": { "year": "2020", "month": "06", "day": "18", "Bombus species": "morrisoni", "julian_day": 170.0, "source": "iNat" }, "geometry": { "type": "Point", "coordinates": [ -110.850156, 39.399827 ] } },
{ "type": "Feature", "properties": { "year": "2020", "month": "06", "day": "19", "Bombus species": "huntii", "julian_day": 171.0, "source": "iNat" }, "geometry": { "type": "Point", "coordinates": [ -111.889266, 40.41589984 ] } },
{ "type": "Feature", "properties": { "year": "2020", "month": "06", "day": "19", "Bombus species": "nevadensis", "julian_day": 171.0, "source": "iNat" }, "geometry": { "type": "Point", "coordinates": [ -111.8668883, 40.71803667 ] } },
{ "type": "Feature", "properties": { "year": "2020", "month": "06", "day": "20", "Bombus species": "centralis", "julian_day": 172.0, "source": "iNat" }, "geometry": { "type": "Point", "coordinates": [ -111.5704637, 40.63050591 ] } },
{ "type": "Feature", "properties": { "year": "2020", "month": "06", "day": "20", "Bombus species": "griseocollis", "julian_day": 172.0, "source": "iNat" }, "geometry": { "type": "Point", "coordinates": [ -111.6355072, 40.26863812 ] } },
{ "type": "Feature", "properties": { "year": "2020", "month": "06", "day": "20", "Bombus species": "griseocollis", "julian_day": 172.0, "source": "iNat" }, "geometry": { "type": "Point", "coordinates": [ -111.8230366, 40.76772834 ] } },
{ "type": "Feature", "properties": { "year": "2020", "month": "06", "day": "20", "Bombus species": "huntii", "julian_day": 172.0, "source": "iNat" }, "geometry": { "type": "Point", "coordinates": [ -111.6292238, 40.26460723 ] } },
{ "type": "Feature", "properties": { "year": "2020", "month": "06", "day": "20", "Bombus species": "insularis", "julian_day": 172.0, "source": "iNat" }, "geometry": { "type": "Point", "coordinates": [ -111.5668042, 40.62459454 ] } },
{ "type": "Feature", "properties": { "year": "2020", "month": "06", "day": "20", "Bombus species": "morrisoni", "julian_day": 172.0, "source": "iNat" }, "geometry": { "type": "Point", "coordinates": [ -111.240402, 38.288167 ] } },
{ "type": "Feature", "properties": { "year": "2020", "month": "06", "day": "21", "Bombus species": "vancouverensis/bifarius", "julian_day": 173.0, "source": "iNat" }, "geometry": { "type": "Point", "coordinates": [ -111.17105, 40.01365 ] } },
{ "type": "Feature", "properties": { "year": "2020", "month": "06", "day": "21", "Bombus species": "huntii", "julian_day": 173.0, "source": "iNat" }, "geometry": { "type": "Point", "coordinates": [ -111.7603728, 40.2960605 ] } },
{ "type": "Feature", "properties": { "year": "2020", "month": "06", "day": "21", "Bombus species": "insularis", "julian_day": 173.0, "source": "iNat" }, "geometry": { "type": "Point", "coordinates": [ -112.8376567, 37.61288172 ] } },
{ "type": "Feature", "properties": { "year": "2020", "month": "06", "day": "21", "Bombus species": "insularis", "julian_day": 173.0, "source": "iNat" }, "geometry": { "type": "Point", "coordinates": [ -111.65428, 40.39578833 ] } },
{ "type": "Feature", "properties": { "year": "2020", "month": "06", "day": "24", "Bombus species": "huntii", "julian_day": 176.0, "source": "iNat" }, "geometry": { "type": "Point", "coordinates": [ -111.6757806, 40.70618889 ] } },
{ "type": "Feature", "properties": { "year": "2020", "month": "06", "day": "25", "Bombus species": "huntii", "julian_day": 177.0, "source": "iNat" }, "geometry": { "type": "Point", "coordinates": [ -111.909144, 40.32262558 ] } },
{ "type": "Feature", "properties": { "year": "2020", "month": "06", "day": "25", "Bombus species": "nevadensis", "julian_day": 177.0, "source": "iNat" }, "geometry": { "type": "Point", "coordinates": [ -111.7078072, 38.55039159 ] } },
{ "type": "Feature", "properties": { "year": "2020", "month": "06", "day": "25", "Bombus species": "nevadensis", "julian_day": 177.0, "source": "iNat" }, "geometry": { "type": "Point", "coordinates": [ -111.830425, 40.77955278 ] } },
{ "type": "Feature", "properties": { "year": "2020", "month": "06", "day": "26", "Bombus species": "insularis", "julian_day": 178.0, "source": "iNat" }, "geometry": { "type": "Point", "coordinates": [ -111.2826853, 40.6457661 ] } },
{ "type": "Feature", "properties": { "year": "2020", "month": "06", "day": "27", "Bombus species": "vancouverensis/bifarius", "julian_day": 179.0, "source": "iNat" }, "geometry": { "type": "Point", "coordinates": [ -112.8432083, 37.60794167 ] } },
{ "type": "Feature", "properties": { "year": "2020", "month": "06", "day": "27", "Bombus species": "flavifrons", "julian_day": 179.0, "source": "iNat" }, "geometry": { "type": "Point", "coordinates": [ -112.0147674, 41.32829627 ] } },
{ "type": "Feature", "properties": { "year": "2020", "month": "06", "day": "27", "Bombus species": "insularis", "julian_day": 179.0, "source": "iNat" }, "geometry": { "type": "Point", "coordinates": [ -111.183205, 40.63186333 ] } },
{ "type": "Feature", "properties": { "year": "2020", "month": "06", "day": "28", "Bombus species": "huntii", "julian_day": 180.0, "source": "iNat" }, "geometry": { "type": "Point", "coordinates": [ -111.5179801, 40.3266986 ] } },
{ "type": "Feature", "properties": { "year": "2020", "month": "06", "day": "28", "Bombus species": "huntii", "julian_day": 180.0, "source": "iNat" }, "geometry": { "type": "Point", "coordinates": [ -111.8779367, 40.66986817 ] } },
{ "type": "Feature", "properties": { "year": "2020", "month": "06", "day": "28", "Bombus species": "insularis", "julian_day": 180.0, "source": "iNat" }, "geometry": { "type": "Point", "coordinates": [ -111.5179209, 40.32658054 ] } },
{ "type": "Feature", "properties": { "year": "2020", "month": "06", "day": "30", "Bombus species": "fervidus", "julian_day": 182.0, "source": "iNat" }, "geometry": { "type": "Point", "coordinates": [ -111.822406, 39.964035 ] } },
{ "type": "Feature", "properties": { "year": "2020", "month": "07", "day": "01", "Bombus species": "huntii", "julian_day": 183.0, "source": "iNat" }, "geometry": { "type": "Point", "coordinates": [ -111.6542731, 40.24614681 ] } },
{ "type": "Feature", "properties": { "year": "2020", "month": "07", "day": "01", "Bombus species": "insularis", "julian_day": 183.0, "source": "iNat" }, "geometry": { "type": "Point", "coordinates": [ -111.6402791, 40.64300823 ] } },
{ "type": "Feature", "properties": { "year": "2020", "month": "07", "day": "02", "Bombus species": "vancouverensis/bifarius", "julian_day": 184.0, "source": "iNat" }, "geometry": { "type": "Point", "coordinates": [ -112.86508, 37.59260833 ] } },
{ "type": "Feature", "properties": { "year": "2020", "month": "07", "day": "02", "Bombus species": "griseocollis", "julian_day": 184.0, "source": "iNat" }, "geometry": { "type": "Point", "coordinates": [ -111.8171561, 40.7235569 ] } },
{ "type": "Feature", "properties": { "year": "2020", "month": "07", "day": "02", "Bombus species": "griseocollis", "julian_day": 184.0, "source": "iNat" }, "geometry": { "type": "Point", "coordinates": [ -111.8171378, 40.72360247 ] } },
{ "type": "Feature", "properties": { "year": "2020", "month": "07", "day": "03", "Bombus species": "fervidus", "julian_day": 185.0, "source": "iNat" }, "geometry": { "type": "Point", "coordinates": [ -111.9370908, 40.38127449 ] } },
{ "type": "Feature", "properties": { "year": "2020", "month": "07", "day": "03", "Bombus species": "insularis", "julian_day": 185.0, "source": "iNat" }, "geometry": { "type": "Point", "coordinates": [ -112.0147719, 41.32834668 ] } },
{ "type": "Feature", "properties": { "year": "2020", "month": "07", "day": "04", "Bombus species": "fervidus", "julian_day": 186.0, "source": "iNat" }, "geometry": { "type": "Point", "coordinates": [ -111.8433917, 41.67551167 ] } },
{ "type": "Feature", "properties": { "year": "2020", "month": "07", "day": "04", "Bombus species": "griseocollis", "julian_day": 186.0, "source": "iNat" }, "geometry": { "type": "Point", "coordinates": [ -111.8778778, 40.61986111 ] } },
{ "type": "Feature", "properties": { "year": "2020", "month": "07", "day": "04", "Bombus species": "insularis", "julian_day": 186.0, "source": "iNat" }, "geometry": { "type": "Point", "coordinates": [ -111.6757316, 39.95140867 ] } },
{ "type": "Feature", "properties": { "year": "2020", "month": "07", "day": "05", "Bombus species": "huntii", "julian_day": 187.0, "source": "iNat" }, "geometry": { "type": "Point", "coordinates": [ -111.8823511, 40.58562679 ] } },
{ "type": "Feature", "properties": { "year": "2020", "month": "07", "day": "06", "Bombus species": "fervidus", "julian_day": 188.0, "source": "iNat" }, "geometry": { "type": "Point", "coordinates": [ -111.6293908, 40.14559498 ] } },
{ "type": "Feature", "properties": { "year": "2020", "month": "07", "day": "06", "Bombus species": "huntii", "julian_day": 188.0, "source": "iNat" }, "geometry": { "type": "Point", "coordinates": [ -111.8503968, 40.72168421 ] } },
{ "type": "Feature", "properties": { "year": "2020", "month": "07", "day": "06", "Bombus species": "nevadensis", "julian_day": 188.0, "source": "iNat" }, "geometry": { "type": "Point", "coordinates": [ -111.7030466, 40.7544417 ] } },
{ "type": "Feature", "properties": { "year": "2020", "month": "07", "day": "06", "Bombus species": "nevadensis", "julian_day": 188.0, "source": "iNat" }, "geometry": { "type": "Point", "coordinates": [ -111.8512325, 40.77061725 ] } },
{ "type": "Feature", "properties": { "year": "2020", "month": "07", "day": "08", "Bombus species": "fervidus", "julian_day": 190.0, "source": "iNat" }, "geometry": { "type": "Point", "coordinates": [ -111.8677788, 40.70617113 ] } },
{ "type": "Feature", "properties": { "year": "2020", "month": "07", "day": "08", "Bombus species": "huntii", "julian_day": 190.0, "source": "iNat" }, "geometry": { "type": "Point", "coordinates": [ -111.8166573, 40.58006329 ] } },
{ "type": "Feature", "properties": { "year": "2020", "month": "07", "day": "09", "Bombus species": "fervidus", "julian_day": 191.0, "source": "iNat" }, "geometry": { "type": "Point", "coordinates": [ -111.9845106, 40.67982235 ] } },
{ "type": "Feature", "properties": { "year": "2020", "month": "07", "day": "09", "Bombus species": "huntii", "julian_day": 191.0, "source": "iNat" }, "geometry": { "type": "Point", "coordinates": [ -111.8746333, 40.78852 ] } },
{ "type": "Feature", "properties": { "year": "2020", "month": "07", "day": "10", "Bombus species": "griseocollis", "julian_day": 192.0, "source": "iNat" }, "geometry": { "type": "Point", "coordinates": [ -111.8236167, 40.76398 ] } },
{ "type": "Feature", "properties": { "year": "2020", "month": "07", "day": "10", "Bombus species": "huntii", "julian_day": 192.0, "source": "iNat" }, "geometry": { "type": "Point", "coordinates": [ -111.6679754, 41.69804408 ] } },
{ "type": "Feature", "properties": { "year": "2020", "month": "07", "day": "11", "Bombus species": "morrisoni", "julian_day": 193.0, "source": "iNat" }, "geometry": { "type": "Point", "coordinates": [ -112.5427274, 37.02934242 ] } },
{ "type": "Feature", "properties": { "year": "2020", "month": "07", "day": "12", "Bombus species": "huntii", "julian_day": 194.0, "source": "iNat" }, "geometry": { "type": "Point", "coordinates": [ -111.9290839, 40.56863499 ] } },
{ "type": "Feature", "properties": { "year": "2020", "month": "07", "day": "12", "Bombus species": "insularis", "julian_day": 194.0, "source": "iNat" }, "geometry": { "type": "Point", "coordinates": [ -110.9056917, 40.71846167 ] } },
{ "type": "Feature", "properties": { "year": "2020", "month": "07", "day": "12", "Bombus species": "vancouverensis/bifarius", "julian_day": 194.0, "source": "iNat" }, "geometry": { "type": "Point", "coordinates": [ -111.64175, 41.89315556 ] } },
{ "type": "Feature", "properties": { "year": "2020", "month": "07", "day": "14", "Bombus species": "huntii", "julian_day": 196.0, "source": "iNat" }, "geometry": { "type": "Point", "coordinates": [ -109.4125411, 40.90695002 ] } },
{ "type": "Feature", "properties": { "year": "2020", "month": "07", "day": "16", "Bombus species": "fervidus", "julian_day": 198.0, "source": "iNat" }, "geometry": { "type": "Point", "coordinates": [ -109.2392286, 38.48495171 ] } },
{ "type": "Feature", "properties": { "year": "2020", "month": "07", "day": "16", "Bombus species": "griseocollis", "julian_day": 198.0, "source": "iNat" }, "geometry": { "type": "Point", "coordinates": [ -112.0443317, 40.73820333 ] } },
{ "type": "Feature", "properties": { "year": "2020", "month": "07", "day": "16", "Bombus species": "griseocollis", "julian_day": 198.0, "source": "iNat" }, "geometry": { "type": "Point", "coordinates": [ -112.0443233, 40.73821 ] } },
{ "type": "Feature", "properties": { "year": "2020", "month": "07", "day": "16", "Bombus species": "huntii", "julian_day": 198.0, "source": "iNat" }, "geometry": { "type": "Point", "coordinates": [ -112.1635667, 37.63013833 ] } },
{ "type": "Feature", "properties": { "year": "2020", "month": "07", "day": "16", "Bombus species": "huntii", "julian_day": 198.0, "source": "iNat" }, "geometry": { "type": "Point", "coordinates": [ -111.9094681, 40.6635985 ] } },
{ "type": "Feature", "properties": { "year": "2020", "month": "07", "day": "18", "Bombus species": "appositus", "julian_day": 200.0, "source": "iNat" }, "geometry": { "type": "Point", "coordinates": [ -111.7993612, 40.99226009 ] } },
{ "type": "Feature", "properties": { "year": "2020", "month": "07", "day": "19", "Bombus species": "nevadensis", "julian_day": 201.0, "source": "iNat" }, "geometry": { "type": "Point", "coordinates": [ -112.229347, 40.99620697 ] } },
{ "type": "Feature", "properties": { "year": "2020", "month": "07", "day": "20", "Bombus species": "huntii", "julian_day": 202.0, "source": "iNat" }, "geometry": { "type": "Point", "coordinates": [ -111.9961631, 40.6655779 ] } },
{ "type": "Feature", "properties": { "year": "2020", "month": "07", "day": "21", "Bombus species": "griseocollis", "julian_day": 203.0, "source": "iNat" }, "geometry": { "type": "Point", "coordinates": [ -111.8594667, 40.76502 ] } },
{ "type": "Feature", "properties": { "year": "2020", "month": "07", "day": "22", "Bombus species": "fervidus", "julian_day": 204.0, "source": "iNat" }, "geometry": { "type": "Point", "coordinates": [ -111.9230102, 40.69900921 ] } },
{ "type": "Feature", "properties": { "year": "2020", "month": "07", "day": "22", "Bombus species": "flavifrons", "julian_day": 204.0, "source": "iNat" }, "geometry": { "type": "Point", "coordinates": [ -112.8329343, 37.63203159 ] } },
{ "type": "Feature", "properties": { "year": "2020", "month": "07", "day": "22", "Bombus species": "griseocollis", "julian_day": 204.0, "source": "iNat" }, "geometry": { "type": "Point", "coordinates": [ -111.875, 40.74277778 ] } },
{ "type": "Feature", "properties": { "year": "2020", "month": "07", "day": "22", "Bombus species": "huntii", "julian_day": 204.0, "source": "iNat" }, "geometry": { "type": "Point", "coordinates": [ -111.933495, 40.80737 ] } },
{ "type": "Feature", "properties": { "year": "2020", "month": "07", "day": "23", "Bombus species": "huntii", "julian_day": 205.0, "source": "iNat" }, "geometry": { "type": "Point", "coordinates": [ -111.9230102, 40.69900921 ] } },
{ "type": "Feature", "properties": { "year": "2020", "month": "07", "day": "24", "Bombus species": "griseocollis", "julian_day": 206.0, "source": "iNat" }, "geometry": { "type": "Point", "coordinates": [ -111.8758083, 40.74213 ] } },
{ "type": "Feature", "properties": { "year": "2020", "month": "07", "day": "24", "Bombus species": "griseocollis", "julian_day": 206.0, "source": "iNat" }, "geometry": { "type": "Point", "coordinates": [ -111.8751705, 40.74249346 ] } },
{ "type": "Feature", "properties": { "year": "2020", "month": "07", "day": "24", "Bombus species": "griseocollis", "julian_day": 206.0, "source": "iNat" }, "geometry": { "type": "Point", "coordinates": [ -111.8260534, 40.76656813 ] } },
{ "type": "Feature", "properties": { "year": "2020", "month": "07", "day": "24", "Bombus species": "vancouverensis/bifarius", "julian_day": 206.0, "source": "iNat" }, "geometry": { "type": "Point", "coordinates": [ -111.5960667, 40.63673429 ] } },
{ "type": "Feature", "properties": { "year": "2020", "month": "07", "day": "25", "Bombus species": "vancouverensis/bifarius", "julian_day": 207.0, "source": "iNat" }, "geometry": { "type": "Point", "coordinates": [ -112.6255103, 40.48992132 ] } },
{ "type": "Feature", "properties": { "year": "2020", "month": "07", "day": "25", "Bombus species": "centralis", "julian_day": 207.0, "source": "iNat" }, "geometry": { "type": "Point", "coordinates": [ -111.7910713, 41.74965444 ] } },
{ "type": "Feature", "properties": { "year": "2020", "month": "07", "day": "25", "Bombus species": "fervidus", "julian_day": 207.0, "source": "iNat" }, "geometry": { "type": "Point", "coordinates": [ -111.9535048, 41.235215 ] } },
{ "type": "Feature", "properties": { "year": "2020", "month": "07", "day": "25", "Bombus species": "griseocollis", "julian_day": 207.0, "source": "iNat" }, "geometry": { "type": "Point", "coordinates": [ -111.9125831, 40.66321985 ] } },
{ "type": "Feature", "properties": { "year": "2020", "month": "07", "day": "25", "Bombus species": "griseocollis", "julian_day": 207.0, "source": "iNat" }, "geometry": { "type": "Point", "coordinates": [ -111.954706, 41.23542134 ] } },
{ "type": "Feature", "properties": { "year": "2020", "month": "07", "day": "25", "Bombus species": "huntii", "julian_day": 207.0, "source": "iNat" }, "geometry": { "type": "Point", "coordinates": [ -111.9126414, 40.66328195 ] } },
{ "type": "Feature", "properties": { "year": "2020", "month": "07", "day": "25", "Bombus species": "huntii", "julian_day": 207.0, "source": "iNat" }, "geometry": { "type": "Point", "coordinates": [ -111.9535048, 41.235215 ] } },
{ "type": "Feature", "properties": { "year": "2020", "month": "07", "day": "25", "Bombus species": "nevadensis", "julian_day": 207.0, "source": "iNat" }, "geometry": { "type": "Point", "coordinates": [ -111.2295538, 40.34111822 ] } },
{ "type": "Feature", "properties": { "year": "2020", "month": "07", "day": "25", "Bombus species": "sonorus", "julian_day": 207.0, "source": "iNat" }, "geometry": { "type": "Point", "coordinates": [ -113.6651917, 37.15025833 ] } },
{ "type": "Feature", "properties": { "year": "2020", "month": "07", "day": "26", "Bombus species": "centralis", "julian_day": 208.0, "source": "iNat" }, "geometry": { "type": "Point", "coordinates": [ -111.560638, 40.71072566 ] } },
{ "type": "Feature", "properties": { "year": "2020", "month": "07", "day": "26", "Bombus species": "fervidus", "julian_day": 208.0, "source": "iNat" }, "geometry": { "type": "Point", "coordinates": [ -111.9191692, 40.74954631 ] } },
{ "type": "Feature", "properties": { "year": "2020", "month": "07", "day": "26", "Bombus species": "griseocollis", "julian_day": 208.0, "source": "iNat" }, "geometry": { "type": "Point", "coordinates": [ -111.8228054, 40.76335502 ] } },
{ "type": "Feature", "properties": { "year": "2020", "month": "07", "day": "26", "Bombus species": "huntii", "julian_day": 208.0, "source": "iNat" }, "geometry": { "type": "Point", "coordinates": [ -111.8470111, 40.73952737 ] } },
{ "type": "Feature", "properties": { "year": "2020", "month": "07", "day": "26", "Bombus species": "morrisoni", "julian_day": 208.0, "source": "iNat" }, "geometry": { "type": "Point", "coordinates": [ -111.8723667, 40.78894167 ] } },
{ "type": "Feature", "properties": { "year": "2020", "month": "07", "day": "28", "Bombus species": "griseocollis", "julian_day": 210.0, "source": "iNat" }, "geometry": { "type": "Point", "coordinates": [ -111.8653511, 40.70443945 ] } },
{ "type": "Feature", "properties": { "year": "2020", "month": "07", "day": "28", "Bombus species": "huntii", "julian_day": 210.0, "source": "iNat" }, "geometry": { "type": "Point", "coordinates": [ -111.8495852, 40.38868475 ] } },
{ "type": "Feature", "properties": { "year": "2020", "month": "07", "day": "28", "Bombus species": "morrisoni", "julian_day": 210.0, "source": "iNat" }, "geometry": { "type": "Point", "coordinates": [ -111.1944468, 38.20862517 ] } },
{ "type": "Feature", "properties": { "year": "2020", "month": "07", "day": "29", "Bombus species": "griseocollis", "julian_day": 211.0, "source": "iNat" }, "geometry": { "type": "Point", "coordinates": [ -111.826587, 40.76592756 ] } },
{ "type": "Feature", "properties": { "year": "2020", "month": "07", "day": "29", "Bombus species": "griseocollis", "julian_day": 211.0, "source": "iNat" }, "geometry": { "type": "Point", "coordinates": [ -111.826514, 40.76597182 ] } },
{ "type": "Feature", "properties": { "year": "2020", "month": "07", "day": "29", "Bombus species": "huntii", "julian_day": 211.0, "source": "iNat" }, "geometry": { "type": "Point", "coordinates": [ -111.9249639, 40.64912063 ] } },
{ "type": "Feature", "properties": { "year": "2020", "month": "07", "day": "29", "Bombus species": "huntii", "julian_day": 211.0, "source": "iNat" }, "geometry": { "type": "Point", "coordinates": [ -111.9260333, 40.65137167 ] } },
{ "type": "Feature", "properties": { "year": "2020", "month": "07", "day": "29", "Bombus species": "huntii", "julian_day": 211.0, "source": "iNat" }, "geometry": { "type": "Point", "coordinates": [ -111.8241457, 40.76386778 ] } },
{ "type": "Feature", "properties": { "year": "2020", "month": "07", "day": "30", "Bombus species": "vancouverensis/bifarius", "julian_day": 212.0, "source": "iNat" }, "geometry": { "type": "Point", "coordinates": [ -111.4686167, 41.69207778 ] } },
{ "type": "Feature", "properties": { "year": "2020", "month": "07", "day": "30", "Bombus species": "fervidus", "julian_day": 212.0, "source": "iNat" }, "geometry": { "type": "Point", "coordinates": [ -112.0067562, 40.62252435 ] } },
{ "type": "Feature", "properties": { "year": "2020", "month": "07", "day": "30", "Bombus species": "huntii", "julian_day": 212.0, "source": "iNat" }, "geometry": { "type": "Point", "coordinates": [ -111.9102778, 40.50472222 ] } },
{ "type": "Feature", "properties": { "year": "2020", "month": "07", "day": "30", "Bombus species": "nevadensis", "julian_day": 212.0, "source": "iNat" }, "geometry": { "type": "Point", "coordinates": [ -111.4937722, 41.69155833 ] } },
{ "type": "Feature", "properties": { "year": "2020", "month": "07", "day": "31", "Bombus species": "griseocollis", "julian_day": 213.0, "source": "iNat" }, "geometry": { "type": "Point", "coordinates": [ -111.8271474, 40.76635552 ] } },
{ "type": "Feature", "properties": { "year": "2020", "month": "07", "day": "31", "Bombus species": "huntii", "julian_day": 213.0, "source": "iNat" }, "geometry": { "type": "Point", "coordinates": [ -112.0069813, 40.62473091 ] } },
{ "type": "Feature", "properties": { "year": "2020", "month": "07", "day": "31", "Bombus species": "morrisoni", "julian_day": 213.0, "source": "iNat" }, "geometry": { "type": "Point", "coordinates": [ -109.2520578, 38.41948266 ] } },
{ "type": "Feature", "properties": { "year": "2020", "month": "08", "day": "01", "Bombus species": "fervidus", "julian_day": 214.0, "source": "iNat" }, "geometry": { "type": "Point", "coordinates": [ -111.8676153, 40.70619561 ] } },
{ "type": "Feature", "properties": { "year": "2020", "month": "08", "day": "01", "Bombus species": "huntii", "julian_day": 214.0, "source": "iNat" }, "geometry": { "type": "Point", "coordinates": [ -111.5901689, 40.58316564 ] } },
{ "type": "Feature", "properties": { "year": "2020", "month": "08", "day": "01", "Bombus species": "huntii", "julian_day": 214.0, "source": "iNat" }, "geometry": { "type": "Point", "coordinates": [ -111.8711111, 40.80277778 ] } },
{ "type": "Feature", "properties": { "year": "2020", "month": "08", "day": "02", "Bombus species": "fervidus", "julian_day": 215.0, "source": "iNat" }, "geometry": { "type": "Point", "coordinates": [ -111.9918325, 40.65397438 ] } },
{ "type": "Feature", "properties": { "year": "2020", "month": "08", "day": "02", "Bombus species": "huntii", "julian_day": 215.0, "source": "iNat" }, "geometry": { "type": "Point", "coordinates": [ -111.8709633, 40.72640333 ] } },
{ "type": "Feature", "properties": { "year": "2020", "month": "08", "day": "03", "Bombus species": "griseocollis", "julian_day": 216.0, "source": "iNat" }, "geometry": { "type": "Point", "coordinates": [ -111.8468424, 40.74004627 ] } },
{ "type": "Feature", "properties": { "year": "2020", "month": "08", "day": "03", "Bombus species": "griseocollis", "julian_day": 216.0, "source": "iNat" }, "geometry": { "type": "Point", "coordinates": [ -111.7801, 41.76840556 ] } },
{ "type": "Feature", "properties": { "year": "2020", "month": "08", "day": "03", "Bombus species": "griseocollis", "julian_day": 216.0, "source": "iNat" }, "geometry": { "type": "Point", "coordinates": [ -111.7801, 41.76840556 ] } },
{ "type": "Feature", "properties": { "year": "2020", "month": "08", "day": "03", "Bombus species": "griseocollis", "julian_day": 216.0, "source": "iNat" }, "geometry": { "type": "Point", "coordinates": [ -111.7801, 41.76840556 ] } },
{ "type": "Feature", "properties": { "year": "2020", "month": "08", "day": "03", "Bombus species": "griseocollis", "julian_day": 216.0, "source": "iNat" }, "geometry": { "type": "Point", "coordinates": [ -111.7793556, 41.76845556 ] } },
{ "type": "Feature", "properties": { "year": "2020", "month": "08", "day": "03", "Bombus species": "griseocollis", "julian_day": 216.0, "source": "iNat" }, "geometry": { "type": "Point", "coordinates": [ -111.7793556, 41.76845556 ] } },
{ "type": "Feature", "properties": { "year": "2020", "month": "08", "day": "03", "Bombus species": "huntii", "julian_day": 216.0, "source": "iNat" }, "geometry": { "type": "Point", "coordinates": [ -111.9179748, 40.62760084 ] } },
{ "type": "Feature", "properties": { "year": "2020", "month": "08", "day": "04", "Bombus species": "griseocollis", "julian_day": 217.0, "source": "iNat" }, "geometry": { "type": "Point", "coordinates": [ -111.864063, 40.72054817 ] } },
{ "type": "Feature", "properties": { "year": "2020", "month": "08", "day": "04", "Bombus species": "huntii", "julian_day": 217.0, "source": "iNat" }, "geometry": { "type": "Point", "coordinates": [ -112.0276641, 40.68280207 ] } },
{ "type": "Feature", "properties": { "year": "2020", "month": "08", "day": "04", "Bombus species": "huntii", "julian_day": 217.0, "source": "iNat" }, "geometry": { "type": "Point", "coordinates": [ -111.8848356, 40.77666989 ] } },
{ "type": "Feature", "properties": { "year": "2020", "month": "08", "day": "05", "Bombus species": "griseocollis", "julian_day": 218.0, "source": "iNat" }, "geometry": { "type": "Point", "coordinates": [ -111.878921, 40.6516555 ] } },
{ "type": "Feature", "properties": { "year": "2020", "month": "08", "day": "05", "Bombus species": "griseocollis", "julian_day": 218.0, "source": "iNat" }, "geometry": { "type": "Point", "coordinates": [ -111.8690117, 40.77732833 ] } },
{ "type": "Feature", "properties": { "year": "2020", "month": "08", "day": "05", "Bombus species": "huntii", "julian_day": 218.0, "source": "iNat" }, "geometry": { "type": "Point", "coordinates": [ -111.8725667, 40.78908 ] } },
{ "type": "Feature", "properties": { "year": "2020", "month": "08", "day": "05", "Bombus species": "morrisoni", "julian_day": 218.0, "source": "iNat" }, "geometry": { "type": "Point", "coordinates": [ -109.4569783, 38.41796167 ] } },
{ "type": "Feature", "properties": { "year": "2020", "month": "08", "day": "06", "Bombus species": "fervidus", "julian_day": 219.0, "source": "iNat" }, "geometry": { "type": "Point", "coordinates": [ -111.883597, 40.75078742 ] } },
{ "type": "Feature", "properties": { "year": "2020", "month": "08", "day": "06", "Bombus species": "huntii", "julian_day": 219.0, "source": "iNat" }, "geometry": { "type": "Point", "coordinates": [ -111.9227778, 40.69861111 ] } },
{ "type": "Feature", "properties": { "year": "2020", "month": "08", "day": "06", "Bombus species": "huntii", "julian_day": 219.0, "source": "iNat" }, "geometry": { "type": "Point", "coordinates": [ -111.871895, 40.77532 ] } },
{ "type": "Feature", "properties": { "year": "2020", "month": "08", "day": "06", "Bombus species": "kirbiellus", "julian_day": 219.0, "source": "iNat" }, "geometry": { "type": "Point", "coordinates": [ -109.232482, 38.44036451 ] } },
{ "type": "Feature", "properties": { "year": "2020", "month": "08", "day": "08", "Bombus species": "huntii", "julian_day": 221.0, "source": "iNat" }, "geometry": { "type": "Point", "coordinates": [ -111.7790494, 40.4411792 ] } },
{ "type": "Feature", "properties": { "year": "2020", "month": "08", "day": "09", "Bombus species": "appositus", "julian_day": 222.0, "source": "iNat" }, "geometry": { "type": "Point", "coordinates": [ -110.9309899, 39.69826929 ] } },
{ "type": "Feature", "properties": { "year": "2020", "month": "08", "day": "10", "Bombus species": "appositus", "julian_day": 223.0, "source": "iNat" }, "geometry": { "type": "Point", "coordinates": [ -111.465656, 39.31363775 ] } },
{ "type": "Feature", "properties": { "year": "2020", "month": "08", "day": "10", "Bombus species": "vancouverensis/bifarius", "julian_day": 223.0, "source": "iNat" }, "geometry": { "type": "Point", "coordinates": [ -111.4995421, 39.32649578 ] } },
{ "type": "Feature", "properties": { "year": "2020", "month": "08", "day": "10", "Bombus species": "centralis", "julian_day": 223.0, "source": "iNat" }, "geometry": { "type": "Point", "coordinates": [ -111.466167, 39.31379702 ] } },
{ "type": "Feature", "properties": { "year": "2020", "month": "08", "day": "10", "Bombus species": "fervidus", "julian_day": 223.0, "source": "iNat" }, "geometry": { "type": "Point", "coordinates": [ -111.8631367, 40.752075 ] } },
{ "type": "Feature", "properties": { "year": "2020", "month": "08", "day": "10", "Bombus species": "griseocollis", "julian_day": 223.0, "source": "iNat" }, "geometry": { "type": "Point", "coordinates": [ -111.82264, 40.76404653 ] } },
{ "type": "Feature", "properties": { "year": "2020", "month": "08", "day": "10", "Bombus species": "huntii", "julian_day": 223.0, "source": "iNat" }, "geometry": { "type": "Point", "coordinates": [ -111.6831369, 40.26387589 ] } },
{ "type": "Feature", "properties": { "year": "2020", "month": "08", "day": "10", "Bombus species": "huntii", "julian_day": 223.0, "source": "iNat" }, "geometry": { "type": "Point", "coordinates": [ -111.9229569, 40.6990237 ] } },
{ "type": "Feature", "properties": { "year": "2020", "month": "08", "day": "11", "Bombus species": "griseocollis", "julian_day": 224.0, "source": "iNat" }, "geometry": { "type": "Point", "coordinates": [ -111.688545, 40.33024667 ] } },
{ "type": "Feature", "properties": { "year": "2020", "month": "08", "day": "11", "Bombus species": "griseocollis", "julian_day": 224.0, "source": "iNat" }, "geometry": { "type": "Point", "coordinates": [ -111.9728783, 41.16 ] } },
{ "type": "Feature", "properties": { "year": "2020", "month": "08", "day": "11", "Bombus species": "huntii", "julian_day": 224.0, "source": "iNat" }, "geometry": { "type": "Point", "coordinates": [ -111.5412217, 40.71810333 ] } },
{ "type": "Feature", "properties": { "year": "2020", "month": "08", "day": "12", "Bombus species": "griseocollis", "julian_day": 225.0, "source": "iNat" }, "geometry": { "type": "Point", "coordinates": [ -112.0374694, 40.43947778 ] } },
{ "type": "Feature", "properties": { "year": "2020", "month": "08", "day": "12", "Bombus species": "griseocollis", "julian_day": 225.0, "source": "iNat" }, "geometry": { "type": "Point", "coordinates": [ -111.85105, 40.77058833 ] } },
{ "type": "Feature", "properties": { "year": "2020", "month": "08", "day": "13", "Bombus species": "flavifrons", "julian_day": 226.0, "source": "iNat" }, "geometry": { "type": "Point", "coordinates": [ -111.5870528, 40.58982222 ] } },
{ "type": "Feature", "properties": { "year": "2020", "month": "08", "day": "13", "Bombus species": "huntii", "julian_day": 226.0, "source": "iNat" }, "geometry": { "type": "Point", "coordinates": [ -111.8556875, 40.71282265 ] } },
{ "type": "Feature", "properties": { "year": "2020", "month": "08", "day": "13", "Bombus species": "insularis", "julian_day": 226.0, "source": "iNat" }, "geometry": { "type": "Point", "coordinates": [ -111.548645, 40.71913667 ] } },
{ "type": "Feature", "properties": { "year": "2020", "month": "08", "day": "14", "Bombus species": "huntii", "julian_day": 227.0, "source": "iNat" }, "geometry": { "type": "Point", "coordinates": [ -109.358677, 37.85579589 ] } },
{ "type": "Feature", "properties": { "year": "2020", "month": "08", "day": "14", "Bombus species": "huntii", "julian_day": 227.0, "source": "iNat" }, "geometry": { "type": "Point", "coordinates": [ -111.731938, 40.3652736 ] } },
{ "type": "Feature", "properties": { "year": "2020", "month": "08", "day": "14", "Bombus species": "huntii", "julian_day": 227.0, "source": "iNat" }, "geometry": { "type": "Point", "coordinates": [ -111.8242443, 40.76432451 ] } },
{ "type": "Feature", "properties": { "year": "2020", "month": "08", "day": "14", "Bombus species": "huntii", "julian_day": 227.0, "source": "iNat" }, "geometry": { "type": "Point", "coordinates": [ -111.8242154, 40.76433658 ] } },
{ "type": "Feature", "properties": { "year": "2020", "month": "08", "day": "14", "Bombus species": "nevadensis", "julian_day": 227.0, "source": "iNat" }, "geometry": { "type": "Point", "coordinates": [ -111.4452666, 39.13933151 ] } },
{ "type": "Feature", "properties": { "year": "2020", "month": "08", "day": "15", "Bombus species": "fervidus", "julian_day": 228.0, "source": "iNat" }, "geometry": { "type": "Point", "coordinates": [ -109.2670789, 38.38423926 ] } },
{ "type": "Feature", "properties": { "year": "2020", "month": "08", "day": "15", "Bombus species": "huntii", "julian_day": 228.0, "source": "iNat" }, "geometry": { "type": "Point", "coordinates": [ -111.8094237, 40.71026371 ] } },
{ "type": "Feature", "properties": { "year": "2020", "month": "08", "day": "16", "Bombus species": "appositus", "julian_day": 229.0, "source": "iNat" }, "geometry": { "type": "Point", "coordinates": [ -111.4840748, 41.4773578 ] } },
{ "type": "Feature", "properties": { "year": "2020", "month": "08", "day": "16", "Bombus species": "appositus", "julian_day": 229.0, "source": "iNat" }, "geometry": { "type": "Point", "coordinates": [ -111.4840748, 41.4773578 ] } },
{ "type": "Feature", "properties": { "year": "2020", "month": "08", "day": "16", "Bombus species": "griseocollis", "julian_day": 229.0, "source": "iNat" }, "geometry": { "type": "Point", "coordinates": [ -111.8238359, 40.76547442 ] } },
{ "type": "Feature", "properties": { "year": "2020", "month": "08", "day": "16", "Bombus species": "huntii", "julian_day": 229.0, "source": "iNat" }, "geometry": { "type": "Point", "coordinates": [ -111.731842, 40.63080897 ] } },
{ "type": "Feature", "properties": { "year": "2020", "month": "08", "day": "16", "Bombus species": "huntii", "julian_day": 229.0, "source": "iNat" }, "geometry": { "type": "Point", "coordinates": [ -112.0221323, 40.63231498 ] } },
{ "type": "Feature", "properties": { "year": "2020", "month": "08", "day": "16", "Bombus species": "morrisoni", "julian_day": 229.0, "source": "iNat" }, "geometry": { "type": "Point", "coordinates": [ -109.1703101, 38.35746358 ] } },
{ "type": "Feature", "properties": { "year": "2020", "month": "08", "day": "17", "Bombus species": "griseocollis", "julian_day": 230.0, "source": "iNat" }, "geometry": { "type": "Point", "coordinates": [ -111.8603305, 40.72180058 ] } },
{ "type": "Feature", "properties": { "year": "2020", "month": "08", "day": "17", "Bombus species": "griseocollis", "julian_day": 230.0, "source": "iNat" }, "geometry": { "type": "Point", "coordinates": [ -112.2105556, 40.73361111 ] } },
{ "type": "Feature", "properties": { "year": "2020", "month": "08", "day": "17", "Bombus species": "huntii", "julian_day": 230.0, "source": "iNat" }, "geometry": { "type": "Point", "coordinates": [ -111.9574917, 40.35989824 ] } },
{ "type": "Feature", "properties": { "year": "2020", "month": "08", "day": "18", "Bombus species": "griseocollis", "julian_day": 231.0, "source": "iNat" }, "geometry": { "type": "Point", "coordinates": [ -111.8237083, 40.76603333 ] } },
{ "type": "Feature", "properties": { "year": "2020", "month": "08", "day": "18", "Bombus species": "griseocollis", "julian_day": 231.0, "source": "iNat" }, "geometry": { "type": "Point", "coordinates": [ -111.8232278, 40.76776111 ] } },
{ "type": "Feature", "properties": { "year": "2020", "month": "08", "day": "18", "Bombus species": "huntii", "julian_day": 231.0, "source": "iNat" }, "geometry": { "type": "Point", "coordinates": [ -111.8243028, 40.76696667 ] } },
{ "type": "Feature", "properties": { "year": "2020", "month": "08", "day": "20", "Bombus species": "appositus", "julian_day": 233.0, "source": "iNat" }, "geometry": { "type": "Point", "coordinates": [ -111.6182167, 40.58123 ] } },
{ "type": "Feature", "properties": { "year": "2020", "month": "08", "day": "20", "Bombus species": "centralis", "julian_day": 233.0, "source": "iNat" }, "geometry": { "type": "Point", "coordinates": [ -110.8873353, 40.70114903 ] } },
{ "type": "Feature", "properties": { "year": "2020", "month": "08", "day": "20", "Bombus species": "centralis", "julian_day": 233.0, "source": "iNat" }, "geometry": { "type": "Point", "coordinates": [ -110.888108, 40.70747594 ] } },
{ "type": "Feature", "properties": { "year": "2020", "month": "08", "day": "20", "Bombus species": "griseocollis", "julian_day": 233.0, "source": "iNat" }, "geometry": { "type": "Point", "coordinates": [ -111.8581452, 40.7615001 ] } },
{ "type": "Feature", "properties": { "year": "2020", "month": "08", "day": "20", "Bombus species": "huntii", "julian_day": 233.0, "source": "iNat" }, "geometry": { "type": "Point", "coordinates": [ -110.887342, 40.70114394 ] } },
{ "type": "Feature", "properties": { "year": "2020", "month": "08", "day": "20", "Bombus species": "huntii", "julian_day": 233.0, "source": "iNat" }, "geometry": { "type": "Point", "coordinates": [ -110.8873286, 40.70114496 ] } },
{ "type": "Feature", "properties": { "year": "2020", "month": "08", "day": "20", "Bombus species": "huntii", "julian_day": 233.0, "source": "iNat" }, "geometry": { "type": "Point", "coordinates": [ -110.8873367, 40.70114598 ] } },
{ "type": "Feature", "properties": { "year": "2020", "month": "08", "day": "21", "Bombus species": "griseocollis", "julian_day": 234.0, "source": "iNat" }, "geometry": { "type": "Point", "coordinates": [ -111.9574582, 40.36016368 ] } },
{ "type": "Feature", "properties": { "year": "2020", "month": "08", "day": "21", "Bombus species": "huntii", "julian_day": 234.0, "source": "iNat" }, "geometry": { "type": "Point", "coordinates": [ -111.8707117, 40.361595 ] } },
{ "type": "Feature", "properties": { "year": "2020", "month": "08", "day": "21", "Bombus species": "huntii", "julian_day": 234.0, "source": "iNat" }, "geometry": { "type": "Point", "coordinates": [ -111.87227, 40.78910833 ] } },
{ "type": "Feature", "properties": { "year": "2020", "month": "08", "day": "21", "Bombus species": "morrisoni", "julian_day": 234.0, "source": "iNat" }, "geometry": { "type": "Point", "coordinates": [ -111.6364361, 40.28782515 ] } },
{ "type": "Feature", "properties": { "year": "2020", "month": "08", "day": "22", "Bombus species": "griseocollis", "julian_day": 235.0, "source": "iNat" }, "geometry": { "type": "Point", "coordinates": [ -111.8609475, 40.76512446 ] } },
{ "type": "Feature", "properties": { "year": "2020", "month": "08", "day": "22", "Bombus species": "rufocinctus", "julian_day": 235.0, "source": "iNat" }, "geometry": { "type": "Point", "coordinates": [ -111.6447398, 41.89605267 ] } },
{ "type": "Feature", "properties": { "year": "2020", "month": "08", "day": "23", "Bombus species": "appositus", "julian_day": 236.0, "source": "iNat" }, "geometry": { "type": "Point", "coordinates": [ -111.627154, 40.59190415 ] } },
{ "type": "Feature", "properties": { "year": "2020", "month": "08", "day": "23", "Bombus species": "appositus", "julian_day": 236.0, "source": "iNat" }, "geometry": { "type": "Point", "coordinates": [ -111.6293979, 40.59239204 ] } },
{ "type": "Feature", "properties": { "year": "2020", "month": "08", "day": "23", "Bombus species": "appositus", "julian_day": 236.0, "source": "iNat" }, "geometry": { "type": "Point", "coordinates": [ -111.8568913, 41.30125869 ] } },
{ "type": "Feature", "properties": { "year": "2020", "month": "08", "day": "23", "Bombus species": "fervidus", "julian_day": 236.0, "source": "iNat" }, "geometry": { "type": "Point", "coordinates": [ -111.8224333, 40.76352 ] } },
{ "type": "Feature", "properties": { "year": "2020", "month": "08", "day": "23", "Bombus species": "griseocollis", "julian_day": 236.0, "source": "iNat" }, "geometry": { "type": "Point", "coordinates": [ -111.8235033, 40.76406333 ] } },
{ "type": "Feature", "properties": { "year": "2020", "month": "08", "day": "23", "Bombus species": "griseocollis", "julian_day": 236.0, "source": "iNat" }, "geometry": { "type": "Point", "coordinates": [ -112.0279236, 41.12021255 ] } },
{ "type": "Feature", "properties": { "year": "2020", "month": "08", "day": "23", "Bombus species": "huntii", "julian_day": 236.0, "source": "iNat" }, "geometry": { "type": "Point", "coordinates": [ -111.822625, 40.76342 ] } },
{ "type": "Feature", "properties": { "year": "2020", "month": "08", "day": "23", "Bombus species": "huntii", "julian_day": 236.0, "source": "iNat" }, "geometry": { "type": "Point", "coordinates": [ -111.8230367, 40.76373667 ] } },
{ "type": "Feature", "properties": { "year": "2020", "month": "08", "day": "23", "Bombus species": "huntii", "julian_day": 236.0, "source": "iNat" }, "geometry": { "type": "Point", "coordinates": [ -111.8234135, 40.76403503 ] } },
{ "type": "Feature", "properties": { "year": "2020", "month": "08", "day": "24", "Bombus species": "fervidus", "julian_day": 237.0, "source": "iNat" }, "geometry": { "type": "Point", "coordinates": [ -112.021845, 40.479891 ] } },
{ "type": "Feature", "properties": { "year": "2020", "month": "08", "day": "24", "Bombus species": "griseocollis", "julian_day": 237.0, "source": "iNat" }, "geometry": { "type": "Point", "coordinates": [ -111.9083675, 41.0911029 ] } },
{ "type": "Feature", "properties": { "year": "2020", "month": "08", "day": "24", "Bombus species": "griseocollis", "julian_day": 237.0, "source": "iNat" }, "geometry": { "type": "Point", "coordinates": [ -111.9083822, 41.0911072 ] } },
{ "type": "Feature", "properties": { "year": "2020", "month": "08", "day": "24", "Bombus species": "huntii", "julian_day": 237.0, "source": "iNat" }, "geometry": { "type": "Point", "coordinates": [ -112.7129583, 37.0534945 ] } },
{ "type": "Feature", "properties": { "year": "2020", "month": "08", "day": "24", "Bombus species": "huntii", "julian_day": 237.0, "source": "iNat" }, "geometry": { "type": "Point", "coordinates": [ -112.1375125, 40.46727587 ] } },
{ "type": "Feature", "properties": { "year": "2020", "month": "08", "day": "25", "Bombus species": "centralis", "julian_day": 238.0, "source": "iNat" }, "geometry": { "type": "Point", "coordinates": [ -111.8252808, 41.83171415 ] } },
{ "type": "Feature", "properties": { "year": "2020", "month": "08", "day": "26", "Bombus species": "appositus", "julian_day": 239.0, "source": "iNat" }, "geometry": { "type": "Point", "coordinates": [ -111.774688, 41.9207856 ] } },
{ "type": "Feature", "properties": { "year": "2020", "month": "08", "day": "26", "Bombus species": "appositus", "julian_day": 239.0, "source": "iNat" }, "geometry": { "type": "Point", "coordinates": [ -111.6562397, 41.92506082 ] } },
{ "type": "Feature", "properties": { "year": "2020", "month": "08", "day": "26", "Bombus species": "vancouverensis/bifarius", "julian_day": 239.0, "source": "iNat" }, "geometry": { "type": "Point", "coordinates": [ -111.4864444, 41.735815 ] } },
{ "type": "Feature", "properties": { "year": "2020", "month": "08", "day": "27", "Bombus species": "griseocollis", "julian_day": 240.0, "source": "iNat" }, "geometry": { "type": "Point", "coordinates": [ -111.9099178, 40.66620974 ] } },
{ "type": "Feature", "properties": { "year": "2020", "month": "08", "day": "28", "Bombus species": "appositus", "julian_day": 241.0, "source": "iNat" }, "geometry": { "type": "Point", "coordinates": [ -111.5992974, 40.63759119 ] } },
{ "type": "Feature", "properties": { "year": "2020", "month": "08", "day": "28", "Bombus species": "griseocollis", "julian_day": 241.0, "source": "iNat" }, "geometry": { "type": "Point", "coordinates": [ -111.8687919, 40.5355037 ] } },
{ "type": "Feature", "properties": { "year": "2020", "month": "08", "day": "28", "Bombus species": "griseocollis", "julian_day": 241.0, "source": "iNat" }, "geometry": { "type": "Point", "coordinates": [ -111.8573787, 40.75500669 ] } },
{ "type": "Feature", "properties": { "year": "2020", "month": "08", "day": "29", "Bombus species": "insularis", "julian_day": 242.0, "source": "iNat" }, "geometry": { "type": "Point", "coordinates": [ -111.6277054, 40.68500146 ] } },
{ "type": "Feature", "properties": { "year": "2020", "month": "08", "day": "30", "Bombus species": "huntii", "julian_day": 243.0, "source": "iNat" }, "geometry": { "type": "Point", "coordinates": [ -112.536545, 37.49295 ] } },
{ "type": "Feature", "properties": { "year": "2020", "month": "08", "day": "30", "Bombus species": "huntii", "julian_day": 243.0, "source": "iNat" }, "geometry": { "type": "Point", "coordinates": [ -111.8380667, 40.74828667 ] } },
{ "type": "Feature", "properties": { "year": "2020", "month": "08", "day": "31", "Bombus species": "huntii", "julian_day": 244.0, "source": "iNat" }, "geometry": { "type": "Point", "coordinates": [ -112.7055884, 37.06766548 ] } },
{ "type": "Feature", "properties": { "year": "2020", "month": "08", "day": "31", "Bombus species": "morrisoni", "julian_day": 244.0, "source": "iNat" }, "geometry": { "type": "Point", "coordinates": [ -111.8841867, 40.43438 ] } },
{ "type": "Feature", "properties": { "year": "2020", "month": "08", "day": "31", "Bombus species": "nevadensis", "julian_day": 244.0, "source": "iNat" }, "geometry": { "type": "Point", "coordinates": [ -111.8487345, 40.76329969 ] } },
{ "type": "Feature", "properties": { "year": "2020", "month": "09", "day": "01", "Bombus species": "griseocollis", "julian_day": 245.0, "source": "iNat" }, "geometry": { "type": "Point", "coordinates": [ -111.8621362, 40.75034756 ] } },
{ "type": "Feature", "properties": { "year": "2020", "month": "09", "day": "02", "Bombus species": "griseocollis", "julian_day": 246.0, "source": "iNat" }, "geometry": { "type": "Point", "coordinates": [ -111.8622873, 40.75002006 ] } },
{ "type": "Feature", "properties": { "year": "2020", "month": "09", "day": "02", "Bombus species": "huntii", "julian_day": 246.0, "source": "iNat" }, "geometry": { "type": "Point", "coordinates": [ -111.8338366, 40.52232214 ] } },
{ "type": "Feature", "properties": { "year": "2020", "month": "09", "day": "03", "Bombus species": "griseocollis", "julian_day": 247.0, "source": "iNat" }, "geometry": { "type": "Point", "coordinates": [ -111.8991724, 40.60551767 ] } },
{ "type": "Feature", "properties": { "year": "2020", "month": "09", "day": "03", "Bombus species": "huntii", "julian_day": 247.0, "source": "iNat" }, "geometry": { "type": "Point", "coordinates": [ -111.9577428, 40.63444683 ] } },
{ "type": "Feature", "properties": { "year": "2020", "month": "09", "day": "03", "Bombus species": "huntii", "julian_day": 247.0, "source": "iNat" }, "geometry": { "type": "Point", "coordinates": [ -111.8789115, 40.651539 ] } },
{ "type": "Feature", "properties": { "year": "2020", "month": "09", "day": "04", "Bombus species": "griseocollis", "julian_day": 248.0, "source": "iNat" }, "geometry": { "type": "Point", "coordinates": [ -111.8436716, 40.66919036 ] } },
{ "type": "Feature", "properties": { "year": "2020", "month": "09", "day": "04", "Bombus species": "huntii", "julian_day": 248.0, "source": "iNat" }, "geometry": { "type": "Point", "coordinates": [ -111.8707117, 40.361595 ] } },
{ "type": "Feature", "properties": { "year": "2020", "month": "09", "day": "10", "Bombus species": "appositus", "julian_day": 254.0, "source": "iNat" }, "geometry": { "type": "Point", "coordinates": [ -112.2105984, 40.73371819 ] } },
{ "type": "Feature", "properties": { "year": "2020", "month": "09", "day": "10", "Bombus species": "huntii", "julian_day": 254.0, "source": "iNat" }, "geometry": { "type": "Point", "coordinates": [ -111.727936, 40.04228723 ] } },
{ "type": "Feature", "properties": { "year": "2020", "month": "09", "day": "12", "Bombus species": "griseocollis", "julian_day": 256.0, "source": "iNat" }, "geometry": { "type": "Point", "coordinates": [ -111.8238362, 40.76547265 ] } },
{ "type": "Feature", "properties": { "year": "2020", "month": "09", "day": "12", "Bombus species": "griseocollis", "julian_day": 256.0, "source": "iNat" }, "geometry": { "type": "Point", "coordinates": [ -111.8274434, 41.63074626 ] } },
{ "type": "Feature", "properties": { "year": "2020", "month": "09", "day": "12", "Bombus species": "griseocollis", "julian_day": 256.0, "source": "iNat" }, "geometry": { "type": "Point", "coordinates": [ -111.8444533, 41.65999167 ] } },
{ "type": "Feature", "properties": { "year": "2020", "month": "09", "day": "13", "Bombus species": "huntii", "julian_day": 257.0, "source": "iNat" }, "geometry": { "type": "Point", "coordinates": [ -111.1429833, 39.0861555 ] } },
{ "type": "Feature", "properties": { "year": "2020", "month": "09", "day": "14", "Bombus species": "griseocollis", "julian_day": 258.0, "source": "iNat" }, "geometry": { "type": "Point", "coordinates": [ -112.1667482, 40.92442366 ] } },
{ "type": "Feature", "properties": { "year": "2020", "month": "09", "day": "18", "Bombus species": "fervidus", "julian_day": 262.0, "source": "iNat" }, "geometry": { "type": "Point", "coordinates": [ -111.883745, 40.66123667 ] } },
{ "type": "Feature", "properties": { "year": "2020", "month": "09", "day": "18", "Bombus species": "griseocollis", "julian_day": 262.0, "source": "iNat" }, "geometry": { "type": "Point", "coordinates": [ -111.7290818, 40.03645471 ] } },
{ "type": "Feature", "properties": { "year": "2020", "month": "09", "day": "19", "Bombus species": "huntii", "julian_day": 263.0, "source": "iNat" }, "geometry": { "type": "Point", "coordinates": [ -111.8343066, 40.81426446 ] } },
{ "type": "Feature", "properties": { "year": "2020", "month": "09", "day": "20", "Bombus species": "griseocollis", "julian_day": 264.0, "source": "iNat" }, "geometry": { "type": "Point", "coordinates": [ -111.824251, 40.76694799 ] } },
{ "type": "Feature", "properties": { "year": "2020", "month": "09", "day": "20", "Bombus species": "griseocollis", "julian_day": 264.0, "source": "iNat" }, "geometry": { "type": "Point", "coordinates": [ -112.1668059, 40.92443164 ] } },
{ "type": "Feature", "properties": { "year": "2020", "month": "09", "day": "20", "Bombus species": "sonorus", "julian_day": 264.0, "source": "iNat" }, "geometry": { "type": "Point", "coordinates": [ -113.30803, 37.17662 ] } },
{ "type": "Feature", "properties": { "year": "2020", "month": "09", "day": "21", "Bombus species": "griseocollis", "julian_day": 265.0, "source": "iNat" }, "geometry": { "type": "Point", "coordinates": [ -111.86943, 40.36126667 ] } },
{ "type": "Feature", "properties": { "year": "2020", "month": "09", "day": "23", "Bombus species": "vancouverensis/bifarius", "julian_day": 267.0, "source": "iNat" }, "geometry": { "type": "Point", "coordinates": [ -111.6417389, 41.89313611 ] } },
{ "type": "Feature", "properties": { "year": "2020", "month": "09", "day": "23", "Bombus species": "vancouverensis/bifarius", "julian_day": 267.0, "source": "iNat" }, "geometry": { "type": "Point", "coordinates": [ -111.6417389, 41.89313611 ] } },
{ "type": "Feature", "properties": { "year": "2020", "month": "09", "day": "25", "Bombus species": "huntii", "julian_day": 269.0, "source": "iNat" }, "geometry": { "type": "Point", "coordinates": [ -111.81935, 40.688805 ] } },
{ "type": "Feature", "properties": { "year": "2020", "month": "09", "day": "26", "Bombus species": "huntii", "julian_day": 270.0, "source": "iNat" }, "geometry": { "type": "Point", "coordinates": [ -111.5805837, 39.36085788 ] } },
{ "type": "Feature", "properties": { "year": "2020", "month": "10", "day": "02", "Bombus species": "griseocollis", "julian_day": 276.0, "source": "iNat" }, "geometry": { "type": "Point", "coordinates": [ -111.8232722, 40.76771944 ] } },
{ "type": "Feature", "properties": { "year": "2020", "month": "10", "day": "02", "Bombus species": "huntii", "julian_day": 276.0, "source": "iNat" }, "geometry": { "type": "Point", "coordinates": [ -111.7285643, 40.62751995 ] } },
{ "type": "Feature", "properties": { "year": "2020", "month": "10", "day": "08", "Bombus species": "pensylvanicus", "julian_day": 282.0, "source": "iNat" }, "geometry": { "type": "Point", "coordinates": [ -109.5504861, 38.57305833 ] } },
{ "type": "Feature", "properties": { "year": "2020", "month": "10", "day": "15", "Bombus species": "huntii", "julian_day": 289.0, "source": "iNat" }, "geometry": { "type": "Point", "coordinates": [ -111.8271117, 40.72903333 ] } },
{ "type": "Feature", "properties": { "year": "2020", "month": "10", "day": "31", "Bombus species": "griseocollis", "julian_day": 305.0, "source": "iNat" }, "geometry": { "type": "Point", "coordinates": [ -111.8871885, 40.83478422 ] } },
{ "type": "Feature", "properties": { "year": "2021", "month": "01", "day": "26", "Bombus species": "nevadensis", "julian_day": 26.0, "source": "iNat" }, "geometry": { "type": "Point", "coordinates": [ -112.28772, 40.55076667 ] } },
{ "type": "Feature", "properties": { "year": "2021", "month": "04", "day": "09", "Bombus species": "huntii", "julian_day": 99.0, "source": "iNat" }, "geometry": { "type": "Point", "coordinates": [ -111.910159, 40.43527697 ] } },
{ "type": "Feature", "properties": { "year": "2021", "month": "04", "day": "30", "Bombus species": "huntii", "julian_day": 120.0, "source": "iNat" }, "geometry": { "type": "Point", "coordinates": [ -111.768975, 41.76976167 ] } },
{ "type": "Feature", "properties": { "year": "2021", "month": "05", "day": "01", "Bombus species": "fervidus", "julian_day": 121.0, "source": "iNat" }, "geometry": { "type": "Point", "coordinates": [ -111.9115335, 40.67974332 ] } },
{ "type": "Feature", "properties": { "year": "2021", "month": "05", "day": "01", "Bombus species": "morrisoni", "julian_day": 121.0, "source": "iNat" }, "geometry": { "type": "Point", "coordinates": [ -111.9664217, 40.346275 ] } },
{ "type": "Feature", "properties": { "year": "2021", "month": "05", "day": "03", "Bombus species": "griseocollis", "julian_day": 123.0, "source": "iNat" }, "geometry": { "type": "Point", "coordinates": [ -111.781295, 41.74287 ] } },
{ "type": "Feature", "properties": { "year": "2021", "month": "05", "day": "03", "Bombus species": "nevadensis", "julian_day": 123.0, "source": "iNat" }, "geometry": { "type": "Point", "coordinates": [ -111.8061009, 40.75307964 ] } },
{ "type": "Feature", "properties": { "year": "2021", "month": "05", "day": "03", "Bombus species": "nevadensis", "julian_day": 123.0, "source": "iNat" }, "geometry": { "type": "Point", "coordinates": [ -111.8255346, 41.33958561 ] } },
{ "type": "Feature", "properties": { "year": "2021", "month": "05", "day": "09", "Bombus species": "nevadensis", "julian_day": 129.0, "source": "iNat" }, "geometry": { "type": "Point", "coordinates": [ -111.9222417, 41.23227167 ] } },
{ "type": "Feature", "properties": { "year": "2021", "month": "05", "day": "11", "Bombus species": "nevadensis", "julian_day": 131.0, "source": "iNat" }, "geometry": { "type": "Point", "coordinates": [ -111.8243531, 40.76262204 ] } },
{ "type": "Feature", "properties": { "year": "2021", "month": "05", "day": "13", "Bombus species": "fervidus", "julian_day": 133.0, "source": "iNat" }, "geometry": { "type": "Point", "coordinates": [ -111.9358721, 40.79005135 ] } },
{ "type": "Feature", "properties": { "year": "2021", "month": "05", "day": "13", "Bombus species": "morrisoni", "julian_day": 133.0, "source": "iNat" }, "geometry": { "type": "Point", "coordinates": [ -111.8441698, 41.73215122 ] } },
{ "type": "Feature", "properties": { "year": "2021", "month": "05", "day": "14", "Bombus species": "griseocollis", "julian_day": 134.0, "source": "iNat" }, "geometry": { "type": "Point", "coordinates": [ -111.823261, 40.76761498 ] } },
{ "type": "Feature", "properties": { "year": "2021", "month": "05", "day": "14", "Bombus species": "morrisoni", "julian_day": 134.0, "source": "iNat" }, "geometry": { "type": "Point", "coordinates": [ -112.1188992, 41.47380107 ] } },
{ "type": "Feature", "properties": { "year": "2021", "month": "05", "day": "14", "Bombus species": "morrisoni", "julian_day": 134.0, "source": "iNat" }, "geometry": { "type": "Point", "coordinates": [ -111.8051039, 41.70771655 ] } },
{ "type": "Feature", "properties": { "year": "2021", "month": "05", "day": "15", "Bombus species": "fervidus", "julian_day": 135.0, "source": "iNat" }, "geometry": { "type": "Point", "coordinates": [ -111.9458679, 40.76953744 ] } },
{ "type": "Feature", "properties": { "year": "2021", "month": "05", "day": "15", "Bombus species": "fervidus", "julian_day": 135.0, "source": "iNat" }, "geometry": { "type": "Point", "coordinates": [ -111.927637, 40.9624003 ] } },
{ "type": "Feature", "properties": { "year": "2021", "month": "05", "day": "16", "Bombus species": "vancouverensis/bifarius", "julian_day": 136.0, "source": "iNat" }, "geometry": { "type": "Point", "coordinates": [ -111.085552, 40.546835 ] } },
{ "type": "Feature", "properties": { "year": "2021", "month": "05", "day": "17", "Bombus species": "huntii", "julian_day": 137.0, "source": "iNat" }, "geometry": { "type": "Point", "coordinates": [ -112.0137317, 41.08516417 ] } },
{ "type": "Feature", "properties": { "year": "2021", "month": "05", "day": "18", "Bombus species": "fervidus", "julian_day": 138.0, "source": "iNat" }, "geometry": { "type": "Point", "coordinates": [ -111.892655, 40.79535 ] } },
{ "type": "Feature", "properties": { "year": "2021", "month": "05", "day": "18", "Bombus species": "morrisoni", "julian_day": 138.0, "source": "iNat" }, "geometry": { "type": "Point", "coordinates": [ -112.7140222, 37.05072757 ] } },
{ "type": "Feature", "properties": { "year": "2021", "month": "05", "day": "20", "Bombus species": "morrisoni", "julian_day": 140.0, "source": "iNat" }, "geometry": { "type": "Point", "coordinates": [ -111.8312833, 41.77111167 ] } },
{ "type": "Feature", "properties": { "year": "2021", "month": "05", "day": "21", "Bombus species": "fervidus", "julian_day": 141.0, "source": "iNat" }, "geometry": { "type": "Point", "coordinates": [ -111.8237133, 40.76566667 ] } },
{ "type": "Feature", "properties": { "year": "2021", "month": "05", "day": "21", "Bombus species": "huntii", "julian_day": 141.0, "source": "iNat" }, "geometry": { "type": "Point", "coordinates": [ -111.8900133, 40.451145 ] } },
{ "type": "Feature", "properties": { "year": "2021", "month": "05", "day": "23", "Bombus species": "nevadensis", "julian_day": 143.0, "source": "iNat" }, "geometry": { "type": "Point", "coordinates": [ -111.8205077, 40.49047898 ] } },
{ "type": "Feature", "properties": { "year": "2021", "month": "05", "day": "24", "Bombus species": "nevadensis", "julian_day": 144.0, "source": "iNat" }, "geometry": { "type": "Point", "coordinates": [ -111.5258576, 40.13235859 ] } },
{ "type": "Feature", "properties": { "year": "2021", "month": "05", "day": "25", "Bombus species": "huntii", "julian_day": 145.0, "source": "iNat" }, "geometry": { "type": "Point", "coordinates": [ -111.889334, 40.426078 ] } },
{ "type": "Feature", "properties": { "year": "2021", "month": "05", "day": "25", "Bombus species": "huntii", "julian_day": 145.0, "source": "iNat" }, "geometry": { "type": "Point", "coordinates": [ -111.9685833, 41.22492 ] } },
{ "type": "Feature", "properties": { "year": "2021", "month": "05", "day": "27", "Bombus species": "fervidus", "julian_day": 147.0, "source": "iNat" }, "geometry": { "type": "Point", "coordinates": [ -111.928556, 40.96203897 ] } },
{ "type": "Feature", "properties": { "year": "2021", "month": "05", "day": "27", "Bombus species": "fervidus", "julian_day": 147.0, "source": "iNat" }, "geometry": { "type": "Point", "coordinates": [ -111.8032175, 41.77915881 ] } },
{ "type": "Feature", "properties": { "year": "2021", "month": "05", "day": "27", "Bombus species": "huntii", "julian_day": 147.0, "source": "iNat" }, "geometry": { "type": "Point", "coordinates": [ -111.7831806, 40.70705 ] } },
{ "type": "Feature", "properties": { "year": "2021", "month": "05", "day": "27", "Bombus species": "huntii", "julian_day": 147.0, "source": "iNat" }, "geometry": { "type": "Point", "coordinates": [ -111.8254812, 40.75123772 ] } },
{ "type": "Feature", "properties": { "year": "2021", "month": "05", "day": "28", "Bombus species": "griseocollis", "julian_day": 148.0, "source": "iNat" }, "geometry": { "type": "Point", "coordinates": [ -111.799195, 40.56578333 ] } },
{ "type": "Feature", "properties": { "year": "2021", "month": "05", "day": "28", "Bombus species": "griseocollis", "julian_day": 148.0, "source": "iNat" }, "geometry": { "type": "Point", "coordinates": [ -111.8185333, 40.70930833 ] } },
{ "type": "Feature", "properties": { "year": "2021", "month": "05", "day": "28", "Bombus species": "griseocollis", "julian_day": 148.0, "source": "iNat" }, "geometry": { "type": "Point", "coordinates": [ -111.8236021, 40.76649128 ] } },
{ "type": "Feature", "properties": { "year": "2021", "month": "05", "day": "28", "Bombus species": "huntii", "julian_day": 148.0, "source": "iNat" }, "geometry": { "type": "Point", "coordinates": [ -111.8236021, 40.76649128 ] } },
{ "type": "Feature", "properties": { "year": "2021", "month": "05", "day": "28", "Bombus species": "huntii", "julian_day": 148.0, "source": "iNat" }, "geometry": { "type": "Point", "coordinates": [ -111.8236021, 40.76649128 ] } },
{ "type": "Feature", "properties": { "year": "2021", "month": "05", "day": "29", "Bombus species": "nevadensis", "julian_day": 149.0, "source": "iNat" }, "geometry": { "type": "Point", "coordinates": [ -111.6440417, 40.48313667 ] } },
{ "type": "Feature", "properties": { "year": "2021", "month": "05", "day": "31", "Bombus species": "morrisoni", "julian_day": 151.0, "source": "iNat" }, "geometry": { "type": "Point", "coordinates": [ -109.5506533, 40.54238667 ] } },
{ "type": "Feature", "properties": { "year": "2021", "month": "06", "day": "01", "Bombus species": "huntii", "julian_day": 152.0, "source": "iNat" }, "geometry": { "type": "Point", "coordinates": [ -111.4797154, 40.69645653 ] } },
{ "type": "Feature", "properties": { "year": "2021", "month": "06", "day": "02", "Bombus species": "griseocollis", "julian_day": 153.0, "source": "iNat" }, "geometry": { "type": "Point", "coordinates": [ -111.8660112, 40.79600781 ] } },
{ "type": "Feature", "properties": { "year": "2021", "month": "06", "day": "02", "Bombus species": "huntii", "julian_day": 153.0, "source": "iNat" }, "geometry": { "type": "Point", "coordinates": [ -111.8788934, 40.69759827 ] } },
{ "type": "Feature", "properties": { "year": "2021", "month": "06", "day": "02", "Bombus species": "huntii", "julian_day": 153.0, "source": "iNat" }, "geometry": { "type": "Point", "coordinates": [ -111.5319217, 40.72765333 ] } },
{ "type": "Feature", "properties": { "year": "2021", "month": "06", "day": "03", "Bombus species": "fervidus", "julian_day": 154.0, "source": "iNat" }, "geometry": { "type": "Point", "coordinates": [ -111.921468, 40.69639992 ] } },
{ "type": "Feature", "properties": { "year": "2021", "month": "06", "day": "03", "Bombus species": "nevadensis", "julian_day": 154.0, "source": "iNat" }, "geometry": { "type": "Point", "coordinates": [ -112.903603, 37.568153 ] } },
{ "type": "Feature", "properties": { "year": "2021", "month": "06", "day": "04", "Bombus species": "flavifrons", "julian_day": 155.0, "source": "iNat" }, "geometry": { "type": "Point", "coordinates": [ -111.726609, 39.776919 ] } },
{ "type": "Feature", "properties": { "year": "2021", "month": "06", "day": "04", "Bombus species": "huntii", "julian_day": 155.0, "source": "iNat" }, "geometry": { "type": "Point", "coordinates": [ -111.8257536, 40.76703648 ] } },
{ "type": "Feature", "properties": { "year": "2021", "month": "06", "day": "04", "Bombus species": "insularis", "julian_day": 155.0, "source": "iNat" }, "geometry": { "type": "Point", "coordinates": [ -111.780804, 38.84376485 ] } },
{ "type": "Feature", "properties": { "year": "2021", "month": "06", "day": "04", "Bombus species": "insularis", "julian_day": 155.0, "source": "iNat" }, "geometry": { "type": "Point", "coordinates": [ -111.7283818, 39.77715056 ] } },
{ "type": "Feature", "properties": { "year": "2021", "month": "06", "day": "04", "Bombus species": "nevadensis", "julian_day": 155.0, "source": "iNat" }, "geometry": { "type": "Point", "coordinates": [ -111.72072, 40.80223 ] } },
{ "type": "Feature", "properties": { "year": "2021", "month": "06", "day": "05", "Bombus species": "fervidus", "julian_day": 156.0, "source": "iNat" }, "geometry": { "type": "Point", "coordinates": [ -111.9228, 40.6987723 ] } },
{ "type": "Feature", "properties": { "year": "2021", "month": "06", "day": "05", "Bombus species": "fervidus", "julian_day": 156.0, "source": "iNat" }, "geometry": { "type": "Point", "coordinates": [ -111.8247715, 40.7664019 ] } },
{ "type": "Feature", "properties": { "year": "2021", "month": "06", "day": "05", "Bombus species": "griseocollis", "julian_day": 156.0, "source": "iNat" }, "geometry": { "type": "Point", "coordinates": [ -111.8574976, 40.44007099 ] } },
{ "type": "Feature", "properties": { "year": "2021", "month": "06", "day": "05", "Bombus species": "griseocollis", "julian_day": 156.0, "source": "iNat" }, "geometry": { "type": "Point", "coordinates": [ -111.8247715, 40.7664019 ] } },
{ "type": "Feature", "properties": { "year": "2021", "month": "06", "day": "05", "Bombus species": "griseocollis", "julian_day": 156.0, "source": "iNat" }, "geometry": { "type": "Point", "coordinates": [ -111.8442916, 40.77166327 ] } },
{ "type": "Feature", "properties": { "year": "2021", "month": "06", "day": "05", "Bombus species": "insularis", "julian_day": 156.0, "source": "iNat" }, "geometry": { "type": "Point", "coordinates": [ -111.6215967, 40.74896667 ] } },
{ "type": "Feature", "properties": { "year": "2021", "month": "06", "day": "05", "Bombus species": "nevadensis", "julian_day": 156.0, "source": "iNat" }, "geometry": { "type": "Point", "coordinates": [ -111.745895, 38.52558667 ] } },
{ "type": "Feature", "properties": { "year": "2021", "month": "06", "day": "05", "Bombus species": "nevadensis", "julian_day": 156.0, "source": "iNat" }, "geometry": { "type": "Point", "coordinates": [ -111.5379257, 40.7213929 ] } },
{ "type": "Feature", "properties": { "year": "2021", "month": "06", "day": "06", "Bombus species": "griseocollis", "julian_day": 157.0, "source": "iNat" }, "geometry": { "type": "Point", "coordinates": [ -111.8238362, 40.76546909 ] } },
{ "type": "Feature", "properties": { "year": "2021", "month": "06", "day": "06", "Bombus species": "griseocollis", "julian_day": 157.0, "source": "iNat" }, "geometry": { "type": "Point", "coordinates": [ -111.8238362, 40.76546909 ] } },
{ "type": "Feature", "properties": { "year": "2021", "month": "06", "day": "06", "Bombus species": "griseocollis", "julian_day": 157.0, "source": "iNat" }, "geometry": { "type": "Point", "coordinates": [ -111.8240515, 40.7664667 ] } },
{ "type": "Feature", "properties": { "year": "2021", "month": "06", "day": "06", "Bombus species": "griseocollis", "julian_day": 157.0, "source": "iNat" }, "geometry": { "type": "Point", "coordinates": [ -111.8240349, 40.7666872 ] } },
{ "type": "Feature", "properties": { "year": "2021", "month": "06", "day": "06", "Bombus species": "griseocollis", "julian_day": 157.0, "source": "iNat" }, "geometry": { "type": "Point", "coordinates": [ -111.823325, 40.76768667 ] } },
{ "type": "Feature", "properties": { "year": "2021", "month": "06", "day": "06", "Bombus species": "griseocollis", "julian_day": 157.0, "source": "iNat" }, "geometry": { "type": "Point", "coordinates": [ -111.8669683, 40.7950211 ] } },
{ "type": "Feature", "properties": { "year": "2021", "month": "06", "day": "06", "Bombus species": "huntii", "julian_day": 157.0, "source": "iNat" }, "geometry": { "type": "Point", "coordinates": [ -112.0149778, 41.32823833 ] } },
{ "type": "Feature", "properties": { "year": "2021", "month": "06", "day": "06", "Bombus species": "insularis", "julian_day": 157.0, "source": "iNat" }, "geometry": { "type": "Point", "coordinates": [ -111.613896, 40.404358 ] } },
{ "type": "Feature", "properties": { "year": "2021", "month": "06", "day": "06", "Bombus species": "insularis", "julian_day": 157.0, "source": "iNat" }, "geometry": { "type": "Point", "coordinates": [ -111.7204667, 40.70286167 ] } },
{ "type": "Feature", "properties": { "year": "2021", "month": "06", "day": "07", "Bombus species": "morrisoni", "julian_day": 158.0, "source": "iNat" }, "geometry": { "type": "Point", "coordinates": [ -111.62603, 40.26509 ] } },
{ "type": "Feature", "properties": { "year": "2021", "month": "06", "day": "07", "Bombus species": "nevadensis", "julian_day": 158.0, "source": "iNat" }, "geometry": { "type": "Point", "coordinates": [ -111.875825, 40.77516167 ] } },
{ "type": "Feature", "properties": { "year": "2021", "month": "06", "day": "08", "Bombus species": "griseocollis", "julian_day": 159.0, "source": "iNat" }, "geometry": { "type": "Point", "coordinates": [ -112.0307977, 41.4004331 ] } },
{ "type": "Feature", "properties": { "year": "2021", "month": "06", "day": "08", "Bombus species": "insularis", "julian_day": 159.0, "source": "iNat" }, "geometry": { "type": "Point", "coordinates": [ -111.652275, 39.930375 ] } },
{ "type": "Feature", "properties": { "year": "2021", "month": "06", "day": "09", "Bombus species": "fervidus", "julian_day": 160.0, "source": "iNat" }, "geometry": { "type": "Point", "coordinates": [ -111.8719344, 40.77519733 ] } },
{ "type": "Feature", "properties": { "year": "2021", "month": "06", "day": "09", "Bombus species": "griseocollis", "julian_day": 160.0, "source": "iNat" }, "geometry": { "type": "Point", "coordinates": [ -111.8719745, 40.7752658 ] } },
{ "type": "Feature", "properties": { "year": "2021", "month": "06", "day": "09", "Bombus species": "griseocollis", "julian_day": 160.0, "source": "iNat" }, "geometry": { "type": "Point", "coordinates": [ -111.8668583, 40.778575 ] } },
{ "type": "Feature", "properties": { "year": "2021", "month": "06", "day": "10", "Bombus species": "griseocollis", "julian_day": 161.0, "source": "iNat" }, "geometry": { "type": "Point", "coordinates": [ -111.8667667, 40.77860333 ] } },
{ "type": "Feature", "properties": { "year": "2021", "month": "06", "day": "10", "Bombus species": "huntii", "julian_day": 161.0, "source": "iNat" }, "geometry": { "type": "Point", "coordinates": [ -111.9162218, 40.57509404 ] } },
{ "type": "Feature", "properties": { "year": "2021", "month": "06", "day": "10", "Bombus species": "huntii", "julian_day": 161.0, "source": "iNat" }, "geometry": { "type": "Point", "coordinates": [ -111.9162171, 40.57509431 ] } },
{ "type": "Feature", "properties": { "year": "2021", "month": "06", "day": "10", "Bombus species": "huntii", "julian_day": 161.0, "source": "iNat" }, "geometry": { "type": "Point", "coordinates": [ -111.9162094, 40.57510106 ] } },
{ "type": "Feature", "properties": { "year": "2021", "month": "06", "day": "10", "Bombus species": "insularis", "julian_day": 161.0, "source": "iNat" }, "geometry": { "type": "Point", "coordinates": [ -113.2768, 37.55184597 ] } },
{ "type": "Feature", "properties": { "year": "2021", "month": "06", "day": "11", "Bombus species": "huntii", "julian_day": 162.0, "source": "iNat" }, "geometry": { "type": "Point", "coordinates": [ -111.697694, 40.70230569 ] } },
{ "type": "Feature", "properties": { "year": "2021", "month": "06", "day": "11", "Bombus species": "huntii", "julian_day": 162.0, "source": "iNat" }, "geometry": { "type": "Point", "coordinates": [ -111.8223534, 40.75449745 ] } },
{ "type": "Feature", "properties": { "year": "2021", "month": "06", "day": "11", "Bombus species": "insularis", "julian_day": 162.0, "source": "iNat" }, "geometry": { "type": "Point", "coordinates": [ -111.74903, 40.48503833 ] } },
{ "type": "Feature", "properties": { "year": "2021", "month": "06", "day": "12", "Bombus species": "griseocollis", "julian_day": 163.0, "source": "iNat" }, "geometry": { "type": "Point", "coordinates": [ -111.864722, 40.73013697 ] } },
{ "type": "Feature", "properties": { "year": "2021", "month": "06", "day": "12", "Bombus species": "nevadensis", "julian_day": 163.0, "source": "iNat" }, "geometry": { "type": "Point", "coordinates": [ -111.8193056, 40.70735556 ] } },
{ "type": "Feature", "properties": { "year": "2021", "month": "06", "day": "13", "Bombus species": "griseocollis", "julian_day": 164.0, "source": "iNat" }, "geometry": { "type": "Point", "coordinates": [ -111.8667617, 40.77856333 ] } },
{ "type": "Feature", "properties": { "year": "2021", "month": "06", "day": "13", "Bombus species": "huntii", "julian_day": 164.0, "source": "iNat" }, "geometry": { "type": "Point", "coordinates": [ -111.8268477, 41.73337869 ] } },
{ "type": "Feature", "properties": { "year": "2021", "month": "06", "day": "14", "Bombus species": "fervidus", "julian_day": 165.0, "source": "iNat" }, "geometry": { "type": "Point", "coordinates": [ -113.346655, 41.949663 ] } },
{ "type": "Feature", "properties": { "year": "2021", "month": "06", "day": "14", "Bombus species": "griseocollis", "julian_day": 165.0, "source": "iNat" }, "geometry": { "type": "Point", "coordinates": [ -111.9268717, 41.18077833 ] } },
{ "type": "Feature", "properties": { "year": "2021", "month": "06", "day": "15", "Bombus species": "morrisoni", "julian_day": 166.0, "source": "iNat" }, "geometry": { "type": "Point", "coordinates": [ -111.2414083, 38.28824667 ] } },
{ "type": "Feature", "properties": { "year": "2021", "month": "06", "day": "16", "Bombus species": "fervidus", "julian_day": 167.0, "source": "iNat" }, "geometry": { "type": "Point", "coordinates": [ -111.9869449, 40.71934268 ] } },
{ "type": "Feature", "properties": { "year": "2021", "month": "06", "day": "16", "Bombus species": "griseocollis", "julian_day": 167.0, "source": "iNat" }, "geometry": { "type": "Point", "coordinates": [ -111.888605, 40.426004 ] } },
{ "type": "Feature", "properties": { "year": "2021", "month": "06", "day": "16", "Bombus species": "nevadensis", "julian_day": 167.0, "source": "iNat" }, "geometry": { "type": "Point", "coordinates": [ -111.8719777, 40.77538377 ] } },
{ "type": "Feature", "properties": { "year": "2021", "month": "06", "day": "17", "Bombus species": "fervidus", "julian_day": 168.0, "source": "iNat" }, "geometry": { "type": "Point", "coordinates": [ -111.8293286, 40.76217937 ] } },
{ "type": "Feature", "properties": { "year": "2021", "month": "06", "day": "18", "Bombus species": "nevadensis", "julian_day": 169.0, "source": "iNat" }, "geometry": { "type": "Point", "coordinates": [ -109.4462, 40.90554197 ] } },
{ "type": "Feature", "properties": { "year": "2021", "month": "06", "day": "19", "Bombus species": "huntii", "julian_day": 170.0, "source": "iNat" }, "geometry": { "type": "Point", "coordinates": [ -111.5363067, 40.98535167 ] } },
{ "type": "Feature", "properties": { "year": "2021", "month": "06", "day": "20", "Bombus species": "centralis", "julian_day": 171.0, "source": "iNat" }, "geometry": { "type": "Point", "coordinates": [ -111.8626717, 41.21652 ] } },
{ "type": "Feature", "properties": { "year": "2021", "month": "06", "day": "20", "Bombus species": "griseocollis", "julian_day": 171.0, "source": "iNat" }, "geometry": { "type": "Point", "coordinates": [ -111.927637, 40.9624003 ] } },
{ "type": "Feature", "properties": { "year": "2021", "month": "06", "day": "20", "Bombus species": "griseocollis", "julian_day": 171.0, "source": "iNat" }, "geometry": { "type": "Point", "coordinates": [ -111.9221959, 41.11213864 ] } },
{ "type": "Feature", "properties": { "year": "2021", "month": "06", "day": "20", "Bombus species": "nevadensis", "julian_day": 171.0, "source": "iNat" }, "geometry": { "type": "Point", "coordinates": [ -111.2558139, 39.28984444 ] } },
{ "type": "Feature", "properties": { "year": "2021", "month": "06", "day": "21", "Bombus species": "griseocollis", "julian_day": 172.0, "source": "iNat" }, "geometry": { "type": "Point", "coordinates": [ -111.8372868, 40.7816063 ] } },
{ "type": "Feature", "properties": { "year": "2021", "month": "06", "day": "21", "Bombus species": "morrisoni", "julian_day": 172.0, "source": "iNat" }, "geometry": { "type": "Point", "coordinates": [ -113.035854, 37.759554 ] } },
{ "type": "Feature", "properties": { "year": "2021", "month": "06", "day": "21", "Bombus species": "nevadensis", "julian_day": 172.0, "source": "iNat" }, "geometry": { "type": "Point", "coordinates": [ -112.8636956, 37.59405152 ] } },
{ "type": "Feature", "properties": { "year": "2021", "month": "06", "day": "23", "Bombus species": "fervidus", "julian_day": 174.0, "source": "iNat" }, "geometry": { "type": "Point", "coordinates": [ -112.0011056, 40.67465333 ] } },
{ "type": "Feature", "properties": { "year": "2021", "month": "06", "day": "24", "Bombus species": "appositus", "julian_day": 175.0, "source": "iNat" }, "geometry": { "type": "Point", "coordinates": [ -109.223484, 38.6140747 ] } },
{ "type": "Feature", "properties": { "year": "2021", "month": "06", "day": "24", "Bombus species": "centralis", "julian_day": 175.0, "source": "iNat" }, "geometry": { "type": "Point", "coordinates": [ -109.2235368, 38.61413844 ] } },
{ "type": "Feature", "properties": { "year": "2021", "month": "06", "day": "24", "Bombus species": "centralis", "julian_day": 175.0, "source": "iNat" }, "geometry": { "type": "Point", "coordinates": [ -111.8668367, 40.778595 ] } },
{ "type": "Feature", "properties": { "year": "2021", "month": "06", "day": "24", "Bombus species": "fervidus", "julian_day": 175.0, "source": "iNat" }, "geometry": { "type": "Point", "coordinates": [ -111.8820748, 40.70483444 ] } },
{ "type": "Feature", "properties": { "year": "2021", "month": "06", "day": "24", "Bombus species": "griseocollis", "julian_day": 175.0, "source": "iNat" }, "geometry": { "type": "Point", "coordinates": [ -109.2235519, 38.61414204 ] } },
{ "type": "Feature", "properties": { "year": "2021", "month": "06", "day": "24", "Bombus species": "huntii", "julian_day": 175.0, "source": "iNat" }, "geometry": { "type": "Point", "coordinates": [ -109.2196008, 38.60882431 ] } },
{ "type": "Feature", "properties": { "year": "2021", "month": "06", "day": "24", "Bombus species": "huntii", "julian_day": 175.0, "source": "iNat" }, "geometry": { "type": "Point", "coordinates": [ -109.2236213, 38.61414892 ] } },
{ "type": "Feature", "properties": { "year": "2021", "month": "06", "day": "25", "Bombus species": "centralis", "julian_day": 176.0, "source": "iNat" }, "geometry": { "type": "Point", "coordinates": [ -111.9337533, 41.18718 ] } },
{ "type": "Feature", "properties": { "year": "2021", "month": "06", "day": "26", "Bombus species": "appositus", "julian_day": 177.0, "source": "iNat" }, "geometry": { "type": "Point", "coordinates": [ -112.8349083, 37.66332167 ] } },
{ "type": "Feature", "properties": { "year": "2021", "month": "06", "day": "26", "Bombus species": "appositus", "julian_day": 177.0, "source": "iNat" }, "geometry": { "type": "Point", "coordinates": [ -112.8332764, 37.66409302 ] } },
{ "type": "Feature", "properties": { "year": "2021", "month": "06", "day": "26", "Bombus species": "centralis", "julian_day": 177.0, "source": "iNat" }, "geometry": { "type": "Point", "coordinates": [ -112.1173735, 40.4719323 ] } },
{ "type": "Feature", "properties": { "year": "2021", "month": "06", "day": "26", "Bombus species": "centralis", "julian_day": 177.0, "source": "iNat" }, "geometry": { "type": "Point", "coordinates": [ -112.1173735, 40.4719323 ] } },
{ "type": "Feature", "properties": { "year": "2021", "month": "06", "day": "26", "Bombus species": "centralis", "julian_day": 177.0, "source": "iNat" }, "geometry": { "type": "Point", "coordinates": [ -112.1173735, 40.4719323 ] } },
{ "type": "Feature", "properties": { "year": "2021", "month": "06", "day": "26", "Bombus species": "centralis", "julian_day": 177.0, "source": "iNat" }, "geometry": { "type": "Point", "coordinates": [ -112.1173735, 40.4719323 ] } },
{ "type": "Feature", "properties": { "year": "2021", "month": "06", "day": "26", "Bombus species": "fervidus", "julian_day": 177.0, "source": "iNat" }, "geometry": { "type": "Point", "coordinates": [ -112.1173735, 40.4719323 ] } },
{ "type": "Feature", "properties": { "year": "2021", "month": "06", "day": "26", "Bombus species": "fervidus", "julian_day": 177.0, "source": "iNat" }, "geometry": { "type": "Point", "coordinates": [ -112.1173735, 40.4719323 ] } },
{ "type": "Feature", "properties": { "year": "2021", "month": "06", "day": "26", "Bombus species": "fervidus", "julian_day": 177.0, "source": "iNat" }, "geometry": { "type": "Point", "coordinates": [ -111.8443752, 40.54466297 ] } },
{ "type": "Feature", "properties": { "year": "2021", "month": "06", "day": "26", "Bombus species": "griseocollis", "julian_day": 177.0, "source": "iNat" }, "geometry": { "type": "Point", "coordinates": [ -112.1173735, 40.4719323 ] } },
{ "type": "Feature", "properties": { "year": "2021", "month": "06", "day": "26", "Bombus species": "griseocollis", "julian_day": 177.0, "source": "iNat" }, "geometry": { "type": "Point", "coordinates": [ -111.874175, 40.7368 ] } },
{ "type": "Feature", "properties": { "year": "2021", "month": "06", "day": "26", "Bombus species": "huntii", "julian_day": 177.0, "source": "iNat" }, "geometry": { "type": "Point", "coordinates": [ -112.1173735, 40.4719323 ] } },
{ "type": "Feature", "properties": { "year": "2021", "month": "06", "day": "26", "Bombus species": "huntii", "julian_day": 177.0, "source": "iNat" }, "geometry": { "type": "Point", "coordinates": [ -111.8389726, 40.5649781 ] } },
{ "type": "Feature", "properties": { "year": "2021", "month": "06", "day": "26", "Bombus species": "huntii", "julian_day": 177.0, "source": "iNat" }, "geometry": { "type": "Point", "coordinates": [ -111.9818911, 40.61526113 ] } },
{ "type": "Feature", "properties": { "year": "2021", "month": "06", "day": "26", "Bombus species": "huntii", "julian_day": 177.0, "source": "iNat" }, "geometry": { "type": "Point", "coordinates": [ -111.820855, 40.62592167 ] } },
{ "type": "Feature", "properties": { "year": "2021", "month": "06", "day": "26", "Bombus species": "nevadensis", "julian_day": 177.0, "source": "iNat" }, "geometry": { "type": "Point", "coordinates": [ -112.8320362, 37.66375212 ] } },
{ "type": "Feature", "properties": { "year": "2021", "month": "06", "day": "26", "Bombus species": "nevadensis", "julian_day": 177.0, "source": "iNat" }, "geometry": { "type": "Point", "coordinates": [ -112.1173735, 40.4719323 ] } },
{ "type": "Feature", "properties": { "year": "2021", "month": "06", "day": "27", "Bombus species": "centralis", "julian_day": 178.0, "source": "iNat" }, "geometry": { "type": "Point", "coordinates": [ -111.621304, 40.570283 ] } },
{ "type": "Feature", "properties": { "year": "2021", "month": "06", "day": "27", "Bombus species": "flavifrons", "julian_day": 178.0, "source": "iNat" }, "geometry": { "type": "Point", "coordinates": [ -111.8298148, 40.4698461 ] } },
{ "type": "Feature", "properties": { "year": "2021", "month": "06", "day": "27", "Bombus species": "huntii", "julian_day": 178.0, "source": "iNat" }, "geometry": { "type": "Point", "coordinates": [ -111.9071283, 40.483475 ] } },
{ "type": "Feature", "properties": { "year": "2021", "month": "06", "day": "27", "Bombus species": "insularis", "julian_day": 178.0, "source": "iNat" }, "geometry": { "type": "Point", "coordinates": [ -111.618441, 40.572804 ] } },
{ "type": "Feature", "properties": { "year": "2021", "month": "06", "day": "27", "Bombus species": "mixtus", "julian_day": 178.0, "source": "iNat" }, "geometry": { "type": "Point", "coordinates": [ -111.624119, 40.586831 ] } },
{ "type": "Feature", "properties": { "year": "2021", "month": "06", "day": "28", "Bombus species": "huntii", "julian_day": 179.0, "source": "iNat" }, "geometry": { "type": "Point", "coordinates": [ -111.8683467, 40.72347167 ] } },
{ "type": "Feature", "properties": { "year": "2021", "month": "06", "day": "28", "Bombus species": "nevadensis", "julian_day": 179.0, "source": "iNat" }, "geometry": { "type": "Point", "coordinates": [ -109.3456297, 37.88890187 ] } },
{ "type": "Feature", "properties": { "year": "2021", "month": "06", "day": "28", "Bombus species": "nevadensis", "julian_day": 179.0, "source": "iNat" }, "geometry": { "type": "Point", "coordinates": [ -111.8667533, 40.77858 ] } },
{ "type": "Feature", "properties": { "year": "2021", "month": "06", "day": "29", "Bombus species": "griseocollis", "julian_day": 180.0, "source": "iNat" }, "geometry": { "type": "Point", "coordinates": [ -111.8459083, 40.73703333 ] } },
{ "type": "Feature", "properties": { "year": "2021", "month": "06", "day": "29", "Bombus species": "huntii", "julian_day": 180.0, "source": "iNat" }, "geometry": { "type": "Point", "coordinates": [ -111.851459, 40.77002152 ] } },
{ "type": "Feature", "properties": { "year": "2021", "month": "06", "day": "29", "Bombus species": "nevadensis", "julian_day": 180.0, "source": "iNat" }, "geometry": { "type": "Point", "coordinates": [ -112.8613318, 37.5944223 ] } },
{ "type": "Feature", "properties": { "year": "2021", "month": "06", "day": "30", "Bombus species": "fervidus", "julian_day": 181.0, "source": "iNat" }, "geometry": { "type": "Point", "coordinates": [ -111.8629533, 40.721695 ] } },
{ "type": "Feature", "properties": { "year": "2021", "month": "06", "day": "30", "Bombus species": "huntii", "julian_day": 181.0, "source": "iNat" }, "geometry": { "type": "Point", "coordinates": [ -111.8208783, 40.62598 ] } },
{ "type": "Feature", "properties": { "year": "2021", "month": "06", "day": "30", "Bombus species": "huntii", "julian_day": 181.0, "source": "iNat" }, "geometry": { "type": "Point", "coordinates": [ -111.8430111, 40.73569444 ] } },
{ "type": "Feature", "properties": { "year": "2021", "month": "06", "day": "30", "Bombus species": "huntii", "julian_day": 181.0, "source": "iNat" }, "geometry": { "type": "Point", "coordinates": [ -111.8258217, 40.76723 ] } },
{ "type": "Feature", "properties": { "year": "2021", "month": "07", "day": "01", "Bombus species": "nevadensis", "julian_day": 182.0, "source": "iNat" }, "geometry": { "type": "Point", "coordinates": [ -113.3733016, 37.59747592 ] } },
{ "type": "Feature", "properties": { "year": "2021", "month": "07", "day": "02", "Bombus species": "huntii", "julian_day": 183.0, "source": "iNat" }, "geometry": { "type": "Point", "coordinates": [ -111.9319182, 41.07424865 ] } },
{ "type": "Feature", "properties": { "year": "2021", "month": "07", "day": "02", "Bombus species": "nevadensis", "julian_day": 183.0, "source": "iNat" }, "geometry": { "type": "Point", "coordinates": [ -112.8302335, 37.61443377 ] } },
{ "type": "Feature", "properties": { "year": "2021", "month": "07", "day": "03", "Bombus species": "morrisoni", "julian_day": 184.0, "source": "iNat" }, "geometry": { "type": "Point", "coordinates": [ -113.71657, 37.55017167 ] } },
{ "type": "Feature", "properties": { "year": "2021", "month": "07", "day": "05", "Bombus species": "centralis", "julian_day": 186.0, "source": "iNat" }, "geometry": { "type": "Point", "coordinates": [ -112.851253, 37.63944109 ] } },
{ "type": "Feature", "properties": { "year": "2021", "month": "07", "day": "05", "Bombus species": "fervidus", "julian_day": 186.0, "source": "iNat" }, "geometry": { "type": "Point", "coordinates": [ -111.9841833, 40.77306667 ] } },
{ "type": "Feature", "properties": { "year": "2021", "month": "07", "day": "05", "Bombus species": "huntii", "julian_day": 186.0, "source": "iNat" }, "geometry": { "type": "Point", "coordinates": [ -111.7158133, 40.60698667 ] } },
{ "type": "Feature", "properties": { "year": "2021", "month": "07", "day": "06", "Bombus species": "nevadensis", "julian_day": 187.0, "source": "iNat" }, "geometry": { "type": "Point", "coordinates": [ -112.8424357, 37.60779506 ] } },
{ "type": "Feature", "properties": { "year": "2021", "month": "07", "day": "07", "Bombus species": "fervidus", "julian_day": 188.0, "source": "iNat" }, "geometry": { "type": "Point", "coordinates": [ -111.8365682, 40.55258424 ] } },
{ "type": "Feature", "properties": { "year": "2021", "month": "07", "day": "07", "Bombus species": "griseocollis", "julian_day": 188.0, "source": "iNat" }, "geometry": { "type": "Point", "coordinates": [ -111.86612, 40.72132167 ] } },
{ "type": "Feature", "properties": { "year": "2021", "month": "07", "day": "07", "Bombus species": "griseocollis", "julian_day": 188.0, "source": "iNat" }, "geometry": { "type": "Point", "coordinates": [ -111.8235861, 40.76614722 ] } },
{ "type": "Feature", "properties": { "year": "2021", "month": "07", "day": "07", "Bombus species": "huntii", "julian_day": 188.0, "source": "iNat" }, "geometry": { "type": "Point", "coordinates": [ -111.8365617, 40.55252027 ] } },
{ "type": "Feature", "properties": { "year": "2021", "month": "07", "day": "07", "Bombus species": "huntii", "julian_day": 188.0, "source": "iNat" }, "geometry": { "type": "Point", "coordinates": [ -111.8429639, 40.73569167 ] } },
{ "type": "Feature", "properties": { "year": "2021", "month": "07", "day": "08", "Bombus species": "huntii", "julian_day": 189.0, "source": "iNat" }, "geometry": { "type": "Point", "coordinates": [ -111.8232417, 40.76558333 ] } },
{ "type": "Feature", "properties": { "year": "2021", "month": "07", "day": "08", "Bombus species": "nevadensis", "julian_day": 189.0, "source": "iNat" }, "geometry": { "type": "Point", "coordinates": [ -112.8401269, 37.60883947 ] } },
{ "type": "Feature", "properties": { "year": "2021", "month": "07", "day": "08", "Bombus species": "rufocinctus", "julian_day": 189.0, "source": "iNat" }, "geometry": { "type": "Point", "coordinates": [ -111.4035051, 41.97122449 ] } },
{ "type": "Feature", "properties": { "year": "2021", "month": "07", "day": "09", "Bombus species": "fervidus", "julian_day": 190.0, "source": "iNat" }, "geometry": { "type": "Point", "coordinates": [ -111.921425, 40.69631667 ] } },
{ "type": "Feature", "properties": { "year": "2021", "month": "07", "day": "09", "Bombus species": "fervidus", "julian_day": 190.0, "source": "iNat" }, "geometry": { "type": "Point", "coordinates": [ -111.92298, 40.69889167 ] } },
{ "type": "Feature", "properties": { "year": "2021", "month": "07", "day": "09", "Bombus species": "fervidus", "julian_day": 190.0, "source": "iNat" }, "geometry": { "type": "Point", "coordinates": [ -111.8719721, 40.77524461 ] } },
{ "type": "Feature", "properties": { "year": "2021", "month": "07", "day": "09", "Bombus species": "flavifrons", "julian_day": 190.0, "source": "iNat" }, "geometry": { "type": "Point", "coordinates": [ -112.8810336, 37.58132195 ] } },
{ "type": "Feature", "properties": { "year": "2021", "month": "07", "day": "09", "Bombus species": "griseocollis", "julian_day": 190.0, "source": "iNat" }, "geometry": { "type": "Point", "coordinates": [ -111.922975, 40.69891167 ] } },
{ "type": "Feature", "properties": { "year": "2021", "month": "07", "day": "09", "Bombus species": "griseocollis", "julian_day": 190.0, "source": "iNat" }, "geometry": { "type": "Point", "coordinates": [ -111.8719309, 40.77523523 ] } },
{ "type": "Feature", "properties": { "year": "2021", "month": "07", "day": "09", "Bombus species": "huntii", "julian_day": 190.0, "source": "iNat" }, "geometry": { "type": "Point", "coordinates": [ -111.9228133, 40.69915 ] } },
{ "type": "Feature", "properties": { "year": "2021", "month": "07", "day": "09", "Bombus species": "huntii", "julian_day": 190.0, "source": "iNat" }, "geometry": { "type": "Point", "coordinates": [ -111.9241467, 40.70017167 ] } },
{ "type": "Feature", "properties": { "year": "2021", "month": "07", "day": "09", "Bombus species": "huntii", "julian_day": 190.0, "source": "iNat" }, "geometry": { "type": "Point", "coordinates": [ -111.871953, 40.77522263 ] } },
{ "type": "Feature", "properties": { "year": "2021", "month": "07", "day": "09", "Bombus species": "nevadensis", "julian_day": 190.0, "source": "iNat" }, "geometry": { "type": "Point", "coordinates": [ -112.8285882, 37.62049802 ] } },
{ "type": "Feature", "properties": { "year": "2021", "month": "07", "day": "09", "Bombus species": "nevadensis", "julian_day": 190.0, "source": "iNat" }, "geometry": { "type": "Point", "coordinates": [ -111.8719652, 40.77526629 ] } },
{ "type": "Feature", "properties": { "year": "2021", "month": "07", "day": "09", "Bombus species": "sonorus", "julian_day": 190.0, "source": "iNat" }, "geometry": { "type": "Point", "coordinates": [ -113.6135731, 37.13239305 ] } },
{ "type": "Feature", "properties": { "year": "2021", "month": "07", "day": "10", "Bombus species": "appositus", "julian_day": 191.0, "source": "iNat" }, "geometry": { "type": "Point", "coordinates": [ -111.6372688, 40.5907191 ] } },
{ "type": "Feature", "properties": { "year": "2021", "month": "07", "day": "10", "Bombus species": "huntii", "julian_day": 191.0, "source": "iNat" }, "geometry": { "type": "Point", "coordinates": [ -111.8429806, 40.73571389 ] } },
{ "type": "Feature", "properties": { "year": "2021", "month": "07", "day": "10", "Bombus species": "huntii", "julian_day": 191.0, "source": "iNat" }, "geometry": { "type": "Point", "coordinates": [ -111.920098, 40.74964408 ] } },
{ "type": "Feature", "properties": { "year": "2021", "month": "07", "day": "10", "Bombus species": "nevadensis", "julian_day": 191.0, "source": "iNat" }, "geometry": { "type": "Point", "coordinates": [ -109.472822, 37.84884118 ] } },
{ "type": "Feature", "properties": { "year": "2021", "month": "07", "day": "11", "Bombus species": "appositus", "julian_day": 192.0, "source": "iNat" }, "geometry": { "type": "Point", "coordinates": [ -111.8267219, 40.76596654 ] } },
{ "type": "Feature", "properties": { "year": "2021", "month": "07", "day": "11", "Bombus species": "centralis", "julian_day": 192.0, "source": "iNat" }, "geometry": { "type": "Point", "coordinates": [ -112.8298981, 37.61492814 ] } },
{ "type": "Feature", "properties": { "year": "2021", "month": "07", "day": "11", "Bombus species": "fervidus", "julian_day": 192.0, "source": "iNat" }, "geometry": { "type": "Point", "coordinates": [ -111.9209578, 40.74791539 ] } },
{ "type": "Feature", "properties": { "year": "2021", "month": "07", "day": "11", "Bombus species": "huntii", "julian_day": 192.0, "source": "iNat" }, "geometry": { "type": "Point", "coordinates": [ -112.8309551, 37.61220161 ] } },
{ "type": "Feature", "properties": { "year": "2021", "month": "07", "day": "11", "Bombus species": "huntii", "julian_day": 192.0, "source": "iNat" }, "geometry": { "type": "Point", "coordinates": [ -112.308871, 40.56366125 ] } },
{ "type": "Feature", "properties": { "year": "2021", "month": "07", "day": "11", "Bombus species": "nevadensis", "julian_day": 192.0, "source": "iNat" }, "geometry": { "type": "Point", "coordinates": [ -112.8304551, 37.61247586 ] } },
{ "type": "Feature", "properties": { "year": "2021", "month": "07", "day": "11", "Bombus species": "nevadensis", "julian_day": 192.0, "source": "iNat" }, "geometry": { "type": "Point", "coordinates": [ -112.8246615, 37.63530724 ] } },
{ "type": "Feature", "properties": { "year": "2021", "month": "07", "day": "12", "Bombus species": "griseocollis", "julian_day": 193.0, "source": "iNat" }, "geometry": { "type": "Point", "coordinates": [ -111.823794, 40.765602 ] } },
{ "type": "Feature", "properties": { "year": "2021", "month": "07", "day": "12", "Bombus species": "huntii", "julian_day": 193.0, "source": "iNat" }, "geometry": { "type": "Point", "coordinates": [ -112.0111194, 38.53232946 ] } },
{ "type": "Feature", "properties": { "year": "2021", "month": "07", "day": "12", "Bombus species": "mixtus", "julian_day": 193.0, "source": "iNat" }, "geometry": { "type": "Point", "coordinates": [ -110.8857935, 40.70284795 ] } },
{ "type": "Feature", "properties": { "year": "2021", "month": "07", "day": "12", "Bombus species": "morrisoni", "julian_day": 193.0, "source": "iNat" }, "geometry": { "type": "Point", "coordinates": [ -109.68536, 38.951958 ] } },
{ "type": "Feature", "properties": { "year": "2021", "month": "07", "day": "13", "Bombus species": "huntii", "julian_day": 194.0, "source": "iNat" }, "geometry": { "type": "Point", "coordinates": [ -111.9427778, 40.55611111 ] } },
{ "type": "Feature", "properties": { "year": "2021", "month": "07", "day": "14", "Bombus species": "griseocollis", "julian_day": 195.0, "source": "iNat" }, "geometry": { "type": "Point", "coordinates": [ -111.8887867, 40.79118667 ] } },
{ "type": "Feature", "properties": { "year": "2021", "month": "07", "day": "14", "Bombus species": "huntii", "julian_day": 195.0, "source": "iNat" }, "geometry": { "type": "Point", "coordinates": [ -111.9049217, 40.64792167 ] } },
{ "type": "Feature", "properties": { "year": "2021", "month": "07", "day": "14", "Bombus species": "huntii", "julian_day": 195.0, "source": "iNat" }, "geometry": { "type": "Point", "coordinates": [ -111.8429861, 40.735675 ] } },
{ "type": "Feature", "properties": { "year": "2021", "month": "07", "day": "14", "Bombus species": "huntii", "julian_day": 195.0, "source": "iNat" }, "geometry": { "type": "Point", "coordinates": [ -111.8595013, 40.74366176 ] } },
{ "type": "Feature", "properties": { "year": "2021", "month": "07", "day": "14", "Bombus species": "huntii", "julian_day": 195.0, "source": "iNat" }, "geometry": { "type": "Point", "coordinates": [ -111.8242585, 40.76483914 ] } },
{ "type": "Feature", "properties": { "year": "2021", "month": "07", "day": "14", "Bombus species": "insularis", "julian_day": 195.0, "source": "iNat" }, "geometry": { "type": "Point", "coordinates": [ -111.712456, 40.625104 ] } },
{ "type": "Feature", "properties": { "year": "2021", "month": "07", "day": "14", "Bombus species": "nevadensis", "julian_day": 195.0, "source": "iNat" }, "geometry": { "type": "Point", "coordinates": [ -111.620522, 40.58270398 ] } },
{ "type": "Feature", "properties": { "year": "2021", "month": "07", "day": "15", "Bombus species": "fervidus", "julian_day": 196.0, "source": "iNat" }, "geometry": { "type": "Point", "coordinates": [ -109.5965934, 40.51595469 ] } },
{ "type": "Feature", "properties": { "year": "2021", "month": "07", "day": "15", "Bombus species": "griseocollis", "julian_day": 196.0, "source": "iNat" }, "geometry": { "type": "Point", "coordinates": [ -111.8468668, 40.77477235 ] } },
{ "type": "Feature", "properties": { "year": "2021", "month": "07", "day": "15", "Bombus species": "huntii", "julian_day": 196.0, "source": "iNat" }, "geometry": { "type": "Point", "coordinates": [ -109.623121, 37.84929179 ] } },
{ "type": "Feature", "properties": { "year": "2021", "month": "07", "day": "15", "Bombus species": "insularis", "julian_day": 196.0, "source": "iNat" }, "geometry": { "type": "Point", "coordinates": [ -111.605603, 40.573489 ] } },
{ "type": "Feature", "properties": { "year": "2021", "month": "07", "day": "15", "Bombus species": "insularis", "julian_day": 196.0, "source": "iNat" }, "geometry": { "type": "Point", "coordinates": [ -111.8584, 41.44729833 ] } },
{ "type": "Feature", "properties": { "year": "2021", "month": "07", "day": "15", "Bombus species": "nevadensis", "julian_day": 196.0, "source": "iNat" }, "geometry": { "type": "Point", "coordinates": [ -109.2242737, 38.5024147 ] } },
{ "type": "Feature", "properties": { "year": "2021", "month": "07", "day": "15", "Bombus species": "nevadensis", "julian_day": 196.0, "source": "iNat" }, "geometry": { "type": "Point", "coordinates": [ -112.402923, 38.88681486 ] } },
{ "type": "Feature", "properties": { "year": "2021", "month": "07", "day": "16", "Bombus species": "centralis", "julian_day": 197.0, "source": "iNat" }, "geometry": { "type": "Point", "coordinates": [ -111.7973417, 41.1386555 ] } },
{ "type": "Feature", "properties": { "year": "2021", "month": "07", "day": "18", "Bombus species": "fervidus", "julian_day": 199.0, "source": "iNat" }, "geometry": { "type": "Point", "coordinates": [ -111.8744847, 40.74860114 ] } },
{ "type": "Feature", "properties": { "year": "2021", "month": "07", "day": "18", "Bombus species": "griseocollis", "julian_day": 199.0, "source": "iNat" }, "geometry": { "type": "Point", "coordinates": [ -111.83708, 40.75863333 ] } },
{ "type": "Feature", "properties": { "year": "2021", "month": "07", "day": "18", "Bombus species": "huntii", "julian_day": 199.0, "source": "iNat" }, "geometry": { "type": "Point", "coordinates": [ -112.0329938, 40.5141147 ] } },
{ "type": "Feature", "properties": { "year": "2021", "month": "07", "day": "19", "Bombus species": "huntii", "julian_day": 200.0, "source": "iNat" }, "geometry": { "type": "Point", "coordinates": [ -111.8429861, 40.73570278 ] } },
{ "type": "Feature", "properties": { "year": "2021", "month": "07", "day": "19", "Bombus species": "huntii", "julian_day": 200.0, "source": "iNat" }, "geometry": { "type": "Point", "coordinates": [ -111.862975, 40.75236167 ] } },
{ "type": "Feature", "properties": { "year": "2021", "month": "07", "day": "19", "Bombus species": "nevadensis", "julian_day": 200.0, "source": "iNat" }, "geometry": { "type": "Point", "coordinates": [ -111.9977722, 41.07615662 ] } },
{ "type": "Feature", "properties": { "year": "2021", "month": "07", "day": "20", "Bombus species": "centralis", "julian_day": 201.0, "source": "iNat" }, "geometry": { "type": "Point", "coordinates": [ -111.8235393, 40.76624861 ] } },
{ "type": "Feature", "properties": { "year": "2021", "month": "07", "day": "20", "Bombus species": "griseocollis", "julian_day": 201.0, "source": "iNat" }, "geometry": { "type": "Point", "coordinates": [ -111.9281917, 41.02101383 ] } },
{ "type": "Feature", "properties": { "year": "2021", "month": "07", "day": "20", "Bombus species": "huntii", "julian_day": 201.0, "source": "iNat" }, "geometry": { "type": "Point", "coordinates": [ -111.6148217, 38.02673617 ] } },
{ "type": "Feature", "properties": { "year": "2021", "month": "07", "day": "21", "Bombus species": "fervidus", "julian_day": 202.0, "source": "iNat" }, "geometry": { "type": "Point", "coordinates": [ -111.8251126, 40.57125555 ] } },
{ "type": "Feature", "properties": { "year": "2021", "month": "07", "day": "21", "Bombus species": "huntii", "julian_day": 202.0, "source": "iNat" }, "geometry": { "type": "Point", "coordinates": [ -112.1745833, 37.61670333 ] } },
{ "type": "Feature", "properties": { "year": "2021", "month": "07", "day": "22", "Bombus species": "fervidus", "julian_day": 203.0, "source": "iNat" }, "geometry": { "type": "Point", "coordinates": [ -111.7959023, 40.7082504 ] } },
{ "type": "Feature", "properties": { "year": "2021", "month": "07", "day": "22", "Bombus species": "huntii", "julian_day": 203.0, "source": "iNat" }, "geometry": { "type": "Point", "coordinates": [ -111.6370867, 40.28101333 ] } },
{ "type": "Feature", "properties": { "year": "2021", "month": "07", "day": "22", "Bombus species": "huntii", "julian_day": 203.0, "source": "iNat" }, "geometry": { "type": "Point", "coordinates": [ -111.8212333, 40.71106389 ] } },
{ "type": "Feature", "properties": { "year": "2021", "month": "07", "day": "22", "Bombus species": "occidentalis", "julian_day": 203.0, "source": "iNat" }, "geometry": { "type": "Point", "coordinates": [ -109.6341674, 40.54291164 ] } },
{ "type": "Feature", "properties": { "year": "2021", "month": "07", "day": "23", "Bombus species": "fervidus", "julian_day": 204.0, "source": "iNat" }, "geometry": { "type": "Point", "coordinates": [ -111.99653, 40.6655822 ] } },
{ "type": "Feature", "properties": { "year": "2021", "month": "07", "day": "23", "Bombus species": "fervidus", "julian_day": 204.0, "source": "iNat" }, "geometry": { "type": "Point", "coordinates": [ -111.996166, 40.665657 ] } },
{ "type": "Feature", "properties": { "year": "2021", "month": "07", "day": "23", "Bombus species": "griseocollis", "julian_day": 204.0, "source": "iNat" }, "geometry": { "type": "Point", "coordinates": [ -111.6442415, 41.89456389 ] } },
{ "type": "Feature", "properties": { "year": "2021", "month": "07", "day": "23", "Bombus species": "huntii", "julian_day": 204.0, "source": "iNat" }, "geometry": { "type": "Point", "coordinates": [ -112.815325, 37.8488027 ] } },
{ "type": "Feature", "properties": { "year": "2021", "month": "07", "day": "23", "Bombus species": "nevadensis", "julian_day": 204.0, "source": "iNat" }, "geometry": { "type": "Point", "coordinates": [ -111.9138219, 41.1084251 ] } },
{ "type": "Feature", "properties": { "year": "2021", "month": "07", "day": "24", "Bombus species": "huntii", "julian_day": 205.0, "source": "iNat" }, "geometry": { "type": "Point", "coordinates": [ -111.4343806, 40.55702222 ] } },
{ "type": "Feature", "properties": { "year": "2021", "month": "07", "day": "24", "Bombus species": "morrisoni", "julian_day": 205.0, "source": "iNat" }, "geometry": { "type": "Point", "coordinates": [ -109.174038, 40.899894 ] } },
{ "type": "Feature", "properties": { "year": "2021", "month": "07", "day": "25", "Bombus species": "huntii", "julian_day": 206.0, "source": "iNat" }, "geometry": { "type": "Point", "coordinates": [ -111.8234091, 40.76455717 ] } },
{ "type": "Feature", "properties": { "year": "2021", "month": "07", "day": "25", "Bombus species": "huntii", "julian_day": 206.0, "source": "iNat" }, "geometry": { "type": "Point", "coordinates": [ -111.9225783, 41.07726383 ] } },
{ "type": "Feature", "properties": { "year": "2021", "month": "07", "day": "25", "Bombus species": "nevadensis", "julian_day": 206.0, "source": "iNat" }, "geometry": { "type": "Point", "coordinates": [ -112.8323833, 37.61239167 ] } },
{ "type": "Feature", "properties": { "year": "2021", "month": "07", "day": "26", "Bombus species": "huntii", "julian_day": 207.0, "source": "iNat" }, "geometry": { "type": "Point", "coordinates": [ -111.3481533, 40.49420833 ] } },
{ "type": "Feature", "properties": { "year": "2021", "month": "07", "day": "26", "Bombus species": "huntii", "julian_day": 207.0, "source": "iNat" }, "geometry": { "type": "Point", "coordinates": [ -111.5541573, 40.68069378 ] } },
{ "type": "Feature", "properties": { "year": "2021", "month": "07", "day": "26", "Bombus species": "huntii", "julian_day": 207.0, "source": "iNat" }, "geometry": { "type": "Point", "coordinates": [ -111.82425, 40.76518333 ] } },
{ "type": "Feature", "properties": { "year": "2021", "month": "07", "day": "26", "Bombus species": "huntii", "julian_day": 207.0, "source": "iNat" }, "geometry": { "type": "Point", "coordinates": [ -111.7421244, 40.77608308 ] } },
{ "type": "Feature", "properties": { "year": "2021", "month": "07", "day": "27", "Bombus species": "appositus", "julian_day": 208.0, "source": "iNat" }, "geometry": { "type": "Point", "coordinates": [ -111.6013889, 41.29472222 ] } },
{ "type": "Feature", "properties": { "year": "2021", "month": "07", "day": "27", "Bombus species": "centralis", "julian_day": 208.0, "source": "iNat" }, "geometry": { "type": "Point", "coordinates": [ -112.8407206, 37.66310455 ] } },
{ "type": "Feature", "properties": { "year": "2021", "month": "07", "day": "27", "Bombus species": "centralis", "julian_day": 208.0, "source": "iNat" }, "geometry": { "type": "Point", "coordinates": [ -112.8414073, 37.66311694 ] } },
{ "type": "Feature", "properties": { "year": "2021", "month": "07", "day": "27", "Bombus species": "griseocollis", "julian_day": 208.0, "source": "iNat" }, "geometry": { "type": "Point", "coordinates": [ -111.823595, 40.76413333 ] } },
{ "type": "Feature", "properties": { "year": "2021", "month": "07", "day": "27", "Bombus species": "morrisoni", "julian_day": 208.0, "source": "iNat" }, "geometry": { "type": "Point", "coordinates": [ -111.8195717, 41.731095 ] } },
{ "type": "Feature", "properties": { "year": "2021", "month": "07", "day": "27", "Bombus species": "occidentalis", "julian_day": 208.0, "source": "iNat" }, "geometry": { "type": "Point", "coordinates": [ -111.5746893, 37.97021324 ] } },
{ "type": "Feature", "properties": { "year": "2021", "month": "07", "day": "28", "Bombus species": "appositus", "julian_day": 209.0, "source": "iNat" }, "geometry": { "type": "Point", "coordinates": [ -111.5875699, 40.6034015 ] } },
{ "type": "Feature", "properties": { "year": "2021", "month": "07", "day": "29", "Bombus species": "flavifrons", "julian_day": 210.0, "source": "iNat" }, "geometry": { "type": "Point", "coordinates": [ -112.8404783, 37.6629 ] } },
{ "type": "Feature", "properties": { "year": "2021", "month": "07", "day": "29", "Bombus species": "griseocollis", "julian_day": 210.0, "source": "iNat" }, "geometry": { "type": "Point", "coordinates": [ -111.8741166, 40.74433636 ] } },
{ "type": "Feature", "properties": { "year": "2021", "month": "07", "day": "29", "Bombus species": "huntii", "julian_day": 210.0, "source": "iNat" }, "geometry": { "type": "Point", "coordinates": [ -111.8747333, 40.64361667 ] } },
{ "type": "Feature", "properties": { "year": "2021", "month": "07", "day": "29", "Bombus species": "huntii", "julian_day": 210.0, "source": "iNat" }, "geometry": { "type": "Point", "coordinates": [ -111.8525238, 40.77307892 ] } },
{ "type": "Feature", "properties": { "year": "2021", "month": "07", "day": "30", "Bombus species": "fervidus", "julian_day": 211.0, "source": "iNat" }, "geometry": { "type": "Point", "coordinates": [ -111.8310866, 40.69652582 ] } },
{ "type": "Feature", "properties": { "year": "2021", "month": "07", "day": "30", "Bombus species": "griseocollis", "julian_day": 211.0, "source": "iNat" }, "geometry": { "type": "Point", "coordinates": [ -111.8790294, 40.7109351 ] } },
{ "type": "Feature", "properties": { "year": "2021", "month": "07", "day": "30", "Bombus species": "griseocollis", "julian_day": 211.0, "source": "iNat" }, "geometry": { "type": "Point", "coordinates": [ -111.8923633, 40.78089167 ] } },
{ "type": "Feature", "properties": { "year": "2021", "month": "07", "day": "30", "Bombus species": "huntii", "julian_day": 211.0, "source": "iNat" }, "geometry": { "type": "Point", "coordinates": [ -113.067725, 37.67477 ] } },
{ "type": "Feature", "properties": { "year": "2021", "month": "07", "day": "31", "Bombus species": "flavifrons", "julian_day": 212.0, "source": "iNat" }, "geometry": { "type": "Point", "coordinates": [ -112.8621667, 37.59375 ] } },
{ "type": "Feature", "properties": { "year": "2021", "month": "07", "day": "31", "Bombus species": "huntii", "julian_day": 212.0, "source": "iNat" }, "geometry": { "type": "Point", "coordinates": [ -111.8549215, 40.46177367 ] } },
{ "type": "Feature", "properties": { "year": "2021", "month": "07", "day": "31", "Bombus species": "huntii", "julian_day": 212.0, "source": "iNat" }, "geometry": { "type": "Point", "coordinates": [ -111.8794709, 40.71092659 ] } },
{ "type": "Feature", "properties": { "year": "2021", "month": "08", "day": "01", "Bombus species": "centralis", "julian_day": 213.0, "source": "iNat" }, "geometry": { "type": "Point", "coordinates": [ -111.4979553, 40.63225555 ] } },
{ "type": "Feature", "properties": { "year": "2021", "month": "08", "day": "01", "Bombus species": "centralis", "julian_day": 213.0, "source": "iNat" }, "geometry": { "type": "Point", "coordinates": [ -111.6300568, 41.60633649 ] } },
{ "type": "Feature", "properties": { "year": "2021", "month": "08", "day": "01", "Bombus species": "griseocollis", "julian_day": 213.0, "source": "iNat" }, "geometry": { "type": "Point", "coordinates": [ -111.8242687, 40.76433965 ] } },
{ "type": "Feature", "properties": { "year": "2021", "month": "08", "day": "01", "Bombus species": "griseocollis", "julian_day": 213.0, "source": "iNat" }, "geometry": { "type": "Point", "coordinates": [ -111.8239397, 40.76458926 ] } },
{ "type": "Feature", "properties": { "year": "2021", "month": "08", "day": "01", "Bombus species": "huntii", "julian_day": 213.0, "source": "iNat" }, "geometry": { "type": "Point", "coordinates": [ -111.21747, 39.95074167 ] } },
{ "type": "Feature", "properties": { "year": "2021", "month": "08", "day": "01", "Bombus species": "huntii", "julian_day": 213.0, "source": "iNat" }, "geometry": { "type": "Point", "coordinates": [ -111.8418117, 40.73692 ] } },
{ "type": "Feature", "properties": { "year": "2021", "month": "08", "day": "01", "Bombus species": "huntii", "julian_day": 213.0, "source": "iNat" }, "geometry": { "type": "Point", "coordinates": [ -111.823427, 40.76454371 ] } },
{ "type": "Feature", "properties": { "year": "2021", "month": "08", "day": "02", "Bombus species": "griseocollis", "julian_day": 214.0, "source": "iNat" }, "geometry": { "type": "Point", "coordinates": [ -111.8550747, 40.74394849 ] } },
{ "type": "Feature", "properties": { "year": "2021", "month": "08", "day": "02", "Bombus species": "griseocollis", "julian_day": 214.0, "source": "iNat" }, "geometry": { "type": "Point", "coordinates": [ -111.8242661, 40.76486726 ] } },
{ "type": "Feature", "properties": { "year": "2021", "month": "08", "day": "02", "Bombus species": "griseocollis", "julian_day": 214.0, "source": "iNat" }, "geometry": { "type": "Point", "coordinates": [ -111.8230283, 40.76598667 ] } },
{ "type": "Feature", "properties": { "year": "2021", "month": "08", "day": "02", "Bombus species": "griseocollis", "julian_day": 214.0, "source": "iNat" }, "geometry": { "type": "Point", "coordinates": [ -111.8236167, 40.76739167 ] } },
{ "type": "Feature", "properties": { "year": "2021", "month": "08", "day": "02", "Bombus species": "huntii", "julian_day": 214.0, "source": "iNat" }, "geometry": { "type": "Point", "coordinates": [ -111.8247274, 40.76536294 ] } },
{ "type": "Feature", "properties": { "year": "2021", "month": "08", "day": "03", "Bombus species": "griseocollis", "julian_day": 215.0, "source": "iNat" }, "geometry": { "type": "Point", "coordinates": [ -111.8822407, 40.58583032 ] } },
{ "type": "Feature", "properties": { "year": "2021", "month": "08", "day": "03", "Bombus species": "huntii", "julian_day": 215.0, "source": "iNat" }, "geometry": { "type": "Point", "coordinates": [ -111.8822195, 40.58590794 ] } },
{ "type": "Feature", "properties": { "year": "2021", "month": "08", "day": "04", "Bombus species": "appositus", "julian_day": 216.0, "source": "iNat" }, "geometry": { "type": "Point", "coordinates": [ -111.7068444, 40.37728889 ] } },
{ "type": "Feature", "properties": { "year": "2021", "month": "08", "day": "04", "Bombus species": "griseocollis", "julian_day": 216.0, "source": "iNat" }, "geometry": { "type": "Point", "coordinates": [ -111.8821074, 40.58596137 ] } },
{ "type": "Feature", "properties": { "year": "2021", "month": "08", "day": "04", "Bombus species": "griseocollis", "julian_day": 216.0, "source": "iNat" }, "geometry": { "type": "Point", "coordinates": [ -111.8192667, 40.71104667 ] } },
{ "type": "Feature", "properties": { "year": "2021", "month": "08", "day": "04", "Bombus species": "huntii", "julian_day": 216.0, "source": "iNat" }, "geometry": { "type": "Point", "coordinates": [ -112.8641317, 37.59107 ] } },
{ "type": "Feature", "properties": { "year": "2021", "month": "08", "day": "04", "Bombus species": "huntii", "julian_day": 216.0, "source": "iNat" }, "geometry": { "type": "Point", "coordinates": [ -111.7068444, 40.37728889 ] } },
{ "type": "Feature", "properties": { "year": "2021", "month": "08", "day": "04", "Bombus species": "huntii", "julian_day": 216.0, "source": "iNat" }, "geometry": { "type": "Point", "coordinates": [ -111.8227222, 40.76331667 ] } },
{ "type": "Feature", "properties": { "year": "2021", "month": "08", "day": "04", "Bombus species": "nevadensis", "julian_day": 216.0, "source": "iNat" }, "geometry": { "type": "Point", "coordinates": [ -111.7118083, 40.75435 ] } },
{ "type": "Feature", "properties": { "year": "2021", "month": "08", "day": "06", "Bombus species": "appositus", "julian_day": 218.0, "source": "iNat" }, "geometry": { "type": "Point", "coordinates": [ -111.5846314, 40.60659597 ] } },
{ "type": "Feature", "properties": { "year": "2021", "month": "08", "day": "06", "Bombus species": "griseocollis", "julian_day": 218.0, "source": "iNat" }, "geometry": { "type": "Point", "coordinates": [ -111.6808083, 40.2415 ] } },
{ "type": "Feature", "properties": { "year": "2021", "month": "08", "day": "06", "Bombus species": "griseocollis", "julian_day": 218.0, "source": "iNat" }, "geometry": { "type": "Point", "coordinates": [ -111.8430778, 40.73518333 ] } },
{ "type": "Feature", "properties": { "year": "2021", "month": "08", "day": "07", "Bombus species": "griseocollis", "julian_day": 219.0, "source": "iNat" }, "geometry": { "type": "Point", "coordinates": [ -111.8607777, 40.74305009 ] } },
{ "type": "Feature", "properties": { "year": "2021", "month": "08", "day": "07", "Bombus species": "huntii", "julian_day": 219.0, "source": "iNat" }, "geometry": { "type": "Point", "coordinates": [ -111.6735833, 40.24064722 ] } },
{ "type": "Feature", "properties": { "year": "2021", "month": "08", "day": "07", "Bombus species": "huntii", "julian_day": 219.0, "source": "iNat" }, "geometry": { "type": "Point", "coordinates": [ -110.765162, 40.40411355 ] } },
{ "type": "Feature", "properties": { "year": "2021", "month": "08", "day": "07", "Bombus species": "huntii", "julian_day": 219.0, "source": "iNat" }, "geometry": { "type": "Point", "coordinates": [ -111.4547883, 40.53632808 ] } },
{ "type": "Feature", "properties": { "year": "2021", "month": "08", "day": "07", "Bombus species": "morrisoni", "julian_day": 219.0, "source": "iNat" }, "geometry": { "type": "Point", "coordinates": [ -111.6735205, 40.24051228 ] } },
{ "type": "Feature", "properties": { "year": "2021", "month": "08", "day": "08", "Bombus species": "huntii", "julian_day": 220.0, "source": "iNat" }, "geometry": { "type": "Point", "coordinates": [ -111.8235964, 40.41558405 ] } },
{ "type": "Feature", "properties": { "year": "2021", "month": "08", "day": "09", "Bombus species": "griseocollis", "julian_day": 221.0, "source": "iNat" }, "geometry": { "type": "Point", "coordinates": [ -111.8190917, 40.70958889 ] } },
{ "type": "Feature", "properties": { "year": "2021", "month": "08", "day": "09", "Bombus species": "griseocollis", "julian_day": 221.0, "source": "iNat" }, "geometry": { "type": "Point", "coordinates": [ -111.823625, 40.764045 ] } },
{ "type": "Feature", "properties": { "year": "2021", "month": "08", "day": "09", "Bombus species": "griseocollis", "julian_day": 221.0, "source": "iNat" }, "geometry": { "type": "Point", "coordinates": [ -111.82425, 40.76433667 ] } },
{ "type": "Feature", "properties": { "year": "2021", "month": "08", "day": "09", "Bombus species": "griseocollis", "julian_day": 221.0, "source": "iNat" }, "geometry": { "type": "Point", "coordinates": [ -111.9524098, 41.18120925 ] } },
{ "type": "Feature", "properties": { "year": "2021", "month": "08", "day": "12", "Bombus species": "fervidus", "julian_day": 224.0, "source": "iNat" }, "geometry": { "type": "Point", "coordinates": [ -112.0531195, 41.46713085 ] } },
{ "type": "Feature", "properties": { "year": "2021", "month": "08", "day": "12", "Bombus species": "griseocollis", "julian_day": 224.0, "source": "iNat" }, "geometry": { "type": "Point", "coordinates": [ -111.8563843, 40.73863602 ] } },
{ "type": "Feature", "properties": { "year": "2021", "month": "08", "day": "12", "Bombus species": "griseocollis", "julian_day": 224.0, "source": "iNat" }, "geometry": { "type": "Point", "coordinates": [ -112.0532546, 41.46730873 ] } },
{ "type": "Feature", "properties": { "year": "2021", "month": "08", "day": "12", "Bombus species": "huntii", "julian_day": 224.0, "source": "iNat" }, "geometry": { "type": "Point", "coordinates": [ -112.4850044, 38.24891626 ] } },
{ "type": "Feature", "properties": { "year": "2021", "month": "08", "day": "12", "Bombus species": "huntii", "julian_day": 224.0, "source": "iNat" }, "geometry": { "type": "Point", "coordinates": [ -111.8426867, 40.76849567 ] } },
{ "type": "Feature", "properties": { "year": "2021", "month": "08", "day": "12", "Bombus species": "morrisoni", "julian_day": 224.0, "source": "iNat" }, "geometry": { "type": "Point", "coordinates": [ -111.7487279, 40.29877155 ] } },
{ "type": "Feature", "properties": { "year": "2021", "month": "08", "day": "13", "Bombus species": "griseocollis", "julian_day": 225.0, "source": "iNat" }, "geometry": { "type": "Point", "coordinates": [ -111.7292605, 40.35206593 ] } },
{ "type": "Feature", "properties": { "year": "2021", "month": "08", "day": "13", "Bombus species": "huntii", "julian_day": 225.0, "source": "iNat" }, "geometry": { "type": "Point", "coordinates": [ -111.616662, 40.28798939 ] } },
{ "type": "Feature", "properties": { "year": "2021", "month": "08", "day": "14", "Bombus species": "fervidus", "julian_day": 226.0, "source": "iNat" }, "geometry": { "type": "Point", "coordinates": [ -111.5187667, 40.63225556 ] } },
{ "type": "Feature", "properties": { "year": "2021", "month": "08", "day": "14", "Bombus species": "griseocollis", "julian_day": 226.0, "source": "iNat" }, "geometry": { "type": "Point", "coordinates": [ -111.8430556, 40.73510833 ] } },
{ "type": "Feature", "properties": { "year": "2021", "month": "08", "day": "14", "Bombus species": "griseocollis", "julian_day": 226.0, "source": "iNat" }, "geometry": { "type": "Point", "coordinates": [ -111.8430861, 40.73511389 ] } },
{ "type": "Feature", "properties": { "year": "2021", "month": "08", "day": "14", "Bombus species": "huntii", "julian_day": 226.0, "source": "iNat" }, "geometry": { "type": "Point", "coordinates": [ -111.8195583, 41.73109167 ] } },
{ "type": "Feature", "properties": { "year": "2021", "month": "08", "day": "14", "Bombus species": "huntii", "julian_day": 226.0, "source": "iNat" }, "geometry": { "type": "Point", "coordinates": [ -111.8232117, 41.73112833 ] } },
{ "type": "Feature", "properties": { "year": "2021", "month": "08", "day": "14", "Bombus species": "morrisoni", "julian_day": 226.0, "source": "iNat" }, "geometry": { "type": "Point", "coordinates": [ -111.8195117, 41.73109667 ] } },
{ "type": "Feature", "properties": { "year": "2021", "month": "08", "day": "14", "Bombus species": "occidentalis", "julian_day": 226.0, "source": "iNat" }, "geometry": { "type": "Point", "coordinates": [ -111.8194883, 41.73106667 ] } },
{ "type": "Feature", "properties": { "year": "2021", "month": "08", "day": "15", "Bombus species": "huntii", "julian_day": 227.0, "source": "iNat" }, "geometry": { "type": "Point", "coordinates": [ -111.642546, 40.277199 ] } },
{ "type": "Feature", "properties": { "year": "2021", "month": "08", "day": "15", "Bombus species": "huntii", "julian_day": 227.0, "source": "iNat" }, "geometry": { "type": "Point", "coordinates": [ -111.947963, 41.28613987 ] } },
{ "type": "Feature", "properties": { "year": "2021", "month": "08", "day": "16", "Bombus species": "huntii", "julian_day": 228.0, "source": "iNat" }, "geometry": { "type": "Point", "coordinates": [ -111.9159338, 40.66170275 ] } },
{ "type": "Feature", "properties": { "year": "2021", "month": "08", "day": "17", "Bombus species": "huntii", "julian_day": 229.0, "source": "iNat" }, "geometry": { "type": "Point", "coordinates": [ -111.883171, 40.434753 ] } },
{ "type": "Feature", "properties": { "year": "2021", "month": "08", "day": "17", "Bombus species": "morrisoni", "julian_day": 229.0, "source": "iNat" }, "geometry": { "type": "Point", "coordinates": [ -109.30458, 40.43811333 ] } },
{ "type": "Feature", "properties": { "year": "2021", "month": "08", "day": "20", "Bombus species": "huntii", "julian_day": 232.0, "source": "iNat" }, "geometry": { "type": "Point", "coordinates": [ -111.8650133, 40.55645 ] } },
{ "type": "Feature", "properties": { "year": "2021", "month": "08", "day": "20", "Bombus species": "huntii", "julian_day": 232.0, "source": "iNat" }, "geometry": { "type": "Point", "coordinates": [ -111.8251126, 40.57119443 ] } },
{ "type": "Feature", "properties": { "year": "2021", "month": "08", "day": "20", "Bombus species": "huntii", "julian_day": 232.0, "source": "iNat" }, "geometry": { "type": "Point", "coordinates": [ -111.8878403, 40.78075027 ] } },
{ "type": "Feature", "properties": { "year": "2021", "month": "08", "day": "20", "Bombus species": "huntii", "julian_day": 232.0, "source": "iNat" }, "geometry": { "type": "Point", "coordinates": [ -111.9186401, 41.04180145 ] } },
{ "type": "Feature", "properties": { "year": "2021", "month": "08", "day": "20", "Bombus species": "huntii", "julian_day": 232.0, "source": "iNat" }, "geometry": { "type": "Point", "coordinates": [ -111.9187622, 41.0419693 ] } },
{ "type": "Feature", "properties": { "year": "2021", "month": "08", "day": "21", "Bombus species": "griseocollis", "julian_day": 233.0, "source": "iNat" }, "geometry": { "type": "Point", "coordinates": [ -111.8048333, 40.39178611 ] } },
{ "type": "Feature", "properties": { "year": "2021", "month": "08", "day": "21", "Bombus species": "griseocollis", "julian_day": 233.0, "source": "iNat" }, "geometry": { "type": "Point", "coordinates": [ -111.8368017, 40.55266221 ] } },
{ "type": "Feature", "properties": { "year": "2021", "month": "08", "day": "21", "Bombus species": "huntii", "julian_day": 233.0, "source": "iNat" }, "geometry": { "type": "Point", "coordinates": [ -111.6362833, 40.28778833 ] } },
{ "type": "Feature", "properties": { "year": "2021", "month": "08", "day": "21", "Bombus species": "morrisoni", "julian_day": 233.0, "source": "iNat" }, "geometry": { "type": "Point", "coordinates": [ -111.6716414, 40.29732192 ] } },
{ "type": "Feature", "properties": { "year": "2021", "month": "08", "day": "22", "Bombus species": "huntii", "julian_day": 234.0, "source": "iNat" }, "geometry": { "type": "Point", "coordinates": [ -111.7305, 40.36843611 ] } },
{ "type": "Feature", "properties": { "year": "2021", "month": "08", "day": "22", "Bombus species": "huntii", "julian_day": 234.0, "source": "iNat" }, "geometry": { "type": "Point", "coordinates": [ -111.8478404, 40.67646344 ] } },
{ "type": "Feature", "properties": { "year": "2021", "month": "08", "day": "22", "Bombus species": "huntii", "julian_day": 234.0, "source": "iNat" }, "geometry": { "type": "Point", "coordinates": [ -111.7565783, 41.770825 ] } },
{ "type": "Feature", "properties": { "year": "2021", "month": "08", "day": "22", "Bombus species": "morrisoni", "julian_day": 234.0, "source": "iNat" }, "geometry": { "type": "Point", "coordinates": [ -111.756675, 41.770845 ] } },
{ "type": "Feature", "properties": { "year": "2021", "month": "08", "day": "26", "Bombus species": "huntii", "julian_day": 238.0, "source": "iNat" }, "geometry": { "type": "Point", "coordinates": [ -111.4505083, 40.50645833 ] } },
{ "type": "Feature", "properties": { "year": "2021", "month": "08", "day": "28", "Bombus species": "griseocollis", "julian_day": 240.0, "source": "iNat" }, "geometry": { "type": "Point", "coordinates": [ -111.7802283, 40.69394667 ] } },
{ "type": "Feature", "properties": { "year": "2021", "month": "08", "day": "28", "Bombus species": "griseocollis", "julian_day": 240.0, "source": "iNat" }, "geometry": { "type": "Point", "coordinates": [ -111.8276978, 41.7579155 ] } },
{ "type": "Feature", "properties": { "year": "2021", "month": "08", "day": "29", "Bombus species": "griseocollis", "julian_day": 241.0, "source": "iNat" }, "geometry": { "type": "Point", "coordinates": [ -111.815095, 40.55739167 ] } },
{ "type": "Feature", "properties": { "year": "2021", "month": "08", "day": "29", "Bombus species": "griseocollis", "julian_day": 241.0, "source": "iNat" }, "geometry": { "type": "Point", "coordinates": [ -111.927637, 40.9624036 ] } },
{ "type": "Feature", "properties": { "year": "2021", "month": "08", "day": "29", "Bombus species": "huntii", "julian_day": 241.0, "source": "iNat" }, "geometry": { "type": "Point", "coordinates": [ -111.8195287, 41.73109619 ] } },
{ "type": "Feature", "properties": { "year": "2021", "month": "08", "day": "29", "Bombus species": "morrisoni", "julian_day": 241.0, "source": "iNat" }, "geometry": { "type": "Point", "coordinates": [ -111.8194378, 41.7310584 ] } },
{ "type": "Feature", "properties": { "year": "2021", "month": "08", "day": "29", "Bombus species": "morrisoni", "julian_day": 241.0, "source": "iNat" }, "geometry": { "type": "Point", "coordinates": [ -111.8195416, 41.73116016 ] } },
{ "type": "Feature", "properties": { "year": "2021", "month": "08", "day": "30", "Bombus species": "griseocollis", "julian_day": 242.0, "source": "iNat" }, "geometry": { "type": "Point", "coordinates": [ -111.8138769, 40.53720534 ] } },
{ "type": "Feature", "properties": { "year": "2021", "month": "08", "day": "30", "Bombus species": "griseocollis", "julian_day": 242.0, "source": "iNat" }, "geometry": { "type": "Point", "coordinates": [ -111.8123241, 40.53991481 ] } },
{ "type": "Feature", "properties": { "year": "2021", "month": "08", "day": "31", "Bombus species": "huntii", "julian_day": 243.0, "source": "iNat" }, "geometry": { "type": "Point", "coordinates": [ -111.8504052, 40.76286383 ] } },
{ "type": "Feature", "properties": { "year": "2021", "month": "08", "day": "31", "Bombus species": "huntii", "julian_day": 243.0, "source": "iNat" }, "geometry": { "type": "Point", "coordinates": [ -111.8503922, 40.76286664 ] } },
{ "type": "Feature", "properties": { "year": "2021", "month": "09", "day": "01", "Bombus species": "griseocollis", "julian_day": 244.0, "source": "iNat" }, "geometry": { "type": "Point", "coordinates": [ -111.9272614, 40.98227692 ] } },
{ "type": "Feature", "properties": { "year": "2021", "month": "09", "day": "02", "Bombus species": "griseocollis", "julian_day": 245.0, "source": "iNat" }, "geometry": { "type": "Point", "coordinates": [ -111.863, 40.752145 ] } },
{ "type": "Feature", "properties": { "year": "2021", "month": "09", "day": "03", "Bombus species": "griseocollis", "julian_day": 246.0, "source": "iNat" }, "geometry": { "type": "Point", "coordinates": [ -111.8236917, 40.767495 ] } },
{ "type": "Feature", "properties": { "year": "2021", "month": "09", "day": "04", "Bombus species": "huntii", "julian_day": 247.0, "source": "iNat" }, "geometry": { "type": "Point", "coordinates": [ -111.824684, 40.76708984 ] } },
{ "type": "Feature", "properties": { "year": "2021", "month": "09", "day": "04", "Bombus species": "morrisoni", "julian_day": 247.0, "source": "iNat" }, "geometry": { "type": "Point", "coordinates": [ -109.17295, 40.424956 ] } },
{ "type": "Feature", "properties": { "year": "2021", "month": "09", "day": "07", "Bombus species": "huntii", "julian_day": 250.0, "source": "iNat" }, "geometry": { "type": "Point", "coordinates": [ -111.8222694, 40.43046117 ] } },
{ "type": "Feature", "properties": { "year": "2021", "month": "09", "day": "10", "Bombus species": "griseocollis", "julian_day": 253.0, "source": "iNat" }, "geometry": { "type": "Point", "coordinates": [ -111.8457111, 40.72414722 ] } },
{ "type": "Feature", "properties": { "year": "2021", "month": "09", "day": "10", "Bombus species": "griseocollis", "julian_day": 253.0, "source": "iNat" }, "geometry": { "type": "Point", "coordinates": [ -111.8625833, 40.73718611 ] } },
{ "type": "Feature", "properties": { "year": "2021", "month": "09", "day": "13", "Bombus species": "griseocollis", "julian_day": 256.0, "source": "iNat" }, "geometry": { "type": "Point", "coordinates": [ -111.8421021, 40.7649368 ] } },
{ "type": "Feature", "properties": { "year": "2021", "month": "09", "day": "18", "Bombus species": "griseocollis", "julian_day": 261.0, "source": "iNat" }, "geometry": { "type": "Point", "coordinates": [ -111.8302002, 40.76713562 ] } },
{ "type": "Feature", "properties": { "year": "2021", "month": "09", "day": "18", "Bombus species": "huntii", "julian_day": 261.0, "source": "iNat" }, "geometry": { "type": "Point", "coordinates": [ -111.8235977, 40.7666757 ] } },
{ "type": "Feature", "properties": { "year": "2021", "month": "09", "day": "18", "Bombus species": "huntii", "julian_day": 261.0, "source": "iNat" }, "geometry": { "type": "Point", "coordinates": [ -111.82411, 40.76799771 ] } },
{ "type": "Feature", "properties": { "year": "2021", "month": "09", "day": "19", "Bombus species": "griseocollis", "julian_day": 262.0, "source": "iNat" }, "geometry": { "type": "Point", "coordinates": [ -111.858505, 40.56268333 ] } },
{ "type": "Feature", "properties": { "year": "2021", "month": "09", "day": "19", "Bombus species": "huntii", "julian_day": 262.0, "source": "iNat" }, "geometry": { "type": "Point", "coordinates": [ -111.6319713, 40.26332096 ] } },
{ "type": "Feature", "properties": { "year": "2021", "month": "09", "day": "21", "Bombus species": "morrisoni", "julian_day": 264.0, "source": "iNat" }, "geometry": { "type": "Point", "coordinates": [ -111.8115533, 41.742455 ] } },
{ "type": "Feature", "properties": { "year": "2021", "month": "09", "day": "22", "Bombus species": "huntii", "julian_day": 265.0, "source": "iNat" }, "geometry": { "type": "Point", "coordinates": [ -111.84648, 40.763875 ] } },
{ "type": "Feature", "properties": { "year": "2021", "month": "09", "day": "25", "Bombus species": "griseocollis", "julian_day": 268.0, "source": "iNat" }, "geometry": { "type": "Point", "coordinates": [ -111.8296575, 40.7649231 ] } },
{ "type": "Feature", "properties": { "year": "2021", "month": "09", "day": "25", "Bombus species": "huntii", "julian_day": 268.0, "source": "iNat" }, "geometry": { "type": "Point", "coordinates": [ -111.8229, 40.76773833 ] } },
{ "type": "Feature", "properties": { "year": "2021", "month": "09", "day": "29", "Bombus species": "sonorus", "julian_day": 272.0, "source": "iNat" }, "geometry": { "type": "Point", "coordinates": [ -113.275992, 37.22895597 ] } },
{ "type": "Feature", "properties": { "year": "2021", "month": "09", "day": "30", "Bombus species": "griseocollis", "julian_day": 273.0, "source": "iNat" }, "geometry": { "type": "Point", "coordinates": [ -111.8548967, 40.75518333 ] } },
{ "type": "Feature", "properties": { "year": "2021", "month": "09", "day": "30", "Bombus species": "huntii", "julian_day": 273.0, "source": "iNat" }, "geometry": { "type": "Point", "coordinates": [ -111.8230283, 40.76792167 ] } },
{ "type": "Feature", "properties": { "year": "2021", "month": "10", "day": "03", "Bombus species": "huntii", "julian_day": 276.0, "source": "iNat" }, "geometry": { "type": "Point", "coordinates": [ -111.8489133, 40.764305 ] } },
{ "type": "Feature", "properties": { "year": "2021", "month": "10", "day": "04", "Bombus species": "fervidus", "julian_day": 277.0, "source": "iNat" }, "geometry": { "type": "Point", "coordinates": [ -111.8503283, 40.76261333 ] } },
{ "type": "Feature", "properties": { "year": "2021", "month": "10", "day": "04", "Bombus species": "huntii", "julian_day": 277.0, "source": "iNat" }, "geometry": { "type": "Point", "coordinates": [ -111.8503583, 40.76262167 ] } },
{ "type": "Feature", "properties": { "year": "2021", "month": "10", "day": "07", "Bombus species": "huntii", "julian_day": 280.0, "source": "iNat" }, "geometry": { "type": "Point", "coordinates": [ -111.8470917, 40.76562833 ] } },
{ "type": "Feature", "properties": { "year": "2021", "month": "10", "day": "13", "Bombus species": "huntii", "julian_day": 286.0, "source": "iNat" }, "geometry": { "type": "Point", "coordinates": [ -111.837305, 40.739198 ] } },
{ "type": "Feature", "properties": { "year": "2021", "month": "10", "day": "17", "Bombus species": "griseocollis", "julian_day": 290.0, "source": "iNat" }, "geometry": { "type": "Point", "coordinates": [ -111.9329029, 41.20774133 ] } },
{ "type": "Feature", "properties": { "year": "2021", "month": "10", "day": "27", "Bombus species": "huntii", "julian_day": 300.0, "source": "iNat" }, "geometry": { "type": "Point", "coordinates": [ -111.8291849, 40.76716895 ] } },
{ "type": "Feature", "properties": { "year": "2021", "month": "10", "day": "28", "Bombus species": "huntii", "julian_day": 301.0, "source": "iNat" }, "geometry": { "type": "Point", "coordinates": [ -111.8433617, 40.77368667 ] } },
{ "type": "Feature", "properties": { "year": "2021", "month": "11", "day": "08", "Bombus species": "appositus", "julian_day": 312.0, "source": "iNat" }, "geometry": { "type": "Point", "coordinates": [ -111.8247702, 40.76384523 ] } },
{ "type": "Feature", "properties": { "year": "2021", "month": "11", "day": "15", "Bombus species": "huntii", "julian_day": 319.0, "source": "iNat" }, "geometry": { "type": "Point", "coordinates": [ -111.87278, 40.77424667 ] } },
{ "type": "Feature", "properties": { "year": "2021", "month": "11", "day": "19", "Bombus species": "griseocollis", "julian_day": 323.0, "source": "iNat" }, "geometry": { "type": "Point", "coordinates": [ -111.85118, 40.76423667 ] } },
{ "type": "Feature", "properties": { "year": "2021", "month": "11", "day": "19", "Bombus species": "insularis", "julian_day": 323.0, "source": "iNat" }, "geometry": { "type": "Point", "coordinates": [ -111.8512333, 40.76425833 ] } },
{ "type": "Feature", "properties": { "year": "2022", "month": "04", "day": "01", "Bombus species": "huntii", "julian_day": 91.0, "source": "iNat" }, "geometry": { "type": "Point", "coordinates": [ -111.8167123, 40.76076301 ] } },
{ "type": "Feature", "properties": { "year": "2022", "month": "04", "day": "03", "Bombus species": "huntii", "julian_day": 93.0, "source": "iNat" }, "geometry": { "type": "Point", "coordinates": [ -111.8069383, 40.688225 ] } },
{ "type": "Feature", "properties": { "year": "2022", "month": "04", "day": "07", "Bombus species": "sonorus", "julian_day": 97.0, "source": "iNat" }, "geometry": { "type": "Point", "coordinates": [ -113.6249917, 37.091075 ] } },
{ "type": "Feature", "properties": { "year": "2022", "month": "04", "day": "14", "Bombus species": "huntii", "julian_day": 104.0, "source": "iNat" }, "geometry": { "type": "Point", "coordinates": [ -113.1785245, 37.45296681 ] } },
{ "type": "Feature", "properties": { "year": "2022", "month": "04", "day": "14", "Bombus species": "huntii", "julian_day": 104.0, "source": "iNat" }, "geometry": { "type": "Point", "coordinates": [ -111.9391033, 40.58555333 ] } },
{ "type": "Feature", "properties": { "year": "2022", "month": "04", "day": "16", "Bombus species": "huntii", "julian_day": 106.0, "source": "iNat" }, "geometry": { "type": "Point", "coordinates": [ -111.8225117, 40.58395333 ] } },
{ "type": "Feature", "properties": { "year": "2022", "month": "04", "day": "17", "Bombus species": "huntii", "julian_day": 107.0, "source": "iNat" }, "geometry": { "type": "Point", "coordinates": [ -111.9275656, 40.4999861 ] } },
{ "type": "Feature", "properties": { "year": "2022", "month": "04", "day": "25", "Bombus species": "huntii", "julian_day": 115.0, "source": "iNat" }, "geometry": { "type": "Point", "coordinates": [ -111.7989088, 40.43874382 ] } },
{ "type": "Feature", "properties": { "year": "2022", "month": "04", "day": "28", "Bombus species": "huntii", "julian_day": 118.0, "source": "iNat" }, "geometry": { "type": "Point", "coordinates": [ -111.8366307, 40.55217275 ] } },
{ "type": "Feature", "properties": { "year": "2022", "month": "04", "day": "28", "Bombus species": "huntii", "julian_day": 118.0, "source": "iNat" }, "geometry": { "type": "Point", "coordinates": [ -111.8364784, 40.55235622 ] } },
{ "type": "Feature", "properties": { "year": "2022", "month": "04", "day": "29", "Bombus species": "centralis", "julian_day": 119.0, "source": "iNat" }, "geometry": { "type": "Point", "coordinates": [ -112.5688731, 40.49884387 ] } },
{ "type": "Feature", "properties": { "year": "2022", "month": "04", "day": "29", "Bombus species": "huntii", "julian_day": 119.0, "source": "iNat" }, "geometry": { "type": "Point", "coordinates": [ -111.8524354, 40.5278176 ] } },
{ "type": "Feature", "properties": { "year": "2022", "month": "04", "day": "29", "Bombus species": "huntii", "julian_day": 119.0, "source": "iNat" }, "geometry": { "type": "Point", "coordinates": [ -111.7647981, 40.62580543 ] } },
{ "type": "Feature", "properties": { "year": "2022", "month": "04", "day": "30", "Bombus species": "huntii", "julian_day": 120.0, "source": "iNat" }, "geometry": { "type": "Point", "coordinates": [ -111.6274457, 40.26470278 ] } },
{ "type": "Feature", "properties": { "year": "2022", "month": "04", "day": "30", "Bombus species": "huntii", "julian_day": 120.0, "source": "iNat" }, "geometry": { "type": "Point", "coordinates": [ -111.7481419, 40.43243092 ] } },
{ "type": "Feature", "properties": { "year": "2022", "month": "04", "day": "30", "Bombus species": "huntii", "julian_day": 120.0, "source": "iNat" }, "geometry": { "type": "Point", "coordinates": [ -111.7928867, 41.72722 ] } },
{ "type": "Feature", "properties": { "year": "2022", "month": "05", "day": "02", "Bombus species": "huntii", "julian_day": 122.0, "source": "iNat" }, "geometry": { "type": "Point", "coordinates": [ -111.8216046, 40.7727034 ] } },
{ "type": "Feature", "properties": { "year": "2022", "month": "05", "day": "02", "Bombus species": "huntii", "julian_day": 122.0, "source": "iNat" }, "geometry": { "type": "Point", "coordinates": [ -111.8202585, 40.77399964 ] } },
{ "type": "Feature", "properties": { "year": "2022", "month": "05", "day": "05", "Bombus species": "centralis", "julian_day": 125.0, "source": "iNat" }, "geometry": { "type": "Point", "coordinates": [ -111.2994867, 40.70894667 ] } },
{ "type": "Feature", "properties": { "year": "2022", "month": "05", "day": "05", "Bombus species": "huntii", "julian_day": 125.0, "source": "iNat" }, "geometry": { "type": "Point", "coordinates": [ -111.91893, 40.41910833 ] } },
{ "type": "Feature", "properties": { "year": "2022", "month": "05", "day": "05", "Bombus species": "nevadensis", "julian_day": 125.0, "source": "iNat" }, "geometry": { "type": "Point", "coordinates": [ -111.8202371, 40.77053256 ] } },
{ "type": "Feature", "properties": { "year": "2022", "month": "05", "day": "06", "Bombus species": "nevadensis", "julian_day": 126.0, "source": "iNat" }, "geometry": { "type": "Point", "coordinates": [ -111.624895, 40.22279667 ] } },
{ "type": "Feature", "properties": { "year": "2022", "month": "05", "day": "06", "Bombus species": "nevadensis", "julian_day": 126.0, "source": "iNat" }, "geometry": { "type": "Point", "coordinates": [ -111.8668283, 40.77862167 ] } },
{ "type": "Feature", "properties": { "year": "2022", "month": "05", "day": "07", "Bombus species": "huntii", "julian_day": 127.0, "source": "iNat" }, "geometry": { "type": "Point", "coordinates": [ -111.8419535, 40.73624066 ] } },
{ "type": "Feature", "properties": { "year": "2022", "month": "05", "day": "07", "Bombus species": "morrisoni", "julian_day": 127.0, "source": "iNat" }, "geometry": { "type": "Point", "coordinates": [ -111.9544815, 41.69759113 ] } },
{ "type": "Feature", "properties": { "year": "2022", "month": "05", "day": "08", "Bombus species": "vancouverensis/bifarius", "julian_day": 128.0, "source": "iNat" }, "geometry": { "type": "Point", "coordinates": [ -111.605795, 40.410592 ] } },
{ "type": "Feature", "properties": { "year": "2022", "month": "05", "day": "08", "Bombus species": "nevadensis", "julian_day": 128.0, "source": "iNat" }, "geometry": { "type": "Point", "coordinates": [ -111.8742621, 40.79856127 ] } },
{ "type": "Feature", "properties": { "year": "2022", "month": "05", "day": "09", "Bombus species": "huntii", "julian_day": 129.0, "source": "iNat" }, "geometry": { "type": "Point", "coordinates": [ -111.8240318, 41.30089108 ] } },
{ "type": "Feature", "properties": { "year": "2022", "month": "05", "day": "10", "Bombus species": "huntii", "julian_day": 130.0, "source": "iNat" }, "geometry": { "type": "Point", "coordinates": [ -111.8668883, 40.778645 ] } },
{ "type": "Feature", "properties": { "year": "2022", "month": "05", "day": "14", "Bombus species": "nevadensis", "julian_day": 134.0, "source": "iNat" }, "geometry": { "type": "Point", "coordinates": [ -111.9375083, 40.51185333 ] } },
{ "type": "Feature", "properties": { "year": "2022", "month": "05", "day": "15", "Bombus species": "huntii", "julian_day": 135.0, "source": "iNat" }, "geometry": { "type": "Point", "coordinates": [ -111.7618646, 40.23516408 ] } },
{ "type": "Feature", "properties": { "year": "2022", "month": "05", "day": "15", "Bombus species": "huntii", "julian_day": 135.0, "source": "iNat" }, "geometry": { "type": "Point", "coordinates": [ -111.8719633, 40.77520333 ] } },
{ "type": "Feature", "properties": { "year": "2022", "month": "05", "day": "17", "Bombus species": "huntii", "julian_day": 137.0, "source": "iNat" }, "geometry": { "type": "Point", "coordinates": [ -111.9080784, 40.4322487 ] } },
{ "type": "Feature", "properties": { "year": "2022", "month": "05", "day": "17", "Bombus species": "huntii", "julian_day": 137.0, "source": "iNat" }, "geometry": { "type": "Point", "coordinates": [ -112.2754145, 40.55122374 ] } },
{ "type": "Feature", "properties": { "year": "2022", "month": "05", "day": "19", "Bombus species": "huntii", "julian_day": 139.0, "source": "iNat" }, "geometry": { "type": "Point", "coordinates": [ -111.8048029, 40.39193225 ] } },
{ "type": "Feature", "properties": { "year": "2022", "month": "05", "day": "19", "Bombus species": "nevadensis", "julian_day": 139.0, "source": "iNat" }, "geometry": { "type": "Point", "coordinates": [ -111.6582061, 40.32378114 ] } },
{ "type": "Feature", "properties": { "year": "2022", "month": "05", "day": "20", "Bombus species": "huntii", "julian_day": 140.0, "source": "iNat" }, "geometry": { "type": "Point", "coordinates": [ -111.7654475, 40.5737648 ] } },
{ "type": "Feature", "properties": { "year": "2022", "month": "05", "day": "21", "Bombus species": "huntii", "julian_day": 141.0, "source": "iNat" }, "geometry": { "type": "Point", "coordinates": [ -111.783805, 40.70712167 ] } },
{ "type": "Feature", "properties": { "year": "2022", "month": "05", "day": "21", "Bombus species": "huntii", "julian_day": 141.0, "source": "iNat" }, "geometry": { "type": "Point", "coordinates": [ -111.8668133, 40.77861667 ] } },
{ "type": "Feature", "properties": { "year": "2022", "month": "05", "day": "21", "Bombus species": "morrisoni", "julian_day": 141.0, "source": "iNat" }, "geometry": { "type": "Point", "coordinates": [ -111.813262, 41.72201065 ] } },
{ "type": "Feature", "properties": { "year": "2022", "month": "05", "day": "22", "Bombus species": "appositus", "julian_day": 142.0, "source": "iNat" }, "geometry": { "type": "Point", "coordinates": [ -111.8183678, 41.24057007 ] } },
{ "type": "Feature", "properties": { "year": "2022", "month": "05", "day": "23", "Bombus species": "huntii", "julian_day": 143.0, "source": "iNat" }, "geometry": { "type": "Point", "coordinates": [ -111.6251505, 40.26415619 ] } },
{ "type": "Feature", "properties": { "year": "2022", "month": "05", "day": "23", "Bombus species": "morrisoni", "julian_day": 143.0, "source": "iNat" }, "geometry": { "type": "Point", "coordinates": [ -111.8134112, 41.77263897 ] } },
{ "type": "Feature", "properties": { "year": "2022", "month": "05", "day": "24", "Bombus species": "griseocollis", "julian_day": 144.0, "source": "iNat" }, "geometry": { "type": "Point", "coordinates": [ -112.405203, 38.886177 ] } },
{ "type": "Feature", "properties": { "year": "2022", "month": "05", "day": "24", "Bombus species": "morrisoni", "julian_day": 144.0, "source": "iNat" }, "geometry": { "type": "Point", "coordinates": [ -109.34525, 37.88894167 ] } },
{ "type": "Feature", "properties": { "year": "2022", "month": "05", "day": "26", "Bombus species": "griseocollis", "julian_day": 146.0, "source": "iNat" }, "geometry": { "type": "Point", "coordinates": [ -111.866705, 40.778625 ] } },
{ "type": "Feature", "properties": { "year": "2022", "month": "05", "day": "27", "Bombus species": "fervidus", "julian_day": 147.0, "source": "iNat" }, "geometry": { "type": "Point", "coordinates": [ -111.9115116, 40.43631831 ] } },
{ "type": "Feature", "properties": { "year": "2022", "month": "05", "day": "27", "Bombus species": "huntii", "julian_day": 147.0, "source": "iNat" }, "geometry": { "type": "Point", "coordinates": [ -111.8765763, 40.69759517 ] } },
{ "type": "Feature", "properties": { "year": "2022", "month": "05", "day": "27", "Bombus species": "morrisoni", "julian_day": 147.0, "source": "iNat" }, "geometry": { "type": "Point", "coordinates": [ -112.959275, 37.24994167 ] } },
{ "type": "Feature", "properties": { "year": "2022", "month": "05", "day": "28", "Bombus species": "huntii", "julian_day": 148.0, "source": "iNat" }, "geometry": { "type": "Point", "coordinates": [ -111.8237617, 40.76760833 ] } },
{ "type": "Feature", "properties": { "year": "2022", "month": "05", "day": "28", "Bombus species": "nevadensis", "julian_day": 148.0, "source": "iNat" }, "geometry": { "type": "Point", "coordinates": [ -111.66015, 40.05431117 ] } },
{ "type": "Feature", "properties": { "year": "2022", "month": "05", "day": "28", "Bombus species": "nevadensis", "julian_day": 148.0, "source": "iNat" }, "geometry": { "type": "Point", "coordinates": [ -111.8803056, 40.73664722 ] } },
{ "type": "Feature", "properties": { "year": "2022", "month": "05", "day": "30", "Bombus species": "huntii", "julian_day": 150.0, "source": "iNat" }, "geometry": { "type": "Point", "coordinates": [ -111.866905, 40.77873667 ] } },
{ "type": "Feature", "properties": { "year": "2022", "month": "05", "day": "31", "Bombus species": "huntii", "julian_day": 151.0, "source": "iNat" }, "geometry": { "type": "Point", "coordinates": [ -112.2398383, 37.47546167 ] } },
{ "type": "Feature", "properties": { "year": "2022", "month": "05", "day": "31", "Bombus species": "huntii", "julian_day": 151.0, "source": "iNat" }, "geometry": { "type": "Point", "coordinates": [ -111.8049447, 41.70768001 ] } },
{ "type": "Feature", "properties": { "year": "2022", "month": "06", "day": "01", "Bombus species": "griseocollis", "julian_day": 152.0, "source": "iNat" }, "geometry": { "type": "Point", "coordinates": [ -111.8251126, 40.57126039 ] } },
{ "type": "Feature", "properties": { "year": "2022", "month": "06", "day": "01", "Bombus species": "morrisoni", "julian_day": 152.0, "source": "iNat" }, "geometry": { "type": "Point", "coordinates": [ -111.1664111, 38.20925833 ] } },
{ "type": "Feature", "properties": { "year": "2022", "month": "06", "day": "02", "Bombus species": "fervidus", "julian_day": 153.0, "source": "iNat" }, "geometry": { "type": "Point", "coordinates": [ -111.96257, 41.0225195 ] } },
{ "type": "Feature", "properties": { "year": "2022", "month": "06", "day": "02", "Bombus species": "griseocollis", "julian_day": 153.0, "source": "iNat" }, "geometry": { "type": "Point", "coordinates": [ -111.8669583, 40.77872833 ] } },
{ "type": "Feature", "properties": { "year": "2022", "month": "06", "day": "03", "Bombus species": "fervidus", "julian_day": 154.0, "source": "iNat" }, "geometry": { "type": "Point", "coordinates": [ -111.9228533, 40.69872 ] } },
{ "type": "Feature", "properties": { "year": "2022", "month": "06", "day": "03", "Bombus species": "griseocollis", "julian_day": 154.0, "source": "iNat" }, "geometry": { "type": "Point", "coordinates": [ -111.8047056, 40.39194444 ] } },
{ "type": "Feature", "properties": { "year": "2022", "month": "06", "day": "03", "Bombus species": "morrisoni", "julian_day": 154.0, "source": "iNat" }, "geometry": { "type": "Point", "coordinates": [ -111.9223906, 41.11204214 ] } },
{ "type": "Feature", "properties": { "year": "2022", "month": "06", "day": "04", "Bombus species": "griseocollis", "julian_day": 155.0, "source": "iNat" }, "geometry": { "type": "Point", "coordinates": [ -111.971811, 40.7792887 ] } },
{ "type": "Feature", "properties": { "year": "2022", "month": "06", "day": "05", "Bombus species": "griseocollis", "julian_day": 156.0, "source": "iNat" }, "geometry": { "type": "Point", "coordinates": [ -111.85743, 40.755025 ] } },
{ "type": "Feature", "properties": { "year": "2022", "month": "06", "day": "06", "Bombus species": "huntii", "julian_day": 157.0, "source": "iNat" }, "geometry": { "type": "Point", "coordinates": [ -111.7321642, 41.77712808 ] } },
{ "type": "Feature", "properties": { "year": "2022", "month": "06", "day": "08", "Bombus species": "appositus", "julian_day": 159.0, "source": "iNat" }, "geometry": { "type": "Point", "coordinates": [ -111.8183368, 41.24059486 ] } },
{ "type": "Feature", "properties": { "year": "2022", "month": "06", "day": "08", "Bombus species": "huntii", "julian_day": 159.0, "source": "iNat" }, "geometry": { "type": "Point", "coordinates": [ -111.7796333, 40.57270833 ] } },
{ "type": "Feature", "properties": { "year": "2022", "month": "06", "day": "08", "Bombus species": "insularis", "julian_day": 159.0, "source": "iNat" }, "geometry": { "type": "Point", "coordinates": [ -111.5247848, 40.36317861 ] } },
{ "type": "Feature", "properties": { "year": "2022", "month": "06", "day": "09", "Bombus species": "fervidus", "julian_day": 160.0, "source": "iNat" }, "geometry": { "type": "Point", "coordinates": [ -111.8719633, 40.77518333 ] } },
{ "type": "Feature", "properties": { "year": "2022", "month": "06", "day": "09", "Bombus species": "sylvicola", "julian_day": 160.0, "source": "iNat" }, "geometry": { "type": "Point", "coordinates": [ -111.5889376, 40.6041735 ] } },
{ "type": "Feature", "properties": { "year": "2022", "month": "06", "day": "10", "Bombus species": "fervidus", "julian_day": 161.0, "source": "iNat" }, "geometry": { "type": "Point", "coordinates": [ -111.9962835, 40.6654915 ] } },
{ "type": "Feature", "properties": { "year": "2022", "month": "06", "day": "10", "Bombus species": "fervidus", "julian_day": 161.0, "source": "iNat" }, "geometry": { "type": "Point", "coordinates": [ -112.0800333, 41.15169167 ] } },
{ "type": "Feature", "properties": { "year": "2022", "month": "06", "day": "10", "Bombus species": "griseocollis", "julian_day": 161.0, "source": "iNat" }, "geometry": { "type": "Point", "coordinates": [ -111.9100196, 40.43309878 ] } },
{ "type": "Feature", "properties": { "year": "2022", "month": "06", "day": "10", "Bombus species": "griseocollis", "julian_day": 161.0, "source": "iNat" }, "geometry": { "type": "Point", "coordinates": [ -111.9115116, 40.43632188 ] } },
{ "type": "Feature", "properties": { "year": "2022", "month": "06", "day": "10", "Bombus species": "nevadensis", "julian_day": 161.0, "source": "iNat" }, "geometry": { "type": "Point", "coordinates": [ -111.234245, 40.46309167 ] } },
{ "type": "Feature", "properties": { "year": "2022", "month": "06", "day": "10", "Bombus species": "vancouverensis/bifarius", "julian_day": 161.0, "source": "iNat" }, "geometry": { "type": "Point", "coordinates": [ -111.6994398, 40.63542892 ] } },
{ "type": "Feature", "properties": { "year": "2022", "month": "06", "day": "12", "Bombus species": "fervidus", "julian_day": 163.0, "source": "iNat" }, "geometry": { "type": "Point", "coordinates": [ -112.0802222, 41.15151667 ] } },
{ "type": "Feature", "properties": { "year": "2022", "month": "06", "day": "12", "Bombus species": "griseocollis", "julian_day": 163.0, "source": "iNat" }, "geometry": { "type": "Point", "coordinates": [ -111.6862117, 40.024825 ] } },
{ "type": "Feature", "properties": { "year": "2022", "month": "06", "day": "12", "Bombus species": "griseocollis", "julian_day": 163.0, "source": "iNat" }, "geometry": { "type": "Point", "coordinates": [ -111.857728, 40.36227546 ] } },
{ "type": "Feature", "properties": { "year": "2022", "month": "06", "day": "12", "Bombus species": "griseocollis", "julian_day": 163.0, "source": "iNat" }, "geometry": { "type": "Point", "coordinates": [ -111.8247707, 40.7661478 ] } },
{ "type": "Feature", "properties": { "year": "2022", "month": "06", "day": "12", "Bombus species": "griseocollis", "julian_day": 163.0, "source": "iNat" }, "geometry": { "type": "Point", "coordinates": [ -111.8247707, 40.7661478 ] } },
{ "type": "Feature", "properties": { "year": "2022", "month": "06", "day": "12", "Bombus species": "huntii", "julian_day": 163.0, "source": "iNat" }, "geometry": { "type": "Point", "coordinates": [ -111.630712, 40.26735697 ] } },
{ "type": "Feature", "properties": { "year": "2022", "month": "06", "day": "12", "Bombus species": "huntii", "julian_day": 163.0, "source": "iNat" }, "geometry": { "type": "Point", "coordinates": [ -111.8247492, 40.7661089 ] } },
{ "type": "Feature", "properties": { "year": "2022", "month": "06", "day": "12", "Bombus species": "nevadensis", "julian_day": 163.0, "source": "iNat" }, "geometry": { "type": "Point", "coordinates": [ -111.8719333, 40.7755 ] } },
{ "type": "Feature", "properties": { "year": "2022", "month": "06", "day": "13", "Bombus species": "griseocollis", "julian_day": 164.0, "source": "iNat" }, "geometry": { "type": "Point", "coordinates": [ -111.823679, 40.76741897 ] } },
{ "type": "Feature", "properties": { "year": "2022", "month": "06", "day": "13", "Bombus species": "huntii", "julian_day": 164.0, "source": "iNat" }, "geometry": { "type": "Point", "coordinates": [ -111.6963883, 40.26336333 ] } },
{ "type": "Feature", "properties": { "year": "2022", "month": "06", "day": "14", "Bombus species": "fervidus", "julian_day": 165.0, "source": "iNat" }, "geometry": { "type": "Point", "coordinates": [ -109.17026, 40.42516 ] } },
{ "type": "Feature", "properties": { "year": "2022", "month": "06", "day": "14", "Bombus species": "griseocollis", "julian_day": 165.0, "source": "iNat" }, "geometry": { "type": "Point", "coordinates": [ -111.889136, 40.426205 ] } },
{ "type": "Feature", "properties": { "year": "2022", "month": "06", "day": "14", "Bombus species": "griseocollis", "julian_day": 165.0, "source": "iNat" }, "geometry": { "type": "Point", "coordinates": [ -111.8522117, 40.73613667 ] } },
{ "type": "Feature", "properties": { "year": "2022", "month": "06", "day": "14", "Bombus species": "huntii", "julian_day": 165.0, "source": "iNat" }, "geometry": { "type": "Point", "coordinates": [ -111.889126, 40.426186 ] } },
{ "type": "Feature", "properties": { "year": "2022", "month": "06", "day": "14", "Bombus species": "morrisoni", "julian_day": 165.0, "source": "iNat" }, "geometry": { "type": "Point", "coordinates": [ -109.17026, 40.42516 ] } },
{ "type": "Feature", "properties": { "year": "2022", "month": "06", "day": "14", "Bombus species": "morrisoni", "julian_day": 165.0, "source": "iNat" }, "geometry": { "type": "Point", "coordinates": [ -109.17026, 40.42516 ] } },
{ "type": "Feature", "properties": { "year": "2022", "month": "06", "day": "14", "Bombus species": "morrisoni", "julian_day": 165.0, "source": "iNat" }, "geometry": { "type": "Point", "coordinates": [ -109.17026, 40.42516 ] } },
{ "type": "Feature", "properties": { "year": "2022", "month": "06", "day": "14", "Bombus species": "morrisoni", "julian_day": 165.0, "source": "iNat" }, "geometry": { "type": "Point", "coordinates": [ -109.17026, 40.42516 ] } },
{ "type": "Feature", "properties": { "year": "2022", "month": "06", "day": "14", "Bombus species": "morrisoni", "julian_day": 165.0, "source": "iNat" }, "geometry": { "type": "Point", "coordinates": [ -109.17026, 40.42516 ] } },
{ "type": "Feature", "properties": { "year": "2022", "month": "06", "day": "14", "Bombus species": "morrisoni", "julian_day": 165.0, "source": "iNat" }, "geometry": { "type": "Point", "coordinates": [ -109.17026, 40.42516 ] } },
{ "type": "Feature", "properties": { "year": "2022", "month": "06", "day": "14", "Bombus species": "morrisoni", "julian_day": 165.0, "source": "iNat" }, "geometry": { "type": "Point", "coordinates": [ -109.1697955, 40.42639683 ] } },
{ "type": "Feature", "properties": { "year": "2022", "month": "06", "day": "15", "Bombus species": "huntii", "julian_day": 166.0, "source": "iNat" }, "geometry": { "type": "Point", "coordinates": [ -109.07294, 40.4897 ] } },
{ "type": "Feature", "properties": { "year": "2022", "month": "06", "day": "15", "Bombus species": "huntii", "julian_day": 166.0, "source": "iNat" }, "geometry": { "type": "Point", "coordinates": [ -109.07294, 40.4897 ] } },
{ "type": "Feature", "properties": { "year": "2022", "month": "06", "day": "16", "Bombus species": "griseocollis", "julian_day": 167.0, "source": "iNat" }, "geometry": { "type": "Point", "coordinates": [ -111.8246617, 40.76827 ] } },
{ "type": "Feature", "properties": { "year": "2022", "month": "06", "day": "17", "Bombus species": "huntii", "julian_day": 168.0, "source": "iNat" }, "geometry": { "type": "Point", "coordinates": [ -111.6257333, 40.216025 ] } },
{ "type": "Feature", "properties": { "year": "2022", "month": "06", "day": "18", "Bombus species": "fervidus", "julian_day": 169.0, "source": "iNat" }, "geometry": { "type": "Point", "coordinates": [ -111.7094498, 40.3735733 ] } },
{ "type": "Feature", "properties": { "year": "2022", "month": "06", "day": "18", "Bombus species": "griseocollis", "julian_day": 169.0, "source": "iNat" }, "geometry": { "type": "Point", "coordinates": [ -111.7106857, 40.37449265 ] } },
{ "type": "Feature", "properties": { "year": "2022", "month": "06", "day": "18", "Bombus species": "huntii", "julian_day": 169.0, "source": "iNat" }, "geometry": { "type": "Point", "coordinates": [ -111.7094498, 40.3735733 ] } },
{ "type": "Feature", "properties": { "year": "2022", "month": "06", "day": "18", "Bombus species": "huntii", "julian_day": 169.0, "source": "iNat" }, "geometry": { "type": "Point", "coordinates": [ -111.831755, 40.68558 ] } },
{ "type": "Feature", "properties": { "year": "2022", "month": "06", "day": "19", "Bombus species": "nevadensis", "julian_day": 170.0, "source": "iNat" }, "geometry": { "type": "Point", "coordinates": [ -111.858995, 40.79663333 ] } },
{ "type": "Feature", "properties": { "year": "2022", "month": "06", "day": "20", "Bombus species": "griseocollis", "julian_day": 171.0, "source": "iNat" }, "geometry": { "type": "Point", "coordinates": [ -111.90142, 41.08218883 ] } },
{ "type": "Feature", "properties": { "year": "2022", "month": "06", "day": "20", "Bombus species": "griseocollis", "julian_day": 171.0, "source": "iNat" }, "geometry": { "type": "Point", "coordinates": [ -111.901375, 41.0832055 ] } },
{ "type": "Feature", "properties": { "year": "2022", "month": "06", "day": "21", "Bombus species": "appositus", "julian_day": 172.0, "source": "iNat" }, "geometry": { "type": "Point", "coordinates": [ -111.6845824, 40.57819529 ] } },
{ "type": "Feature", "properties": { "year": "2022", "month": "06", "day": "22", "Bombus species": "huntii", "julian_day": 173.0, "source": "iNat" }, "geometry": { "type": "Point", "coordinates": [ -111.7867967, 40.6968007 ] } },
{ "type": "Feature", "properties": { "year": "2022", "month": "06", "day": "24", "Bombus species": "huntii", "julian_day": 175.0, "source": "iNat" }, "geometry": { "type": "Point", "coordinates": [ -111.9229412, 40.69879671 ] } },
{ "type": "Feature", "properties": { "year": "2022", "month": "06", "day": "25", "Bombus species": "griseocollis", "julian_day": 176.0, "source": "iNat" }, "geometry": { "type": "Point", "coordinates": [ -111.750267, 40.41405106 ] } },
{ "type": "Feature", "properties": { "year": "2022", "month": "06", "day": "25", "Bombus species": "griseocollis", "julian_day": 176.0, "source": "iNat" }, "geometry": { "type": "Point", "coordinates": [ -109.5973033, 40.51612167 ] } },
{ "type": "Feature", "properties": { "year": "2022", "month": "06", "day": "25", "Bombus species": "griseocollis", "julian_day": 176.0, "source": "iNat" }, "geometry": { "type": "Point", "coordinates": [ -111.927637, 40.9624003 ] } },
{ "type": "Feature", "properties": { "year": "2022", "month": "06", "day": "25", "Bombus species": "griseocollis", "julian_day": 176.0, "source": "iNat" }, "geometry": { "type": "Point", "coordinates": [ -111.927637, 40.9624003 ] } },
{ "type": "Feature", "properties": { "year": "2022", "month": "06", "day": "25", "Bombus species": "griseocollis", "julian_day": 176.0, "source": "iNat" }, "geometry": { "type": "Point", "coordinates": [ -111.927637, 40.9624003 ] } },
{ "type": "Feature", "properties": { "year": "2022", "month": "06", "day": "25", "Bombus species": "griseocollis", "julian_day": 176.0, "source": "iNat" }, "geometry": { "type": "Point", "coordinates": [ -111.927637, 40.9624003 ] } },
{ "type": "Feature", "properties": { "year": "2022", "month": "06", "day": "25", "Bombus species": "insularis", "julian_day": 176.0, "source": "iNat" }, "geometry": { "type": "Point", "coordinates": [ -111.7970924, 40.67162862 ] } },
{ "type": "Feature", "properties": { "year": "2022", "month": "06", "day": "25", "Bombus species": "nevadensis", "julian_day": 176.0, "source": "iNat" }, "geometry": { "type": "Point", "coordinates": [ -112.8402168, 37.61307251 ] } },
{ "type": "Feature", "properties": { "year": "2022", "month": "06", "day": "25", "Bombus species": "nevadensis", "julian_day": 176.0, "source": "iNat" }, "geometry": { "type": "Point", "coordinates": [ -111.1050638, 40.77097 ] } },
{ "type": "Feature", "properties": { "year": "2022", "month": "06", "day": "26", "Bombus species": "griseocollis", "julian_day": 177.0, "source": "iNat" }, "geometry": { "type": "Point", "coordinates": [ -111.8488016, 40.36979065 ] } },
{ "type": "Feature", "properties": { "year": "2022", "month": "06", "day": "26", "Bombus species": "nevadensis", "julian_day": 177.0, "source": "iNat" }, "geometry": { "type": "Point", "coordinates": [ -111.8460846, 40.66861166 ] } },
{ "type": "Feature", "properties": { "year": "2022", "month": "06", "day": "27", "Bombus species": "fervidus", "julian_day": 178.0, "source": "iNat" }, "geometry": { "type": "Point", "coordinates": [ -111.86833, 40.72202 ] } },
{ "type": "Feature", "properties": { "year": "2022", "month": "06", "day": "27", "Bombus species": "fervidus", "julian_day": 178.0, "source": "iNat" }, "geometry": { "type": "Point", "coordinates": [ -111.8267136, 41.82374191 ] } },
{ "type": "Feature", "properties": { "year": "2022", "month": "06", "day": "27", "Bombus species": "griseocollis", "julian_day": 178.0, "source": "iNat" }, "geometry": { "type": "Point", "coordinates": [ -111.7991751, 40.65102553 ] } },
{ "type": "Feature", "properties": { "year": "2022", "month": "06", "day": "29", "Bombus species": "fervidus", "julian_day": 180.0, "source": "iNat" }, "geometry": { "type": "Point", "coordinates": [ -109.89222, 40.25794167 ] } },
{ "type": "Feature", "properties": { "year": "2022", "month": "06", "day": "29", "Bombus species": "rufocinctus", "julian_day": 180.0, "source": "iNat" }, "geometry": { "type": "Point", "coordinates": [ -111.6861644, 40.57911423 ] } },
{ "type": "Feature", "properties": { "year": "2022", "month": "06", "day": "30", "Bombus species": "fervidus", "julian_day": 181.0, "source": "iNat" }, "geometry": { "type": "Point", "coordinates": [ -111.812809, 40.46608944 ] } },
{ "type": "Feature", "properties": { "year": "2022", "month": "06", "day": "30", "Bombus species": "griseocollis", "julian_day": 181.0, "source": "iNat" }, "geometry": { "type": "Point", "coordinates": [ -109.5834667, 40.47753667 ] } },
{ "type": "Feature", "properties": { "year": "2022", "month": "06", "day": "30", "Bombus species": "griseocollis", "julian_day": 181.0, "source": "iNat" }, "geometry": { "type": "Point", "coordinates": [ -111.750105, 41.74578667 ] } },
{ "type": "Feature", "properties": { "year": "2022", "month": "06", "day": "30", "Bombus species": "huntii", "julian_day": 181.0, "source": "iNat" }, "geometry": { "type": "Point", "coordinates": [ -112.160163, 37.680948 ] } },
{ "type": "Feature", "properties": { "year": "2022", "month": "06", "day": "30", "Bombus species": "nevadensis", "julian_day": 181.0, "source": "iNat" }, "geometry": { "type": "Point", "coordinates": [ -111.905465, 40.45979208 ] } },
{ "type": "Feature", "properties": { "year": "2022", "month": "07", "day": "01", "Bombus species": "griseocollis", "julian_day": 182.0, "source": "iNat" }, "geometry": { "type": "Point", "coordinates": [ -111.9705811, 41.08808899 ] } },
{ "type": "Feature", "properties": { "year": "2022", "month": "07", "day": "01", "Bombus species": "griseocollis", "julian_day": 182.0, "source": "iNat" }, "geometry": { "type": "Point", "coordinates": [ -111.9706039, 41.08811188 ] } },
{ "type": "Feature", "properties": { "year": "2022", "month": "07", "day": "02", "Bombus species": "griseocollis", "julian_day": 183.0, "source": "iNat" }, "geometry": { "type": "Point", "coordinates": [ -111.8976326, 40.35567341 ] } },
{ "type": "Feature", "properties": { "year": "2022", "month": "07", "day": "02", "Bombus species": "insularis", "julian_day": 183.0, "source": "iNat" }, "geometry": { "type": "Point", "coordinates": [ -111.7151867, 40.69502167 ] } },
{ "type": "Feature", "properties": { "year": "2022", "month": "07", "day": "02", "Bombus species": "insularis", "julian_day": 183.0, "source": "iNat" }, "geometry": { "type": "Point", "coordinates": [ -111.7165617, 40.69603667 ] } },
{ "type": "Feature", "properties": { "year": "2022", "month": "07", "day": "02", "Bombus species": "insularis", "julian_day": 183.0, "source": "iNat" }, "geometry": { "type": "Point", "coordinates": [ -111.69407, 40.70370833 ] } },
{ "type": "Feature", "properties": { "year": "2022", "month": "07", "day": "02", "Bombus species": "vancouverensis/bifarius", "julian_day": 183.0, "source": "iNat" }, "geometry": { "type": "Point", "coordinates": [ -111.71653, 40.69599167 ] } },
{ "type": "Feature", "properties": { "year": "2022", "month": "07", "day": "04", "Bombus species": "griseocollis", "julian_day": 185.0, "source": "iNat" }, "geometry": { "type": "Point", "coordinates": [ -111.837019, 40.79943657 ] } },
{ "type": "Feature", "properties": { "year": "2022", "month": "07", "day": "04", "Bombus species": "griseocollis", "julian_day": 185.0, "source": "iNat" }, "geometry": { "type": "Point", "coordinates": [ -111.9251604, 40.9608445 ] } },
{ "type": "Feature", "properties": { "year": "2022", "month": "07", "day": "04", "Bombus species": "griseocollis", "julian_day": 185.0, "source": "iNat" }, "geometry": { "type": "Point", "coordinates": [ -111.9261638, 40.96105084 ] } },
{ "type": "Feature", "properties": { "year": "2022", "month": "07", "day": "06", "Bombus species": "appositus", "julian_day": 187.0, "source": "iNat" }, "geometry": { "type": "Point", "coordinates": [ -111.9770702, 41.39051971 ] } },
{ "type": "Feature", "properties": { "year": "2022", "month": "07", "day": "06", "Bombus species": "griseocollis", "julian_day": 187.0, "source": "iNat" }, "geometry": { "type": "Point", "coordinates": [ -111.888652, 40.426279 ] } },
{ "type": "Feature", "properties": { "year": "2022", "month": "07", "day": "06", "Bombus species": "griseocollis", "julian_day": 187.0, "source": "iNat" }, "geometry": { "type": "Point", "coordinates": [ -111.883255, 40.75094667 ] } },
{ "type": "Feature", "properties": { "year": "2022", "month": "07", "day": "06", "Bombus species": "morrisoni", "julian_day": 187.0, "source": "iNat" }, "geometry": { "type": "Point", "coordinates": [ -109.6216767, 38.61391667 ] } },
{ "type": "Feature", "properties": { "year": "2022", "month": "07", "day": "07", "Bombus species": "huntii", "julian_day": 188.0, "source": "iNat" }, "geometry": { "type": "Point", "coordinates": [ -111.9300365, 41.30867174 ] } },
{ "type": "Feature", "properties": { "year": "2022", "month": "07", "day": "08", "Bombus species": "nevadensis", "julian_day": 189.0, "source": "iNat" }, "geometry": { "type": "Point", "coordinates": [ -110.7956419, 38.07422565 ] } },
{ "type": "Feature", "properties": { "year": "2022", "month": "07", "day": "09", "Bombus species": "centralis", "julian_day": 190.0, "source": "iNat" }, "geometry": { "type": "Point", "coordinates": [ -111.83653, 40.55246208 ] } },
{ "type": "Feature", "properties": { "year": "2022", "month": "07", "day": "09", "Bombus species": "huntii", "julian_day": 190.0, "source": "iNat" }, "geometry": { "type": "Point", "coordinates": [ -111.8667084, 40.78224956 ] } },
{ "type": "Feature", "properties": { "year": "2022", "month": "07", "day": "09", "Bombus species": "huntii", "julian_day": 190.0, "source": "iNat" }, "geometry": { "type": "Point", "coordinates": [ -109.3112916, 40.9109265 ] } },
{ "type": "Feature", "properties": { "year": "2022", "month": "07", "day": "09", "Bombus species": "nevadensis", "julian_day": 190.0, "source": "iNat" }, "geometry": { "type": "Point", "coordinates": [ -110.7513717, 39.67955333 ] } },
{ "type": "Feature", "properties": { "year": "2022", "month": "07", "day": "10", "Bombus species": "appositus", "julian_day": 191.0, "source": "iNat" }, "geometry": { "type": "Point", "coordinates": [ -111.7892083, 41.37963667 ] } },
{ "type": "Feature", "properties": { "year": "2022", "month": "07", "day": "11", "Bombus species": "centralis", "julian_day": 192.0, "source": "iNat" }, "geometry": { "type": "Point", "coordinates": [ -111.5465588, 40.6945193 ] } },
{ "type": "Feature", "properties": { "year": "2022", "month": "07", "day": "11", "Bombus species": "huntii", "julian_day": 192.0, "source": "iNat" }, "geometry": { "type": "Point", "coordinates": [ -113.1931444, 37.43221944 ] } },
{ "type": "Feature", "properties": { "year": "2022", "month": "07", "day": "12", "Bombus species": "huntii", "julian_day": 193.0, "source": "iNat" }, "geometry": { "type": "Point", "coordinates": [ -111.6636276, 40.22481537 ] } },
{ "type": "Feature", "properties": { "year": "2022", "month": "07", "day": "12", "Bombus species": "huntii", "julian_day": 193.0, "source": "iNat" }, "geometry": { "type": "Point", "coordinates": [ -111.8641586, 40.59785461 ] } },
{ "type": "Feature", "properties": { "year": "2022", "month": "07", "day": "13", "Bombus species": "fervidus", "julian_day": 194.0, "source": "iNat" }, "geometry": { "type": "Point", "coordinates": [ -111.8758, 40.74283833 ] } },
{ "type": "Feature", "properties": { "year": "2022", "month": "07", "day": "13", "Bombus species": "huntii", "julian_day": 194.0, "source": "iNat" }, "geometry": { "type": "Point", "coordinates": [ -111.8757383, 40.742845 ] } },
{ "type": "Feature", "properties": { "year": "2022", "month": "07", "day": "14", "Bombus species": "fervidus", "julian_day": 195.0, "source": "iNat" }, "geometry": { "type": "Point", "coordinates": [ -111.8650509, 40.52228015 ] } },
{ "type": "Feature", "properties": { "year": "2022", "month": "07", "day": "14", "Bombus species": "huntii", "julian_day": 195.0, "source": "iNat" }, "geometry": { "type": "Point", "coordinates": [ -111.9300365, 41.30867174 ] } },
{ "type": "Feature", "properties": { "year": "2022", "month": "07", "day": "15", "Bombus species": "fervidus", "julian_day": 196.0, "source": "iNat" }, "geometry": { "type": "Point", "coordinates": [ -111.836553, 40.5524877 ] } },
{ "type": "Feature", "properties": { "year": "2022", "month": "07", "day": "15", "Bombus species": "fervidus", "julian_day": 196.0, "source": "iNat" }, "geometry": { "type": "Point", "coordinates": [ -111.8667667, 40.778605 ] } },
{ "type": "Feature", "properties": { "year": "2022", "month": "07", "day": "15", "Bombus species": "huntii", "julian_day": 196.0, "source": "iNat" }, "geometry": { "type": "Point", "coordinates": [ -111.927895, 40.60145333 ] } },
{ "type": "Feature", "properties": { "year": "2022", "month": "07", "day": "15", "Bombus species": "huntii", "julian_day": 196.0, "source": "iNat" }, "geometry": { "type": "Point", "coordinates": [ -111.9279167, 40.60146667 ] } },
{ "type": "Feature", "properties": { "year": "2022", "month": "07", "day": "16", "Bombus species": "fervidus", "julian_day": 197.0, "source": "iNat" }, "geometry": { "type": "Point", "coordinates": [ -111.8719033, 40.775455 ] } },
{ "type": "Feature", "properties": { "year": "2022", "month": "07", "day": "16", "Bombus species": "griseocollis", "julian_day": 197.0, "source": "iNat" }, "geometry": { "type": "Point", "coordinates": [ -111.8707743, 40.36665173 ] } },
{ "type": "Feature", "properties": { "year": "2022", "month": "07", "day": "16", "Bombus species": "huntii", "julian_day": 197.0, "source": "iNat" }, "geometry": { "type": "Point", "coordinates": [ -111.8688367, 40.734445 ] } },
{ "type": "Feature", "properties": { "year": "2022", "month": "07", "day": "16", "Bombus species": "nevadensis", "julian_day": 197.0, "source": "iNat" }, "geometry": { "type": "Point", "coordinates": [ -111.8419535, 40.73624066 ] } },
{ "type": "Feature", "properties": { "year": "2022", "month": "07", "day": "17", "Bombus species": "fervidus", "julian_day": 198.0, "source": "iNat" }, "geometry": { "type": "Point", "coordinates": [ -111.8719783, 40.77523 ] } },
{ "type": "Feature", "properties": { "year": "2022", "month": "07", "day": "18", "Bombus species": "huntii", "julian_day": 199.0, "source": "iNat" }, "geometry": { "type": "Point", "coordinates": [ -112.236747, 37.4727787 ] } },
{ "type": "Feature", "properties": { "year": "2022", "month": "07", "day": "18", "Bombus species": "huntii", "julian_day": 199.0, "source": "iNat" }, "geometry": { "type": "Point", "coordinates": [ -111.9300365, 41.30867174 ] } },
{ "type": "Feature", "properties": { "year": "2022", "month": "07", "day": "18", "Bombus species": "nevadensis", "julian_day": 199.0, "source": "iNat" }, "geometry": { "type": "Point", "coordinates": [ -111.887587, 40.42610006 ] } },
{ "type": "Feature", "properties": { "year": "2022", "month": "07", "day": "18", "Bombus species": "nevadensis", "julian_day": 199.0, "source": "iNat" }, "geometry": { "type": "Point", "coordinates": [ -111.5843417, 40.871005 ] } },
{ "type": "Feature", "properties": { "year": "2022", "month": "07", "day": "19", "Bombus species": "huntii", "julian_day": 200.0, "source": "iNat" }, "geometry": { "type": "Point", "coordinates": [ -111.9261434, 40.638242 ] } },
{ "type": "Feature", "properties": { "year": "2022", "month": "07", "day": "19", "Bombus species": "huntii", "julian_day": 200.0, "source": "iNat" }, "geometry": { "type": "Point", "coordinates": [ -111.471994, 40.72423486 ] } },
{ "type": "Feature", "properties": { "year": "2022", "month": "07", "day": "19", "Bombus species": "huntii", "julian_day": 200.0, "source": "iNat" }, "geometry": { "type": "Point", "coordinates": [ -111.8667917, 40.77864167 ] } },
{ "type": "Feature", "properties": { "year": "2022", "month": "07", "day": "19", "Bombus species": "huntii", "julian_day": 200.0, "source": "iNat" }, "geometry": { "type": "Point", "coordinates": [ -111.5760271, 41.42301163 ] } },
{ "type": "Feature", "properties": { "year": "2022", "month": "07", "day": "19", "Bombus species": "nevadensis", "julian_day": 200.0, "source": "iNat" }, "geometry": { "type": "Point", "coordinates": [ -112.2773873, 37.40870036 ] } },
{ "type": "Feature", "properties": { "year": "2022", "month": "07", "day": "21", "Bombus species": "huntii", "julian_day": 202.0, "source": "iNat" }, "geometry": { "type": "Point", "coordinates": [ -111.9909367, 40.68158 ] } },
{ "type": "Feature", "properties": { "year": "2022", "month": "07", "day": "22", "Bombus species": "huntii", "julian_day": 203.0, "source": "iNat" }, "geometry": { "type": "Point", "coordinates": [ -111.6389338, 40.73917457 ] } },
{ "type": "Feature", "properties": { "year": "2022", "month": "07", "day": "23", "Bombus species": "appositus", "julian_day": 204.0, "source": "iNat" }, "geometry": { "type": "Point", "coordinates": [ -111.5829638, 40.5971242 ] } },
{ "type": "Feature", "properties": { "year": "2022", "month": "07", "day": "23", "Bombus species": "griseocollis", "julian_day": 204.0, "source": "iNat" }, "geometry": { "type": "Point", "coordinates": [ -111.927637, 40.9624036 ] } },
{ "type": "Feature", "properties": { "year": "2022", "month": "07", "day": "23", "Bombus species": "huntii", "julian_day": 204.0, "source": "iNat" }, "geometry": { "type": "Point", "coordinates": [ -111.8719867, 40.77521167 ] } },
{ "type": "Feature", "properties": { "year": "2022", "month": "07", "day": "24", "Bombus species": "fervidus", "julian_day": 205.0, "source": "iNat" }, "geometry": { "type": "Point", "coordinates": [ -111.86412, 40.722755 ] } },
{ "type": "Feature", "properties": { "year": "2022", "month": "07", "day": "24", "Bombus species": "huntii", "julian_day": 205.0, "source": "iNat" }, "geometry": { "type": "Point", "coordinates": [ -111.9229569, 40.69902776 ] } },
{ "type": "Feature", "properties": { "year": "2022", "month": "07", "day": "25", "Bombus species": "huntii", "julian_day": 206.0, "source": "iNat" }, "geometry": { "type": "Point", "coordinates": [ -111.9845193, 40.78970898 ] } },
{ "type": "Feature", "properties": { "year": "2022", "month": "07", "day": "26", "Bombus species": "appositus", "julian_day": 207.0, "source": "iNat" }, "geometry": { "type": "Point", "coordinates": [ -111.8247707, 40.7661478 ] } },
{ "type": "Feature", "properties": { "year": "2022", "month": "07", "day": "26", "Bombus species": "griseocollis", "julian_day": 207.0, "source": "iNat" }, "geometry": { "type": "Point", "coordinates": [ -111.8230524, 40.7659278 ] } },
{ "type": "Feature", "properties": { "year": "2022", "month": "07", "day": "26", "Bombus species": "huntii", "julian_day": 207.0, "source": "iNat" }, "geometry": { "type": "Point", "coordinates": [ -111.8241064, 40.7663122 ] } },
{ "type": "Feature", "properties": { "year": "2022", "month": "07", "day": "28", "Bombus species": "fervidus", "julian_day": 209.0, "source": "iNat" }, "geometry": { "type": "Point", "coordinates": [ -111.8828375, 40.44378575 ] } },
{ "type": "Feature", "properties": { "year": "2022", "month": "07", "day": "28", "Bombus species": "fervidus", "julian_day": 209.0, "source": "iNat" }, "geometry": { "type": "Point", "coordinates": [ -111.8828375, 40.44378575 ] } },
{ "type": "Feature", "properties": { "year": "2022", "month": "07", "day": "28", "Bombus species": "huntii", "julian_day": 209.0, "source": "iNat" }, "geometry": { "type": "Point", "coordinates": [ -111.6661421, 41.69652628 ] } },
{ "type": "Feature", "properties": { "year": "2022", "month": "07", "day": "28", "Bombus species": "nevadensis", "julian_day": 209.0, "source": "iNat" }, "geometry": { "type": "Point", "coordinates": [ -111.2752698, 41.24041818 ] } },
{ "type": "Feature", "properties": { "year": "2022", "month": "07", "day": "29", "Bombus species": "fervidus", "julian_day": 210.0, "source": "iNat" }, "geometry": { "type": "Point", "coordinates": [ -111.9962394, 40.66558219 ] } },
{ "type": "Feature", "properties": { "year": "2022", "month": "07", "day": "29", "Bombus species": "huntii", "julian_day": 210.0, "source": "iNat" }, "geometry": { "type": "Point", "coordinates": [ -111.9963827, 40.66553872 ] } },
{ "type": "Feature", "properties": { "year": "2022", "month": "07", "day": "30", "Bombus species": "griseocollis", "julian_day": 211.0, "source": "iNat" }, "geometry": { "type": "Point", "coordinates": [ -111.8667667, 40.77863667 ] } },
{ "type": "Feature", "properties": { "year": "2022", "month": "07", "day": "31", "Bombus species": "huntii", "julian_day": 212.0, "source": "iNat" }, "geometry": { "type": "Point", "coordinates": [ -111.8139267, 41.72741731 ] } },
{ "type": "Feature", "properties": { "year": "2022", "month": "07", "day": "31", "Bombus species": "morrisoni", "julian_day": 212.0, "source": "iNat" }, "geometry": { "type": "Point", "coordinates": [ -109.1708267, 40.42474909 ] } },
{ "type": "Feature", "properties": { "year": "2022", "month": "08", "day": "01", "Bombus species": "huntii", "julian_day": 213.0, "source": "iNat" }, "geometry": { "type": "Point", "coordinates": [ -109.073159, 40.49103243 ] } },
{ "type": "Feature", "properties": { "year": "2022", "month": "08", "day": "01", "Bombus species": "huntii", "julian_day": 213.0, "source": "iNat" }, "geometry": { "type": "Point", "coordinates": [ -111.9124533, 40.66346333 ] } },
{ "type": "Feature", "properties": { "year": "2022", "month": "08", "day": "01", "Bombus species": "huntii", "julian_day": 213.0, "source": "iNat" }, "geometry": { "type": "Point", "coordinates": [ -111.8638833, 40.69534667 ] } },
{ "type": "Feature", "properties": { "year": "2022", "month": "08", "day": "01", "Bombus species": "huntii", "julian_day": 213.0, "source": "iNat" }, "geometry": { "type": "Point", "coordinates": [ -111.9300365, 41.30867174 ] } },
{ "type": "Feature", "properties": { "year": "2022", "month": "08", "day": "01", "Bombus species": "rufocinctus", "julian_day": 213.0, "source": "iNat" }, "geometry": { "type": "Point", "coordinates": [ -111.8292201, 40.81335483 ] } },
{ "type": "Feature", "properties": { "year": "2022", "month": "08", "day": "02", "Bombus species": "fervidus", "julian_day": 214.0, "source": "iNat" }, "geometry": { "type": "Point", "coordinates": [ -111.6738139, 40.24068056 ] } },
{ "type": "Feature", "properties": { "year": "2022", "month": "08", "day": "02", "Bombus species": "griseocollis", "julian_day": 214.0, "source": "iNat" }, "geometry": { "type": "Point", "coordinates": [ -111.848795, 40.76499667 ] } },
{ "type": "Feature", "properties": { "year": "2022", "month": "08", "day": "02", "Bombus species": "occidentalis", "julian_day": 214.0, "source": "iNat" }, "geometry": { "type": "Point", "coordinates": [ -112.8927167, 37.59425334 ] } },
{ "type": "Feature", "properties": { "year": "2022", "month": "08", "day": "03", "Bombus species": "fervidus", "julian_day": 215.0, "source": "iNat" }, "geometry": { "type": "Point", "coordinates": [ -111.9962074, 40.66549955 ] } },
{ "type": "Feature", "properties": { "year": "2022", "month": "08", "day": "03", "Bombus species": "huntii", "julian_day": 215.0, "source": "iNat" }, "geometry": { "type": "Point", "coordinates": [ -111.9961826, 40.66551456 ] } },
{ "type": "Feature", "properties": { "year": "2022", "month": "08", "day": "03", "Bombus species": "huntii", "julian_day": 215.0, "source": "iNat" }, "geometry": { "type": "Point", "coordinates": [ -111.9963284, 40.6656234 ] } },
{ "type": "Feature", "properties": { "year": "2022", "month": "08", "day": "04", "Bombus species": "griseocollis", "julian_day": 216.0, "source": "iNat" }, "geometry": { "type": "Point", "coordinates": [ -110.0429296, 40.3602344 ] } },
{ "type": "Feature", "properties": { "year": "2022", "month": "08", "day": "04", "Bombus species": "griseocollis", "julian_day": 216.0, "source": "iNat" }, "geometry": { "type": "Point", "coordinates": [ -111.9657617, 41.16000833 ] } },
{ "type": "Feature", "properties": { "year": "2022", "month": "08", "day": "04", "Bombus species": "huntii", "julian_day": 216.0, "source": "iNat" }, "geometry": { "type": "Point", "coordinates": [ -111.9961866, 40.66556313 ] } },
{ "type": "Feature", "properties": { "year": "2022", "month": "08", "day": "04", "Bombus species": "occidentalis", "julian_day": 216.0, "source": "iNat" }, "geometry": { "type": "Point", "coordinates": [ -111.754683, 40.77352719 ] } },
{ "type": "Feature", "properties": { "year": "2022", "month": "08", "day": "05", "Bombus species": "griseocollis", "julian_day": 217.0, "source": "iNat" }, "geometry": { "type": "Point", "coordinates": [ -111.6377688, 40.23672809 ] } },
{ "type": "Feature", "properties": { "year": "2022", "month": "08", "day": "06", "Bombus species": "griseocollis", "julian_day": 218.0, "source": "iNat" }, "geometry": { "type": "Point", "coordinates": [ -111.627687, 40.21554472 ] } },
{ "type": "Feature", "properties": { "year": "2022", "month": "08", "day": "06", "Bombus species": "griseocollis", "julian_day": 218.0, "source": "iNat" }, "geometry": { "type": "Point", "coordinates": [ -111.7525707, 40.24052262 ] } },
{ "type": "Feature", "properties": { "year": "2022", "month": "08", "day": "06", "Bombus species": "griseocollis", "julian_day": 218.0, "source": "iNat" }, "geometry": { "type": "Point", "coordinates": [ -111.7090216, 40.26217927 ] } },
{ "type": "Feature", "properties": { "year": "2022", "month": "08", "day": "06", "Bombus species": "huntii", "julian_day": 218.0, "source": "iNat" }, "geometry": { "type": "Point", "coordinates": [ -111.6165787, 40.35517981 ] } },
{ "type": "Feature", "properties": { "year": "2022", "month": "08", "day": "06", "Bombus species": "huntii", "julian_day": 218.0, "source": "iNat" }, "geometry": { "type": "Point", "coordinates": [ -111.7598119, 40.77095237 ] } },
{ "type": "Feature", "properties": { "year": "2022", "month": "08", "day": "06", "Bombus species": "vancouverensis/bifarius", "julian_day": 218.0, "source": "iNat" }, "geometry": { "type": "Point", "coordinates": [ -111.6815996, 40.78092495 ] } },
{ "type": "Feature", "properties": { "year": "2022", "month": "08", "day": "07", "Bombus species": "griseocollis", "julian_day": 219.0, "source": "iNat" }, "geometry": { "type": "Point", "coordinates": [ -111.7349126, 41.60851618 ] } },
{ "type": "Feature", "properties": { "year": "2022", "month": "08", "day": "07", "Bombus species": "huntii", "julian_day": 219.0, "source": "iNat" }, "geometry": { "type": "Point", "coordinates": [ -111.9930269, 40.5434297 ] } },
{ "type": "Feature", "properties": { "year": "2022", "month": "08", "day": "07", "Bombus species": "huntii", "julian_day": 219.0, "source": "iNat" }, "geometry": { "type": "Point", "coordinates": [ -111.41465, 40.64605713 ] } },
{ "type": "Feature", "properties": { "year": "2022", "month": "08", "day": "07", "Bombus species": "insularis", "julian_day": 219.0, "source": "iNat" }, "geometry": { "type": "Point", "coordinates": [ -111.6360723, 40.65077019 ] } },
{ "type": "Feature", "properties": { "year": "2022", "month": "08", "day": "07", "Bombus species": "nevadensis", "julian_day": 219.0, "source": "iNat" }, "geometry": { "type": "Point", "coordinates": [ -111.41465, 40.64605713 ] } },
{ "type": "Feature", "properties": { "year": "2022", "month": "08", "day": "08", "Bombus species": "fervidus", "julian_day": 220.0, "source": "iNat" }, "geometry": { "type": "Point", "coordinates": [ -112.0804222, 41.15174167 ] } },
{ "type": "Feature", "properties": { "year": "2022", "month": "08", "day": "08", "Bombus species": "griseocollis", "julian_day": 220.0, "source": "iNat" }, "geometry": { "type": "Point", "coordinates": [ -111.6549376, 40.27627643 ] } },
{ "type": "Feature", "properties": { "year": "2022", "month": "08", "day": "08", "Bombus species": "griseocollis", "julian_day": 220.0, "source": "iNat" }, "geometry": { "type": "Point", "coordinates": [ -111.6440279, 40.73709741 ] } },
{ "type": "Feature", "properties": { "year": "2022", "month": "08", "day": "08", "Bombus species": "griseocollis", "julian_day": 220.0, "source": "iNat" }, "geometry": { "type": "Point", "coordinates": [ -111.8240717, 40.76449667 ] } },
{ "type": "Feature", "properties": { "year": "2022", "month": "08", "day": "08", "Bombus species": "huntii", "julian_day": 220.0, "source": "iNat" }, "geometry": { "type": "Point", "coordinates": [ -111.8218217, 41.265975 ] } },
{ "type": "Feature", "properties": { "year": "2022", "month": "08", "day": "09", "Bombus species": "appositus", "julian_day": 221.0, "source": "iNat" }, "geometry": { "type": "Point", "coordinates": [ -111.1450885, 40.57691877 ] } },
{ "type": "Feature", "properties": { "year": "2022", "month": "08", "day": "09", "Bombus species": "griseocollis", "julian_day": 221.0, "source": "iNat" }, "geometry": { "type": "Point", "coordinates": [ -111.9407759, 41.06368556 ] } },
{ "type": "Feature", "properties": { "year": "2022", "month": "08", "day": "09", "Bombus species": "huntii", "julian_day": 221.0, "source": "iNat" }, "geometry": { "type": "Point", "coordinates": [ -111.8910474, 40.76069775 ] } },
{ "type": "Feature", "properties": { "year": "2022", "month": "08", "day": "09", "Bombus species": "morrisoni", "julian_day": 221.0, "source": "iNat" }, "geometry": { "type": "Point", "coordinates": [ -111.8063333, 41.70031111 ] } },
{ "type": "Feature", "properties": { "year": "2022", "month": "08", "day": "10", "Bombus species": "griseocollis", "julian_day": 222.0, "source": "iNat" }, "geometry": { "type": "Point", "coordinates": [ -111.8260674, 40.76675682 ] } },
{ "type": "Feature", "properties": { "year": "2022", "month": "08", "day": "10", "Bombus species": "griseocollis", "julian_day": 222.0, "source": "iNat" }, "geometry": { "type": "Point", "coordinates": [ -111.9540783, 40.84468833 ] } },
{ "type": "Feature", "properties": { "year": "2022", "month": "08", "day": "10", "Bombus species": "griseocollis", "julian_day": 222.0, "source": "iNat" }, "geometry": { "type": "Point", "coordinates": [ -111.9541867, 40.84483667 ] } },
{ "type": "Feature", "properties": { "year": "2022", "month": "08", "day": "10", "Bombus species": "huntii", "julian_day": 222.0, "source": "iNat" }, "geometry": { "type": "Point", "coordinates": [ -111.8258739, 40.76595566 ] } },
{ "type": "Feature", "properties": { "year": "2022", "month": "08", "day": "10", "Bombus species": "huntii", "julian_day": 222.0, "source": "iNat" }, "geometry": { "type": "Point", "coordinates": [ -111.971053, 41.06019816 ] } },
{ "type": "Feature", "properties": { "year": "2022", "month": "08", "day": "10", "Bombus species": "pensylvanicus", "julian_day": 222.0, "source": "iNat" }, "geometry": { "type": "Point", "coordinates": [ -109.5402917, 38.57209667 ] } },
{ "type": "Feature", "properties": { "year": "2022", "month": "08", "day": "11", "Bombus species": "centralis", "julian_day": 223.0, "source": "iNat" }, "geometry": { "type": "Point", "coordinates": [ -111.6855432, 40.57131332 ] } },
{ "type": "Feature", "properties": { "year": "2022", "month": "08", "day": "11", "Bombus species": "fervidus", "julian_day": 223.0, "source": "iNat" }, "geometry": { "type": "Point", "coordinates": [ -111.868355, 40.72206167 ] } },
{ "type": "Feature", "properties": { "year": "2022", "month": "08", "day": "11", "Bombus species": "griseocollis", "julian_day": 223.0, "source": "iNat" }, "geometry": { "type": "Point", "coordinates": [ -109.3251633, 40.90940833 ] } },
{ "type": "Feature", "properties": { "year": "2022", "month": "08", "day": "11", "Bombus species": "occidentalis", "julian_day": 223.0, "source": "iNat" }, "geometry": { "type": "Point", "coordinates": [ -112.9008084, 37.57063822 ] } },
{ "type": "Feature", "properties": { "year": "2022", "month": "08", "day": "11", "Bombus species": "occidentalis", "julian_day": 223.0, "source": "iNat" }, "geometry": { "type": "Point", "coordinates": [ -112.8973567, 37.57284369 ] } },
{ "type": "Feature", "properties": { "year": "2022", "month": "08", "day": "12", "Bombus species": "appositus", "julian_day": 224.0, "source": "iNat" }, "geometry": { "type": "Point", "coordinates": [ -111.6475967, 40.647105 ] } },
{ "type": "Feature", "properties": { "year": "2022", "month": "08", "day": "12", "Bombus species": "griseocollis", "julian_day": 224.0, "source": "iNat" }, "geometry": { "type": "Point", "coordinates": [ -111.6213306, 40.56717222 ] } },
{ "type": "Feature", "properties": { "year": "2022", "month": "08", "day": "12", "Bombus species": "griseocollis", "julian_day": 224.0, "source": "iNat" }, "geometry": { "type": "Point", "coordinates": [ -111.8719867, 40.77523333 ] } },
{ "type": "Feature", "properties": { "year": "2022", "month": "08", "day": "12", "Bombus species": "huntii", "julian_day": 224.0, "source": "iNat" }, "geometry": { "type": "Point", "coordinates": [ -111.8931407, 41.00257034 ] } },
{ "type": "Feature", "properties": { "year": "2022", "month": "08", "day": "13", "Bombus species": "griseocollis", "julian_day": 225.0, "source": "iNat" }, "geometry": { "type": "Point", "coordinates": [ -111.8364667, 40.55223307 ] } },
{ "type": "Feature", "properties": { "year": "2022", "month": "08", "day": "13", "Bombus species": "griseocollis", "julian_day": 225.0, "source": "iNat" }, "geometry": { "type": "Point", "coordinates": [ -111.836531, 40.55257892 ] } },
{ "type": "Feature", "properties": { "year": "2022", "month": "08", "day": "13", "Bombus species": "griseocollis", "julian_day": 225.0, "source": "iNat" }, "geometry": { "type": "Point", "coordinates": [ -111.8580033, 40.75996167 ] } },
{ "type": "Feature", "properties": { "year": "2022", "month": "08", "day": "13", "Bombus species": "huntii", "julian_day": 225.0, "source": "iNat" }, "geometry": { "type": "Point", "coordinates": [ -113.067004, 37.66275397 ] } },
{ "type": "Feature", "properties": { "year": "2022", "month": "08", "day": "13", "Bombus species": "huntii", "julian_day": 225.0, "source": "iNat" }, "geometry": { "type": "Point", "coordinates": [ -111.8364866, 40.55254848 ] } },
{ "type": "Feature", "properties": { "year": "2022", "month": "08", "day": "13", "Bombus species": "huntii", "julian_day": 225.0, "source": "iNat" }, "geometry": { "type": "Point", "coordinates": [ -109.546355, 40.88013833 ] } },
{ "type": "Feature", "properties": { "year": "2022", "month": "08", "day": "13", "Bombus species": "morrisoni", "julian_day": 225.0, "source": "iNat" }, "geometry": { "type": "Point", "coordinates": [ -109.68432, 38.95171167 ] } },
{ "type": "Feature", "properties": { "year": "2022", "month": "08", "day": "13", "Bombus species": "rufocinctus", "julian_day": 225.0, "source": "iNat" }, "geometry": { "type": "Point", "coordinates": [ -111.6185001, 40.42397399 ] } },
{ "type": "Feature", "properties": { "year": "2022", "month": "08", "day": "14", "Bombus species": "centralis", "julian_day": 226.0, "source": "iNat" }, "geometry": { "type": "Point", "coordinates": [ -111.7762242, 41.67404598 ] } },
{ "type": "Feature", "properties": { "year": "2022", "month": "08", "day": "14", "Bombus species": "fervidus", "julian_day": 226.0, "source": "iNat" }, "geometry": { "type": "Point", "coordinates": [ -111.9542626, 41.2819 ] } },
{ "type": "Feature", "properties": { "year": "2022", "month": "08", "day": "14", "Bombus species": "huntii", "julian_day": 226.0, "source": "iNat" }, "geometry": { "type": "Point", "coordinates": [ -111.8649, 40.55636167 ] } },
{ "type": "Feature", "properties": { "year": "2022", "month": "08", "day": "14", "Bombus species": "huntii", "julian_day": 226.0, "source": "iNat" }, "geometry": { "type": "Point", "coordinates": [ -111.8666761, 40.65719689 ] } },
{ "type": "Feature", "properties": { "year": "2022", "month": "08", "day": "14", "Bombus species": "huntii", "julian_day": 226.0, "source": "iNat" }, "geometry": { "type": "Point", "coordinates": [ -111.866843, 40.657432 ] } },
{ "type": "Feature", "properties": { "year": "2022", "month": "08", "day": "14", "Bombus species": "huntii", "julian_day": 226.0, "source": "iNat" }, "geometry": { "type": "Point", "coordinates": [ -111.866231, 40.657496 ] } },
{ "type": "Feature", "properties": { "year": "2022", "month": "08", "day": "14", "Bombus species": "morrisoni", "julian_day": 226.0, "source": "iNat" }, "geometry": { "type": "Point", "coordinates": [ -112.9484117, 37.30367 ] } },
{ "type": "Feature", "properties": { "year": "2022", "month": "08", "day": "15", "Bombus species": "centralis", "julian_day": 227.0, "source": "iNat" }, "geometry": { "type": "Point", "coordinates": [ -111.6855825, 40.56791466 ] } },
{ "type": "Feature", "properties": { "year": "2022", "month": "08", "day": "15", "Bombus species": "centralis", "julian_day": 227.0, "source": "iNat" }, "geometry": { "type": "Point", "coordinates": [ -110.9688867, 40.79158 ] } },
{ "type": "Feature", "properties": { "year": "2022", "month": "08", "day": "15", "Bombus species": "rufocinctus", "julian_day": 227.0, "source": "iNat" }, "geometry": { "type": "Point", "coordinates": [ -111.61508, 40.74548667 ] } },
{ "type": "Feature", "properties": { "year": "2022", "month": "08", "day": "16", "Bombus species": "fervidus", "julian_day": 228.0, "source": "iNat" }, "geometry": { "type": "Point", "coordinates": [ -112.0533803, 41.46750092 ] } },
{ "type": "Feature", "properties": { "year": "2022", "month": "08", "day": "16", "Bombus species": "griseocollis", "julian_day": 228.0, "source": "iNat" }, "geometry": { "type": "Point", "coordinates": [ -111.8460605, 40.66859464 ] } },
{ "type": "Feature", "properties": { "year": "2022", "month": "08", "day": "16", "Bombus species": "huntii", "julian_day": 228.0, "source": "iNat" }, "geometry": { "type": "Point", "coordinates": [ -111.8459778, 40.66859248 ] } },
{ "type": "Feature", "properties": { "year": "2022", "month": "08", "day": "17", "Bombus species": "huntii", "julian_day": 229.0, "source": "iNat" }, "geometry": { "type": "Point", "coordinates": [ -111.9230112, 40.69885492 ] } },
{ "type": "Feature", "properties": { "year": "2022", "month": "08", "day": "18", "Bombus species": "insularis", "julian_day": 230.0, "source": "iNat" }, "geometry": { "type": "Point", "coordinates": [ -110.8282383, 40.91513333 ] } },
{ "type": "Feature", "properties": { "year": "2022", "month": "08", "day": "19", "Bombus species": "griseocollis", "julian_day": 231.0, "source": "iNat" }, "geometry": { "type": "Point", "coordinates": [ -111.8364589, 40.55197226 ] } },
{ "type": "Feature", "properties": { "year": "2022", "month": "08", "day": "20", "Bombus species": "griseocollis", "julian_day": 232.0, "source": "iNat" }, "geometry": { "type": "Point", "coordinates": [ -111.9306791, 40.7123562 ] } },
{ "type": "Feature", "properties": { "year": "2022", "month": "08", "day": "20", "Bombus species": "griseocollis", "julian_day": 232.0, "source": "iNat" }, "geometry": { "type": "Point", "coordinates": [ -111.8241608, 40.76454795 ] } },
{ "type": "Feature", "properties": { "year": "2022", "month": "08", "day": "21", "Bombus species": "appositus", "julian_day": 233.0, "source": "iNat" }, "geometry": { "type": "Point", "coordinates": [ -111.6237434, 40.58763093 ] } },
{ "type": "Feature", "properties": { "year": "2022", "month": "08", "day": "21", "Bombus species": "flavifrons", "julian_day": 233.0, "source": "iNat" }, "geometry": { "type": "Point", "coordinates": [ -111.6237434, 40.58763093 ] } },
{ "type": "Feature", "properties": { "year": "2022", "month": "08", "day": "21", "Bombus species": "flavifrons", "julian_day": 233.0, "source": "iNat" }, "geometry": { "type": "Point", "coordinates": [ -111.6237434, 40.58763093 ] } },
{ "type": "Feature", "properties": { "year": "2022", "month": "08", "day": "22", "Bombus species": "griseocollis", "julian_day": 234.0, "source": "iNat" }, "geometry": { "type": "Point", "coordinates": [ -111.8362895, 40.55148785 ] } },
{ "type": "Feature", "properties": { "year": "2022", "month": "08", "day": "22", "Bombus species": "huntii", "julian_day": 234.0, "source": "iNat" }, "geometry": { "type": "Point", "coordinates": [ -111.6806333, 40.241355 ] } },
{ "type": "Feature", "properties": { "year": "2022", "month": "08", "day": "22", "Bombus species": "huntii", "julian_day": 234.0, "source": "iNat" }, "geometry": { "type": "Point", "coordinates": [ -111.8793754, 40.70429288 ] } },
{ "type": "Feature", "properties": { "year": "2022", "month": "08", "day": "23", "Bombus species": "appositus", "julian_day": 235.0, "source": "iNat" }, "geometry": { "type": "Point", "coordinates": [ -111.7892629, 40.61974718 ] } },
{ "type": "Feature", "properties": { "year": "2022", "month": "08", "day": "23", "Bombus species": "fervidus", "julian_day": 235.0, "source": "iNat" }, "geometry": { "type": "Point", "coordinates": [ -111.8719717, 40.77521333 ] } },
{ "type": "Feature", "properties": { "year": "2022", "month": "08", "day": "23", "Bombus species": "griseocollis", "julian_day": 235.0, "source": "iNat" }, "geometry": { "type": "Point", "coordinates": [ -111.8365414, 40.55202494 ] } },
{ "type": "Feature", "properties": { "year": "2022", "month": "08", "day": "23", "Bombus species": "griseocollis", "julian_day": 235.0, "source": "iNat" }, "geometry": { "type": "Point", "coordinates": [ -111.836543, 40.55259517 ] } },
{ "type": "Feature", "properties": { "year": "2022", "month": "08", "day": "23", "Bombus species": "griseocollis", "julian_day": 235.0, "source": "iNat" }, "geometry": { "type": "Point", "coordinates": [ -111.826295, 40.76706976 ] } },
{ "type": "Feature", "properties": { "year": "2022", "month": "08", "day": "24", "Bombus species": "fervidus", "julian_day": 236.0, "source": "iNat" }, "geometry": { "type": "Point", "coordinates": [ -112.0804528, 41.15162783 ] } },
{ "type": "Feature", "properties": { "year": "2022", "month": "08", "day": "24", "Bombus species": "griseocollis", "julian_day": 236.0, "source": "iNat" }, "geometry": { "type": "Point", "coordinates": [ -111.9445897, 40.66748954 ] } },
{ "type": "Feature", "properties": { "year": "2022", "month": "08", "day": "24", "Bombus species": "huntii", "julian_day": 236.0, "source": "iNat" }, "geometry": { "type": "Point", "coordinates": [ -111.569299, 40.13056997 ] } },
{ "type": "Feature", "properties": { "year": "2022", "month": "08", "day": "24", "Bombus species": "huntii", "julian_day": 236.0, "source": "iNat" }, "geometry": { "type": "Point", "coordinates": [ -111.8719633, 40.77523333 ] } },
{ "type": "Feature", "properties": { "year": "2022", "month": "08", "day": "25", "Bombus species": "appositus", "julian_day": 237.0, "source": "iNat" }, "geometry": { "type": "Point", "coordinates": [ -111.592605, 40.60281667 ] } },
{ "type": "Feature", "properties": { "year": "2022", "month": "08", "day": "25", "Bombus species": "appositus", "julian_day": 237.0, "source": "iNat" }, "geometry": { "type": "Point", "coordinates": [ -111.59223, 40.60287833 ] } },
{ "type": "Feature", "properties": { "year": "2022", "month": "08", "day": "25", "Bombus species": "appositus", "julian_day": 237.0, "source": "iNat" }, "geometry": { "type": "Point", "coordinates": [ -111.592545, 40.60288333 ] } },
{ "type": "Feature", "properties": { "year": "2022", "month": "08", "day": "25", "Bombus species": "appositus", "julian_day": 237.0, "source": "iNat" }, "geometry": { "type": "Point", "coordinates": [ -111.592095, 40.60293333 ] } },
{ "type": "Feature", "properties": { "year": "2022", "month": "08", "day": "25", "Bombus species": "griseocollis", "julian_day": 237.0, "source": "iNat" }, "geometry": { "type": "Point", "coordinates": [ -111.80515, 40.39206111 ] } },
{ "type": "Feature", "properties": { "year": "2022", "month": "08", "day": "25", "Bombus species": "huntii", "julian_day": 237.0, "source": "iNat" }, "geometry": { "type": "Point", "coordinates": [ -113.0637121, 37.65246707 ] } },
{ "type": "Feature", "properties": { "year": "2022", "month": "08", "day": "25", "Bombus species": "huntii", "julian_day": 237.0, "source": "iNat" }, "geometry": { "type": "Point", "coordinates": [ -113.0636907, 37.65248831 ] } },
{ "type": "Feature", "properties": { "year": "2022", "month": "08", "day": "25", "Bombus species": "huntii", "julian_day": 237.0, "source": "iNat" }, "geometry": { "type": "Point", "coordinates": [ -113.0636612, 37.65250019 ] } },
{ "type": "Feature", "properties": { "year": "2022", "month": "08", "day": "25", "Bombus species": "huntii", "julian_day": 237.0, "source": "iNat" }, "geometry": { "type": "Point", "coordinates": [ -112.7749611, 37.90775556 ] } },
{ "type": "Feature", "properties": { "year": "2022", "month": "08", "day": "26", "Bombus species": "appositus", "julian_day": 238.0, "source": "iNat" }, "geometry": { "type": "Point", "coordinates": [ -111.685868, 40.58078619 ] } },
{ "type": "Feature", "properties": { "year": "2022", "month": "08", "day": "26", "Bombus species": "appositus", "julian_day": 238.0, "source": "iNat" }, "geometry": { "type": "Point", "coordinates": [ -111.6445107, 40.68490153 ] } },
{ "type": "Feature", "properties": { "year": "2022", "month": "08", "day": "26", "Bombus species": "appositus", "julian_day": 238.0, "source": "iNat" }, "geometry": { "type": "Point", "coordinates": [ -111.6431522, 40.68491756 ] } },
{ "type": "Feature", "properties": { "year": "2022", "month": "08", "day": "26", "Bombus species": "fervidus", "julian_day": 238.0, "source": "iNat" }, "geometry": { "type": "Point", "coordinates": [ -111.9543023, 41.2819564 ] } },
{ "type": "Feature", "properties": { "year": "2022", "month": "08", "day": "26", "Bombus species": "insularis", "julian_day": 238.0, "source": "iNat" }, "geometry": { "type": "Point", "coordinates": [ -111.6433025, 40.68482296 ] } },
{ "type": "Feature", "properties": { "year": "2022", "month": "08", "day": "27", "Bombus species": "appositus", "julian_day": 239.0, "source": "iNat" }, "geometry": { "type": "Point", "coordinates": [ -111.1564722, 40.784725 ] } },
{ "type": "Feature", "properties": { "year": "2022", "month": "08", "day": "27", "Bombus species": "griseocollis", "julian_day": 239.0, "source": "iNat" }, "geometry": { "type": "Point", "coordinates": [ -111.9159072, 40.5930179 ] } },
{ "type": "Feature", "properties": { "year": "2022", "month": "08", "day": "27", "Bombus species": "griseocollis", "julian_day": 239.0, "source": "iNat" }, "geometry": { "type": "Point", "coordinates": [ -111.9156799, 40.59308143 ] } },
{ "type": "Feature", "properties": { "year": "2022", "month": "08", "day": "27", "Bombus species": "griseocollis", "julian_day": 239.0, "source": "iNat" }, "geometry": { "type": "Point", "coordinates": [ -111.9157149, 40.59361303 ] } },
{ "type": "Feature", "properties": { "year": "2022", "month": "08", "day": "27", "Bombus species": "griseocollis", "julian_day": 239.0, "source": "iNat" }, "geometry": { "type": "Point", "coordinates": [ -111.91597, 40.59390333 ] } },
{ "type": "Feature", "properties": { "year": "2022", "month": "08", "day": "27", "Bombus species": "griseocollis", "julian_day": 239.0, "source": "iNat" }, "geometry": { "type": "Point", "coordinates": [ -111.9159426, 40.59397354 ] } },
{ "type": "Feature", "properties": { "year": "2022", "month": "08", "day": "27", "Bombus species": "griseocollis", "julian_day": 239.0, "source": "iNat" }, "geometry": { "type": "Point", "coordinates": [ -111.9160247, 40.59436213 ] } },
{ "type": "Feature", "properties": { "year": "2022", "month": "08", "day": "27", "Bombus species": "griseocollis", "julian_day": 239.0, "source": "iNat" }, "geometry": { "type": "Point", "coordinates": [ -111.91616, 40.59437512 ] } },
{ "type": "Feature", "properties": { "year": "2022", "month": "08", "day": "27", "Bombus species": "griseocollis", "julian_day": 239.0, "source": "iNat" }, "geometry": { "type": "Point", "coordinates": [ -111.9161738, 40.59452578 ] } },
{ "type": "Feature", "properties": { "year": "2022", "month": "08", "day": "27", "Bombus species": "griseocollis", "julian_day": 239.0, "source": "iNat" }, "geometry": { "type": "Point", "coordinates": [ -111.9162133, 40.59518 ] } },
{ "type": "Feature", "properties": { "year": "2022", "month": "08", "day": "27", "Bombus species": "griseocollis", "julian_day": 239.0, "source": "iNat" }, "geometry": { "type": "Point", "coordinates": [ -111.9163082, 40.59518369 ] } },
{ "type": "Feature", "properties": { "year": "2022", "month": "08", "day": "27", "Bombus species": "griseocollis", "julian_day": 239.0, "source": "iNat" }, "geometry": { "type": "Point", "coordinates": [ -111.9869788, 40.66783429 ] } },
{ "type": "Feature", "properties": { "year": "2022", "month": "08", "day": "27", "Bombus species": "huntii", "julian_day": 239.0, "source": "iNat" }, "geometry": { "type": "Point", "coordinates": [ -111.9159383, 40.592255 ] } },
{ "type": "Feature", "properties": { "year": "2022", "month": "08", "day": "27", "Bombus species": "huntii", "julian_day": 239.0, "source": "iNat" }, "geometry": { "type": "Point", "coordinates": [ -111.9159383, 40.59417 ] } },
{ "type": "Feature", "properties": { "year": "2022", "month": "08", "day": "27", "Bombus species": "huntii", "julian_day": 239.0, "source": "iNat" }, "geometry": { "type": "Point", "coordinates": [ -111.9159383, 40.59418667 ] } },
{ "type": "Feature", "properties": { "year": "2022", "month": "08", "day": "27", "Bombus species": "huntii", "julian_day": 239.0, "source": "iNat" }, "geometry": { "type": "Point", "coordinates": [ -111.9163206, 40.59490172 ] } },
{ "type": "Feature", "properties": { "year": "2022", "month": "08", "day": "27", "Bombus species": "insularis", "julian_day": 239.0, "source": "iNat" }, "geometry": { "type": "Point", "coordinates": [ -111.1572111, 40.78477222 ] } },
{ "type": "Feature", "properties": { "year": "2022", "month": "08", "day": "27", "Bombus species": "nevadensis", "julian_day": 239.0, "source": "iNat" }, "geometry": { "type": "Point", "coordinates": [ -111.1576528, 40.78458056 ] } },
{ "type": "Feature", "properties": { "year": "2022", "month": "08", "day": "28", "Bombus species": "griseocollis", "julian_day": 240.0, "source": "iNat" }, "geometry": { "type": "Point", "coordinates": [ -111.903193, 40.95246952 ] } },
{ "type": "Feature", "properties": { "year": "2022", "month": "08", "day": "29", "Bombus species": "griseocollis", "julian_day": 241.0, "source": "iNat" }, "geometry": { "type": "Point", "coordinates": [ -111.8374264, 40.74876153 ] } },
{ "type": "Feature", "properties": { "year": "2022", "month": "08", "day": "29", "Bombus species": "griseocollis", "julian_day": 241.0, "source": "iNat" }, "geometry": { "type": "Point", "coordinates": [ -111.8393531, 40.77596167 ] } },
{ "type": "Feature", "properties": { "year": "2022", "month": "08", "day": "30", "Bombus species": "griseocollis", "julian_day": 242.0, "source": "iNat" }, "geometry": { "type": "Point", "coordinates": [ -111.8048667, 40.39196389 ] } },
{ "type": "Feature", "properties": { "year": "2022", "month": "08", "day": "30", "Bombus species": "huntii", "julian_day": 242.0, "source": "iNat" }, "geometry": { "type": "Point", "coordinates": [ -109.4817417, 40.75239167 ] } },
{ "type": "Feature", "properties": { "year": "2022", "month": "08", "day": "30", "Bombus species": "pensylvanicus", "julian_day": 242.0, "source": "iNat" }, "geometry": { "type": "Point", "coordinates": [ -109.5581133, 38.61444167 ] } },
{ "type": "Feature", "properties": { "year": "2022", "month": "08", "day": "30", "Bombus species": "pensylvanicus", "julian_day": 242.0, "source": "iNat" }, "geometry": { "type": "Point", "coordinates": [ -110.1285028, 39.35724167 ] } },
{ "type": "Feature", "properties": { "year": "2022", "month": "08", "day": "31", "Bombus species": "griseocollis", "julian_day": 243.0, "source": "iNat" }, "geometry": { "type": "Point", "coordinates": [ -111.86612, 40.721395 ] } },
{ "type": "Feature", "properties": { "year": "2022", "month": "08", "day": "31", "Bombus species": "griseocollis", "julian_day": 243.0, "source": "iNat" }, "geometry": { "type": "Point", "coordinates": [ -111.8830566, 40.73802183 ] } },
{ "type": "Feature", "properties": { "year": "2022", "month": "08", "day": "31", "Bombus species": "griseocollis", "julian_day": 243.0, "source": "iNat" }, "geometry": { "type": "Point", "coordinates": [ -111.8230533, 40.76738667 ] } },
{ "type": "Feature", "properties": { "year": "2022", "month": "08", "day": "31", "Bombus species": "huntii", "julian_day": 243.0, "source": "iNat" }, "geometry": { "type": "Point", "coordinates": [ -111.8230367, 40.76733 ] } },
{ "type": "Feature", "properties": { "year": "2022", "month": "09", "day": "01", "Bombus species": "fervidus", "julian_day": 244.0, "source": "iNat" }, "geometry": { "type": "Point", "coordinates": [ -111.78173, 40.448805 ] } },
{ "type": "Feature", "properties": { "year": "2022", "month": "09", "day": "01", "Bombus species": "huntii", "julian_day": 244.0, "source": "iNat" }, "geometry": { "type": "Point", "coordinates": [ -112.2623194, 37.50351494 ] } },
{ "type": "Feature", "properties": { "year": "2022", "month": "09", "day": "01", "Bombus species": "morrisoni", "julian_day": 244.0, "source": "iNat" }, "geometry": { "type": "Point", "coordinates": [ -109.09448, 40.486175 ] } },
{ "type": "Feature", "properties": { "year": "2022", "month": "09", "day": "02", "Bombus species": "huntii", "julian_day": 245.0, "source": "iNat" }, "geometry": { "type": "Point", "coordinates": [ -111.814942, 40.55921758 ] } },
{ "type": "Feature", "properties": { "year": "2022", "month": "09", "day": "03", "Bombus species": "griseocollis", "julian_day": 246.0, "source": "iNat" }, "geometry": { "type": "Point", "coordinates": [ -111.8268508, 40.76657375 ] } },
{ "type": "Feature", "properties": { "year": "2022", "month": "09", "day": "03", "Bombus species": "huntii", "julian_day": 246.0, "source": "iNat" }, "geometry": { "type": "Point", "coordinates": [ -112.6279306, 37.26962441 ] } },
{ "type": "Feature", "properties": { "year": "2022", "month": "09", "day": "03", "Bombus species": "huntii", "julian_day": 246.0, "source": "iNat" }, "geometry": { "type": "Point", "coordinates": [ -111.8244444, 40.58472222 ] } },
{ "type": "Feature", "properties": { "year": "2022", "month": "09", "day": "04", "Bombus species": "griseocollis", "julian_day": 247.0, "source": "iNat" }, "geometry": { "type": "Point", "coordinates": [ -111.8451833, 40.7375656 ] } },
{ "type": "Feature", "properties": { "year": "2022", "month": "09", "day": "04", "Bombus species": "griseocollis", "julian_day": 247.0, "source": "iNat" }, "geometry": { "type": "Point", "coordinates": [ -111.8910474, 40.7607793 ] } },
{ "type": "Feature", "properties": { "year": "2022", "month": "09", "day": "04", "Bombus species": "griseocollis", "julian_day": 247.0, "source": "iNat" }, "geometry": { "type": "Point", "coordinates": [ -111.8241242, 40.76449201 ] } },
{ "type": "Feature", "properties": { "year": "2022", "month": "09", "day": "04", "Bombus species": "griseocollis", "julian_day": 247.0, "source": "iNat" }, "geometry": { "type": "Point", "coordinates": [ -111.76493, 40.76786333 ] } },
{ "type": "Feature", "properties": { "year": "2022", "month": "09", "day": "05", "Bombus species": "griseocollis", "julian_day": 248.0, "source": "iNat" }, "geometry": { "type": "Point", "coordinates": [ -111.723725, 40.63393833 ] } },
{ "type": "Feature", "properties": { "year": "2022", "month": "09", "day": "05", "Bombus species": "griseocollis", "julian_day": 248.0, "source": "iNat" }, "geometry": { "type": "Point", "coordinates": [ -111.8464861, 40.76322778 ] } },
{ "type": "Feature", "properties": { "year": "2022", "month": "09", "day": "07", "Bombus species": "griseocollis", "julian_day": 250.0, "source": "iNat" }, "geometry": { "type": "Point", "coordinates": [ -111.86673, 40.77862167 ] } },
{ "type": "Feature", "properties": { "year": "2022", "month": "09", "day": "07", "Bombus species": "griseocollis", "julian_day": 250.0, "source": "iNat" }, "geometry": { "type": "Point", "coordinates": [ -111.9300365, 41.30867174 ] } },
{ "type": "Feature", "properties": { "year": "2022", "month": "09", "day": "08", "Bombus species": "griseocollis", "julian_day": 251.0, "source": "iNat" }, "geometry": { "type": "Point", "coordinates": [ -111.8633276, 40.76445101 ] } },
{ "type": "Feature", "properties": { "year": "2022", "month": "09", "day": "09", "Bombus species": "griseocollis", "julian_day": 252.0, "source": "iNat" }, "geometry": { "type": "Point", "coordinates": [ -111.0937312, 39.2866716 ] } },
{ "type": "Feature", "properties": { "year": "2022", "month": "09", "day": "09", "Bombus species": "huntii", "julian_day": 252.0, "source": "iNat" }, "geometry": { "type": "Point", "coordinates": [ -111.9737185, 40.53209848 ] } },
{ "type": "Feature", "properties": { "year": "2022", "month": "09", "day": "09", "Bombus species": "morrisoni", "julian_day": 252.0, "source": "iNat" }, "geometry": { "type": "Point", "coordinates": [ -111.7624395, 40.40939701 ] } },
{ "type": "Feature", "properties": { "year": "2022", "month": "09", "day": "11", "Bombus species": "insularis", "julian_day": 254.0, "source": "iNat" }, "geometry": { "type": "Point", "coordinates": [ -111.5992717, 40.72571167 ] } },
{ "type": "Feature", "properties": { "year": "2022", "month": "09", "day": "12", "Bombus species": "griseocollis", "julian_day": 255.0, "source": "iNat" }, "geometry": { "type": "Point", "coordinates": [ -111.804345, 40.37355833 ] } },
{ "type": "Feature", "properties": { "year": "2022", "month": "09", "day": "13", "Bombus species": "griseocollis", "julian_day": 256.0, "source": "iNat" }, "geometry": { "type": "Point", "coordinates": [ -111.6607274, 40.24248981 ] } },
{ "type": "Feature", "properties": { "year": "2022", "month": "09", "day": "13", "Bombus species": "griseocollis", "julian_day": 256.0, "source": "iNat" }, "geometry": { "type": "Point", "coordinates": [ -111.839132, 40.72372588 ] } },
{ "type": "Feature", "properties": { "year": "2022", "month": "09", "day": "15", "Bombus species": "huntii", "julian_day": 258.0, "source": "iNat" }, "geometry": { "type": "Point", "coordinates": [ -111.8890533, 40.41557833 ] } },
{ "type": "Feature", "properties": { "year": "2022", "month": "09", "day": "15", "Bombus species": "huntii", "julian_day": 258.0, "source": "iNat" }, "geometry": { "type": "Point", "coordinates": [ -111.9843688, 40.62272491 ] } },
{ "type": "Feature", "properties": { "year": "2022", "month": "09", "day": "18", "Bombus species": "huntii", "julian_day": 261.0, "source": "iNat" }, "geometry": { "type": "Point", "coordinates": [ -111.84053, 40.760025 ] } },
{ "type": "Feature", "properties": { "year": "2022", "month": "09", "day": "18", "Bombus species": "huntii", "julian_day": 261.0, "source": "iNat" }, "geometry": { "type": "Point", "coordinates": [ -111.84053, 40.76003667 ] } },
{ "type": "Feature", "properties": { "year": "2022", "month": "09", "day": "20", "Bombus species": "griseocollis", "julian_day": 263.0, "source": "iNat" }, "geometry": { "type": "Point", "coordinates": [ -110.0429296, 40.3602344 ] } },
{ "type": "Feature", "properties": { "year": "2022", "month": "09", "day": "20", "Bombus species": "griseocollis", "julian_day": 263.0, "source": "iNat" }, "geometry": { "type": "Point", "coordinates": [ -111.8462516, 40.7638969 ] } },
{ "type": "Feature", "properties": { "year": "2022", "month": "09", "day": "20", "Bombus species": "huntii", "julian_day": 263.0, "source": "iNat" }, "geometry": { "type": "Point", "coordinates": [ -111.8438878, 40.76088881 ] } },
{ "type": "Feature", "properties": { "year": "2022", "month": "09", "day": "20", "Bombus species": "huntii", "julian_day": 263.0, "source": "iNat" }, "geometry": { "type": "Point", "coordinates": [ -111.8463329, 40.76355568 ] } },
{ "type": "Feature", "properties": { "year": "2022", "month": "09", "day": "22", "Bombus species": "griseocollis", "julian_day": 265.0, "source": "iNat" }, "geometry": { "type": "Point", "coordinates": [ -111.7260967, 40.00536667 ] } },
{ "type": "Feature", "properties": { "year": "2022", "month": "09", "day": "23", "Bombus species": "griseocollis", "julian_day": 266.0, "source": "iNat" }, "geometry": { "type": "Point", "coordinates": [ -111.4844043, 40.02493693 ] } },
{ "type": "Feature", "properties": { "year": "2022", "month": "09", "day": "24", "Bombus species": "pensylvanicus", "julian_day": 267.0, "source": "iNat" }, "geometry": { "type": "Point", "coordinates": [ -109.5494783, 38.561255 ] } },
{ "type": "Feature", "properties": { "year": "2022", "month": "09", "day": "27", "Bombus species": "morrisoni", "julian_day": 270.0, "source": "iNat" }, "geometry": { "type": "Point", "coordinates": [ -111.8720167, 40.77543667 ] } },
{ "type": "Feature", "properties": { "year": "2022", "month": "09", "day": "30", "Bombus species": "sonorus", "julian_day": 273.0, "source": "iNat" }, "geometry": { "type": "Point", "coordinates": [ -113.6260032, 37.0908077 ] } },
{ "type": "Feature", "properties": { "year": "2022", "month": "10", "day": "03", "Bombus species": "fervidus", "julian_day": 276.0, "source": "iNat" }, "geometry": { "type": "Point", "coordinates": [ -111.8238417, 40.765425 ] } },
{ "type": "Feature", "properties": { "year": "2022", "month": "10", "day": "03", "Bombus species": "fervidus", "julian_day": 276.0, "source": "iNat" }, "geometry": { "type": "Point", "coordinates": [ -111.8238417, 40.765425 ] } },
{ "type": "Feature", "properties": { "year": "2022", "month": "10", "day": "03", "Bombus species": "sonorus", "julian_day": 276.0, "source": "iNat" }, "geometry": { "type": "Point", "coordinates": [ -113.6026222, 37.11748889 ] } },
{ "type": "Feature", "properties": { "year": "2022", "month": "10", "day": "05", "Bombus species": "sonorus", "julian_day": 278.0, "source": "iNat" }, "geometry": { "type": "Point", "coordinates": [ -113.5665278, 37.10228611 ] } },
{ "type": "Feature", "properties": { "year": "2022", "month": "10", "day": "07", "Bombus species": "griseocollis", "julian_day": 280.0, "source": "iNat" }, "geometry": { "type": "Point", "coordinates": [ -110.0429296, 40.3602344 ] } },
{ "type": "Feature", "properties": { "year": "2022", "month": "10", "day": "10", "Bombus species": "huntii", "julian_day": 283.0, "source": "iNat" }, "geometry": { "type": "Point", "coordinates": [ -111.84533, 40.76421667 ] } },
{ "type": "Feature", "properties": { "year": "2022", "month": "10", "day": "13", "Bombus species": "fervidus", "julian_day": 286.0, "source": "iNat" }, "geometry": { "type": "Point", "coordinates": [ -111.8238417, 40.765425 ] } },
{ "type": "Feature", "properties": { "year": "2022", "month": "10", "day": "14", "Bombus species": "griseocollis", "julian_day": 287.0, "source": "iNat" }, "geometry": { "type": "Point", "coordinates": [ -111.8229915, 40.76598881 ] } },
{ "type": "Feature", "properties": { "year": "2022", "month": "10", "day": "15", "Bombus species": "griseocollis", "julian_day": 288.0, "source": "iNat" }, "geometry": { "type": "Point", "coordinates": [ -111.8047556, 40.39191389 ] } },
{ "type": "Feature", "properties": { "year": "2022", "month": "10", "day": "15", "Bombus species": "griseocollis", "julian_day": 288.0, "source": "iNat" }, "geometry": { "type": "Point", "coordinates": [ -111.8240629, 40.76706821 ] } },
{ "type": "Feature", "properties": { "year": "2022", "month": "10", "day": "16", "Bombus species": "fervidus", "julian_day": 289.0, "source": "iNat" }, "geometry": { "type": "Point", "coordinates": [ -111.8238417, 40.765425 ] } },
{ "type": "Feature", "properties": { "year": "2022", "month": "10", "day": "16", "Bombus species": "morrisoni", "julian_day": 289.0, "source": "iNat" }, "geometry": { "type": "Point", "coordinates": [ -111.8772706, 40.72214616 ] } },
{ "type": "Feature", "properties": { "year": "2022", "month": "10", "day": "20", "Bombus species": "griseocollis", "julian_day": 293.0, "source": "iNat" }, "geometry": { "type": "Point", "coordinates": [ -112.0357137, 41.176494 ] } },
{ "type": "Feature", "properties": { "year": "2022", "month": "12", "day": "09", "Bombus species": "griseocollis", "julian_day": 343.0, "source": "iNat" }, "geometry": { "type": "Point", "coordinates": [ -111.825979, 40.76653458 ] } },
{ "type": "Feature", "properties": { "year": "2023", "month": "04", "day": "09", "Bombus species": "huntii", "julian_day": 99.0, "source": "iNat" }, "geometry": { "type": "Point", "coordinates": [ -111.853456, 40.7126821 ] } },
{ "type": "Feature", "properties": { "year": "2023", "month": "04", "day": "12", "Bombus species": "huntii", "julian_day": 102.0, "source": "iNat" }, "geometry": { "type": "Point", "coordinates": [ -111.8042217, 40.373495 ] } },
{ "type": "Feature", "properties": { "year": "2023", "month": "04", "day": "24", "Bombus species": "huntii", "julian_day": 114.0, "source": "iNat" }, "geometry": { "type": "Point", "coordinates": [ -111.9060778, 40.84452992 ] } },
{ "type": "Feature", "properties": { "year": "2023", "month": "04", "day": "26", "Bombus species": "huntii", "julian_day": 116.0, "source": "iNat" }, "geometry": { "type": "Point", "coordinates": [ -111.8300033, 40.57023833 ] } },
{ "type": "Feature", "properties": { "year": "2023", "month": "04", "day": "29", "Bombus species": "fervidus", "julian_day": 119.0, "source": "iNat" }, "geometry": { "type": "Point", "coordinates": [ -111.8751251, 40.74290268 ] } },
{ "type": "Feature", "properties": { "year": "2023", "month": "04", "day": "29", "Bombus species": "huntii", "julian_day": 119.0, "source": "iNat" }, "geometry": { "type": "Point", "coordinates": [ -111.8334417, 41.68608833 ] } },
{ "type": "Feature", "properties": { "year": "2023", "month": "04", "day": "29", "Bombus species": "huntii", "julian_day": 119.0, "source": "iNat" }, "geometry": { "type": "Point", "coordinates": [ -111.8338358, 41.73695982 ] } },
{ "type": "Feature", "properties": { "year": "2023", "month": "04", "day": "30", "Bombus species": "huntii", "julian_day": 120.0, "source": "iNat" }, "geometry": { "type": "Point", "coordinates": [ -111.6201783, 40.26517833 ] } },
{ "type": "Feature", "properties": { "year": "2023", "month": "05", "day": "01", "Bombus species": "huntii", "julian_day": 121.0, "source": "iNat" }, "geometry": { "type": "Point", "coordinates": [ -111.8937, 40.78660333 ] } },
{ "type": "Feature", "properties": { "year": "2023", "month": "05", "day": "01", "Bombus species": "nevadensis", "julian_day": 121.0, "source": "iNat" }, "geometry": { "type": "Point", "coordinates": [ -111.8925333, 40.78117833 ] } },
{ "type": "Feature", "properties": { "year": "2023", "month": "05", "day": "03", "Bombus species": "huntii", "julian_day": 123.0, "source": "iNat" }, "geometry": { "type": "Point", "coordinates": [ -111.8848741, 40.51769492 ] } },
{ "type": "Feature", "properties": { "year": "2023", "month": "05", "day": "04", "Bombus species": "nevadensis", "julian_day": 124.0, "source": "iNat" }, "geometry": { "type": "Point", "coordinates": [ -111.8668217, 40.77858 ] } },
{ "type": "Feature", "properties": { "year": "2023", "month": "05", "day": "05", "Bombus species": "morrisoni", "julian_day": 125.0, "source": "iNat" }, "geometry": { "type": "Point", "coordinates": [ -111.9863884, 41.76103646 ] } },
{ "type": "Feature", "properties": { "year": "2023", "month": "05", "day": "07", "Bombus species": "centralis", "julian_day": 127.0, "source": "iNat" }, "geometry": { "type": "Point", "coordinates": [ -111.8037283, 41.70242833 ] } },
{ "type": "Feature", "properties": { "year": "2023", "month": "05", "day": "08", "Bombus species": "nevadensis", "julian_day": 128.0, "source": "iNat" }, "geometry": { "type": "Point", "coordinates": [ -111.849495, 40.76293 ] } },
{ "type": "Feature", "properties": { "year": "2023", "month": "05", "day": "09", "Bombus species": "morrisoni", "julian_day": 129.0, "source": "iNat" }, "geometry": { "type": "Point", "coordinates": [ -111.6921391, 40.25377544 ] } },
{ "type": "Feature", "properties": { "year": "2023", "month": "05", "day": "10", "Bombus species": "fervidus", "julian_day": 130.0, "source": "iNat" }, "geometry": { "type": "Point", "coordinates": [ -112.251647, 40.57954452 ] } },
{ "type": "Feature", "properties": { "year": "2023", "month": "05", "day": "10", "Bombus species": "nevadensis", "julian_day": 130.0, "source": "iNat" }, "geometry": { "type": "Point", "coordinates": [ -111.8477554, 40.77853394 ] } },
{ "type": "Feature", "properties": { "year": "2023", "month": "05", "day": "12", "Bombus species": "huntii", "julian_day": 132.0, "source": "iNat" }, "geometry": { "type": "Point", "coordinates": [ -111.8534927, 40.8291893 ] } },
{ "type": "Feature", "properties": { "year": "2023", "month": "05", "day": "13", "Bombus species": "fervidus", "julian_day": 133.0, "source": "iNat" }, "geometry": { "type": "Point", "coordinates": [ -111.9270033, 40.60187833 ] } },
{ "type": "Feature", "properties": { "year": "2023", "month": "05", "day": "13", "Bombus species": "sonorus", "julian_day": 133.0, "source": "iNat" }, "geometry": { "type": "Point", "coordinates": [ -113.60935, 37.11846389 ] } },
{ "type": "Feature", "properties": { "year": "2023", "month": "05", "day": "16", "Bombus species": "fervidus", "julian_day": 136.0, "source": "iNat" }, "geometry": { "type": "Point", "coordinates": [ -111.6250357, 40.15604077 ] } },
{ "type": "Feature", "properties": { "year": "2023", "month": "05", "day": "16", "Bombus species": "huntii", "julian_day": 136.0, "source": "iNat" }, "geometry": { "type": "Point", "coordinates": [ -111.825325, 40.481005 ] } },
{ "type": "Feature", "properties": { "year": "2023", "month": "05", "day": "18", "Bombus species": "fervidus", "julian_day": 138.0, "source": "iNat" }, "geometry": { "type": "Point", "coordinates": [ -112.0010389, 41.0593445 ] } },
{ "type": "Feature", "properties": { "year": "2023", "month": "05", "day": "20", "Bombus species": "griseocollis", "julian_day": 140.0, "source": "iNat" }, "geometry": { "type": "Point", "coordinates": [ -111.8718633, 40.77535 ] } },
{ "type": "Feature", "properties": { "year": "2023", "month": "05", "day": "20", "Bombus species": "griseocollis", "julian_day": 140.0, "source": "iNat" }, "geometry": { "type": "Point", "coordinates": [ -111.866905, 40.77862167 ] } },
{ "type": "Feature", "properties": { "year": "2023", "month": "05", "day": "21", "Bombus species": "huntii", "julian_day": 141.0, "source": "iNat" }, "geometry": { "type": "Point", "coordinates": [ -111.68, 40.34 ] } },
{ "type": "Feature", "properties": { "year": "2023", "month": "05", "day": "21", "Bombus species": "huntii", "julian_day": 141.0, "source": "iNat" }, "geometry": { "type": "Point", "coordinates": [ -111.7886026, 40.7074353 ] } },
{ "type": "Feature", "properties": { "year": "2023", "month": "05", "day": "23", "Bombus species": "fervidus", "julian_day": 143.0, "source": "iNat" }, "geometry": { "type": "Point", "coordinates": [ -111.8172533, 40.74893 ] } },
{ "type": "Feature", "properties": { "year": "2023", "month": "05", "day": "23", "Bombus species": "griseocollis", "julian_day": 143.0, "source": "iNat" }, "geometry": { "type": "Point", "coordinates": [ -111.8847967, 40.51782 ] } },
{ "type": "Feature", "properties": { "year": "2023", "month": "05", "day": "23", "Bombus species": "morrisoni", "julian_day": 143.0, "source": "iNat" }, "geometry": { "type": "Point", "coordinates": [ -111.8338358, 41.73695982 ] } },
{ "type": "Feature", "properties": { "year": "2023", "month": "05", "day": "24", "Bombus species": "fervidus", "julian_day": 144.0, "source": "iNat" }, "geometry": { "type": "Point", "coordinates": [ -111.8754283, 40.7427 ] } },
{ "type": "Feature", "properties": { "year": "2023", "month": "05", "day": "24", "Bombus species": "huntii", "julian_day": 144.0, "source": "iNat" }, "geometry": { "type": "Point", "coordinates": [ -111.8285376, 41.82792681 ] } },
{ "type": "Feature", "properties": { "year": "2023", "month": "05", "day": "25", "Bombus species": "morrisoni", "julian_day": 145.0, "source": "iNat" }, "geometry": { "type": "Point", "coordinates": [ -112.9641382, 37.2510842 ] } },
{ "type": "Feature", "properties": { "year": "2023", "month": "05", "day": "26", "Bombus species": "huntii", "julian_day": 146.0, "source": "iNat" }, "geometry": { "type": "Point", "coordinates": [ -112.1349074, 40.51482606 ] } },
{ "type": "Feature", "properties": { "year": "2023", "month": "05", "day": "26", "Bombus species": "huntii", "julian_day": 146.0, "source": "iNat" }, "geometry": { "type": "Point", "coordinates": [ -111.8667883, 40.77861333 ] } },
{ "type": "Feature", "properties": { "year": "2023", "month": "05", "day": "27", "Bombus species": "huntii", "julian_day": 147.0, "source": "iNat" }, "geometry": { "type": "Point", "coordinates": [ -113.5986639, 41.82230833 ] } },
{ "type": "Feature", "properties": { "year": "2023", "month": "05", "day": "28", "Bombus species": "huntii", "julian_day": 148.0, "source": "iNat" }, "geometry": { "type": "Point", "coordinates": [ -111.6285838, 40.16947074 ] } },
{ "type": "Feature", "properties": { "year": "2023", "month": "05", "day": "28", "Bombus species": "huntii", "julian_day": 148.0, "source": "iNat" }, "geometry": { "type": "Point", "coordinates": [ -111.3935398, 41.94687539 ] } },
{ "type": "Feature", "properties": { "year": "2023", "month": "05", "day": "28", "Bombus species": "nevadensis", "julian_day": 148.0, "source": "iNat" }, "geometry": { "type": "Point", "coordinates": [ -112.2448783, 40.55782578 ] } },
{ "type": "Feature", "properties": { "year": "2023", "month": "05", "day": "29", "Bombus species": "fervidus", "julian_day": 149.0, "source": "iNat" }, "geometry": { "type": "Point", "coordinates": [ -112.0801695, 41.15155 ] } },
{ "type": "Feature", "properties": { "year": "2023", "month": "05", "day": "29", "Bombus species": "fervidus", "julian_day": 149.0, "source": "iNat" }, "geometry": { "type": "Point", "coordinates": [ -112.0801695, 41.15155833 ] } },
{ "type": "Feature", "properties": { "year": "2023", "month": "05", "day": "29", "Bombus species": "griseocollis", "julian_day": 149.0, "source": "iNat" }, "geometry": { "type": "Point", "coordinates": [ -111.6665933, 40.32272936 ] } },
{ "type": "Feature", "properties": { "year": "2023", "month": "05", "day": "29", "Bombus species": "griseocollis", "julian_day": 149.0, "source": "iNat" }, "geometry": { "type": "Point", "coordinates": [ -111.9151083, 40.78027167 ] } },
{ "type": "Feature", "properties": { "year": "2023", "month": "05", "day": "29", "Bombus species": "huntii", "julian_day": 149.0, "source": "iNat" }, "geometry": { "type": "Point", "coordinates": [ -111.987375, 40.55608333 ] } },
{ "type": "Feature", "properties": { "year": "2023", "month": "05", "day": "30", "Bombus species": "appositus", "julian_day": 150.0, "source": "iNat" }, "geometry": { "type": "Point", "coordinates": [ -111.8820839, 41.0302572 ] } },
{ "type": "Feature", "properties": { "year": "2023", "month": "05", "day": "30", "Bombus species": "fervidus", "julian_day": 150.0, "source": "iNat" }, "geometry": { "type": "Point", "coordinates": [ -111.871955, 40.77525833 ] } },
{ "type": "Feature", "properties": { "year": "2023", "month": "05", "day": "30", "Bombus species": "griseocollis", "julian_day": 150.0, "source": "iNat" }, "geometry": { "type": "Point", "coordinates": [ -111.8719167, 40.77549667 ] } },
{ "type": "Feature", "properties": { "year": "2023", "month": "05", "day": "30", "Bombus species": "nevadensis", "julian_day": 150.0, "source": "iNat" }, "geometry": { "type": "Point", "coordinates": [ -111.8640367, 40.85982167 ] } },
{ "type": "Feature", "properties": { "year": "2023", "month": "05", "day": "31", "Bombus species": "griseocollis", "julian_day": 151.0, "source": "iNat" }, "geometry": { "type": "Point", "coordinates": [ -111.8215219, 40.75955976 ] } },
{ "type": "Feature", "properties": { "year": "2023", "month": "05", "day": "31", "Bombus species": "griseocollis", "julian_day": 151.0, "source": "iNat" }, "geometry": { "type": "Point", "coordinates": [ -111.8771309, 40.77166929 ] } },
{ "type": "Feature", "properties": { "year": "2023", "month": "06", "day": "01", "Bombus species": "appositus", "julian_day": 152.0, "source": "iNat" }, "geometry": { "type": "Point", "coordinates": [ -110.7631556, 40.92017778 ] } },
{ "type": "Feature", "properties": { "year": "2023", "month": "06", "day": "01", "Bombus species": "fervidus", "julian_day": 152.0, "source": "iNat" }, "geometry": { "type": "Point", "coordinates": [ -111.776755, 38.1297945 ] } },
{ "type": "Feature", "properties": { "year": "2023", "month": "06", "day": "01", "Bombus species": "fervidus", "julian_day": 152.0, "source": "iNat" }, "geometry": { "type": "Point", "coordinates": [ -112.0802, 41.15154167 ] } },
{ "type": "Feature", "properties": { "year": "2023", "month": "06", "day": "01", "Bombus species": "griseocollis", "julian_day": 152.0, "source": "iNat" }, "geometry": { "type": "Point", "coordinates": [ -109.9590961, 40.23011959 ] } },
{ "type": "Feature", "properties": { "year": "2023", "month": "06", "day": "01", "Bombus species": "griseocollis", "julian_day": 152.0, "source": "iNat" }, "geometry": { "type": "Point", "coordinates": [ -109.9395176, 40.26229401 ] } },
{ "type": "Feature", "properties": { "year": "2023", "month": "06", "day": "01", "Bombus species": "griseocollis", "julian_day": 152.0, "source": "iNat" }, "geometry": { "type": "Point", "coordinates": [ -109.3664333, 40.35887833 ] } },
{ "type": "Feature", "properties": { "year": "2023", "month": "06", "day": "01", "Bombus species": "griseocollis", "julian_day": 152.0, "source": "iNat" }, "geometry": { "type": "Point", "coordinates": [ -109.8760543, 40.39751344 ] } },
{ "type": "Feature", "properties": { "year": "2023", "month": "06", "day": "01", "Bombus species": "griseocollis", "julian_day": 152.0, "source": "iNat" }, "geometry": { "type": "Point", "coordinates": [ -111.8667217, 40.77868667 ] } },
{ "type": "Feature", "properties": { "year": "2023", "month": "06", "day": "02", "Bombus species": "fervidus", "julian_day": 153.0, "source": "iNat" }, "geometry": { "type": "Point", "coordinates": [ -111.8266007, 40.76236925 ] } },
{ "type": "Feature", "properties": { "year": "2023", "month": "06", "day": "02", "Bombus species": "griseocollis", "julian_day": 153.0, "source": "iNat" }, "geometry": { "type": "Point", "coordinates": [ -111.8540726, 40.53389359 ] } },
{ "type": "Feature", "properties": { "year": "2023", "month": "06", "day": "02", "Bombus species": "huntii", "julian_day": 153.0, "source": "iNat" }, "geometry": { "type": "Point", "coordinates": [ -111.7956358, 40.56719987 ] } },
{ "type": "Feature", "properties": { "year": "2023", "month": "06", "day": "02", "Bombus species": "huntii", "julian_day": 153.0, "source": "iNat" }, "geometry": { "type": "Point", "coordinates": [ -111.8266007, 40.76236925 ] } },
{ "type": "Feature", "properties": { "year": "2023", "month": "06", "day": "03", "Bombus species": "huntii", "julian_day": 154.0, "source": "iNat" }, "geometry": { "type": "Point", "coordinates": [ -111.6151466, 40.74527554 ] } },
{ "type": "Feature", "properties": { "year": "2023", "month": "06", "day": "03", "Bombus species": "insularis", "julian_day": 154.0, "source": "iNat" }, "geometry": { "type": "Point", "coordinates": [ -111.960482, 41.65947489 ] } },
{ "type": "Feature", "properties": { "year": "2023", "month": "06", "day": "04", "Bombus species": "fervidus", "julian_day": 155.0, "source": "iNat" }, "geometry": { "type": "Point", "coordinates": [ -112.8218783, 37.85241667 ] } },
{ "type": "Feature", "properties": { "year": "2023", "month": "06", "day": "04", "Bombus species": "griseocollis", "julian_day": 155.0, "source": "iNat" }, "geometry": { "type": "Point", "coordinates": [ -111.7828119, 40.41431673 ] } },
{ "type": "Feature", "properties": { "year": "2023", "month": "06", "day": "04", "Bombus species": "griseocollis", "julian_day": 155.0, "source": "iNat" }, "geometry": { "type": "Point", "coordinates": [ -111.7828119, 40.41431673 ] } },
{ "type": "Feature", "properties": { "year": "2023", "month": "06", "day": "04", "Bombus species": "griseocollis", "julian_day": 155.0, "source": "iNat" }, "geometry": { "type": "Point", "coordinates": [ -111.9543557, 41.2818787 ] } },
{ "type": "Feature", "properties": { "year": "2023", "month": "06", "day": "04", "Bombus species": "nevadensis", "julian_day": 155.0, "source": "iNat" }, "geometry": { "type": "Point", "coordinates": [ -111.7828119, 40.41431673 ] } },
{ "type": "Feature", "properties": { "year": "2023", "month": "06", "day": "05", "Bombus species": "huntii", "julian_day": 156.0, "source": "iNat" }, "geometry": { "type": "Point", "coordinates": [ -111.5299268, 40.70984799 ] } },
{ "type": "Feature", "properties": { "year": "2023", "month": "06", "day": "06", "Bombus species": "fervidus", "julian_day": 157.0, "source": "iNat" }, "geometry": { "type": "Point", "coordinates": [ -112.0242717, 40.60974191 ] } },
{ "type": "Feature", "properties": { "year": "2023", "month": "06", "day": "06", "Bombus species": "griseocollis", "julian_day": 157.0, "source": "iNat" }, "geometry": { "type": "Point", "coordinates": [ -111.8791818, 40.71105946 ] } },
{ "type": "Feature", "properties": { "year": "2023", "month": "06", "day": "06", "Bombus species": "huntii", "julian_day": 157.0, "source": "iNat" }, "geometry": { "type": "Point", "coordinates": [ -113.1787278, 37.45529487 ] } },
{ "type": "Feature", "properties": { "year": "2023", "month": "06", "day": "06", "Bombus species": "morrisoni", "julian_day": 157.0, "source": "iNat" }, "geometry": { "type": "Point", "coordinates": [ -112.9404833, 37.21322167 ] } },
{ "type": "Feature", "properties": { "year": "2023", "month": "06", "day": "07", "Bombus species": "griseocollis", "julian_day": 158.0, "source": "iNat" }, "geometry": { "type": "Point", "coordinates": [ -111.8639967, 40.85981167 ] } },
{ "type": "Feature", "properties": { "year": "2023", "month": "06", "day": "08", "Bombus species": "fervidus", "julian_day": 159.0, "source": "iNat" }, "geometry": { "type": "Point", "coordinates": [ -111.93367, 41.31008167 ] } },
{ "type": "Feature", "properties": { "year": "2023", "month": "06", "day": "08", "Bombus species": "griseocollis", "julian_day": 159.0, "source": "iNat" }, "geometry": { "type": "Point", "coordinates": [ -111.5868083, 40.1133195 ] } },
{ "type": "Feature", "properties": { "year": "2023", "month": "06", "day": "08", "Bombus species": "griseocollis", "julian_day": 159.0, "source": "iNat" }, "geometry": { "type": "Point", "coordinates": [ -111.8667133, 40.79501667 ] } },
{ "type": "Feature", "properties": { "year": "2023", "month": "06", "day": "08", "Bombus species": "griseocollis", "julian_day": 159.0, "source": "iNat" }, "geometry": { "type": "Point", "coordinates": [ -111.8664633, 40.79517 ] } },
{ "type": "Feature", "properties": { "year": "2023", "month": "06", "day": "08", "Bombus species": "griseocollis", "julian_day": 159.0, "source": "iNat" }, "geometry": { "type": "Point", "coordinates": [ -111.866455, 40.79518 ] } },
{ "type": "Feature", "properties": { "year": "2023", "month": "06", "day": "08", "Bombus species": "huntii", "julian_day": 159.0, "source": "iNat" }, "geometry": { "type": "Point", "coordinates": [ -111.5059883, 40.62088333 ] } },
{ "type": "Feature", "properties": { "year": "2023", "month": "06", "day": "08", "Bombus species": "nevadensis", "julian_day": 159.0, "source": "iNat" }, "geometry": { "type": "Point", "coordinates": [ -111.8059533, 40.74304167 ] } },
{ "type": "Feature", "properties": { "year": "2023", "month": "06", "day": "08", "Bombus species": "nevadensis", "julian_day": 159.0, "source": "iNat" }, "geometry": { "type": "Point", "coordinates": [ -111.8233679, 40.76694907 ] } },
{ "type": "Feature", "properties": { "year": "2023", "month": "06", "day": "09", "Bombus species": "appositus", "julian_day": 160.0, "source": "iNat" }, "geometry": { "type": "Point", "coordinates": [ -111.896989, 40.67374381 ] } },
{ "type": "Feature", "properties": { "year": "2023", "month": "06", "day": "09", "Bombus species": "fervidus", "julian_day": 160.0, "source": "iNat" }, "geometry": { "type": "Point", "coordinates": [ -112.0494472, 41.14661667 ] } },
{ "type": "Feature", "properties": { "year": "2023", "month": "06", "day": "09", "Bombus species": "griseocollis", "julian_day": 160.0, "source": "iNat" }, "geometry": { "type": "Point", "coordinates": [ -111.7872211, 40.69686866 ] } },
{ "type": "Feature", "properties": { "year": "2023", "month": "06", "day": "09", "Bombus species": "griseocollis", "julian_day": 160.0, "source": "iNat" }, "geometry": { "type": "Point", "coordinates": [ -111.85665, 40.71536667 ] } },
{ "type": "Feature", "properties": { "year": "2023", "month": "06", "day": "09", "Bombus species": "huntii", "julian_day": 160.0, "source": "iNat" }, "geometry": { "type": "Point", "coordinates": [ -111.8432734, 40.57481162 ] } },
{ "type": "Feature", "properties": { "year": "2023", "month": "06", "day": "09", "Bombus species": "nevadensis", "julian_day": 160.0, "source": "iNat" }, "geometry": { "type": "Point", "coordinates": [ -111.7906306, 40.56443203 ] } },
{ "type": "Feature", "properties": { "year": "2023", "month": "06", "day": "10", "Bombus species": "griseocollis", "julian_day": 161.0, "source": "iNat" }, "geometry": { "type": "Point", "coordinates": [ -111.8618631, 40.7662547 ] } },
{ "type": "Feature", "properties": { "year": "2023", "month": "06", "day": "10", "Bombus species": "morrisoni", "julian_day": 161.0, "source": "iNat" }, "geometry": { "type": "Point", "coordinates": [ -111.7571927, 40.44277134 ] } },
{ "type": "Feature", "properties": { "year": "2023", "month": "06", "day": "11", "Bombus species": "fervidus", "julian_day": 162.0, "source": "iNat" }, "geometry": { "type": "Point", "coordinates": [ -111.9965555, 40.6656438 ] } },
{ "type": "Feature", "properties": { "year": "2023", "month": "06", "day": "11", "Bombus species": "griseocollis", "julian_day": 162.0, "source": "iNat" }, "geometry": { "type": "Point", "coordinates": [ -111.845055, 40.77546667 ] } },
{ "type": "Feature", "properties": { "year": "2023", "month": "06", "day": "11", "Bombus species": "griseocollis", "julian_day": 162.0, "source": "iNat" }, "geometry": { "type": "Point", "coordinates": [ -111.8486333, 40.78849667 ] } },
{ "type": "Feature", "properties": { "year": "2023", "month": "06", "day": "12", "Bombus species": "centralis", "julian_day": 163.0, "source": "iNat" }, "geometry": { "type": "Point", "coordinates": [ -111.796945, 40.67152833 ] } },
{ "type": "Feature", "properties": { "year": "2023", "month": "06", "day": "12", "Bombus species": "fervidus", "julian_day": 163.0, "source": "iNat" }, "geometry": { "type": "Point", "coordinates": [ -111.7969367, 40.67161667 ] } },
{ "type": "Feature", "properties": { "year": "2023", "month": "06", "day": "12", "Bombus species": "fervidus", "julian_day": 163.0, "source": "iNat" }, "geometry": { "type": "Point", "coordinates": [ -112.0802695, 41.1518555 ] } },
{ "type": "Feature", "properties": { "year": "2023", "month": "06", "day": "12", "Bombus species": "fervidus", "julian_day": 163.0, "source": "iNat" }, "geometry": { "type": "Point", "coordinates": [ -111.954304, 41.2819456 ] } },
{ "type": "Feature", "properties": { "year": "2023", "month": "06", "day": "12", "Bombus species": "griseocollis", "julian_day": 163.0, "source": "iNat" }, "geometry": { "type": "Point", "coordinates": [ -111.7969583, 40.671575 ] } },
{ "type": "Feature", "properties": { "year": "2023", "month": "06", "day": "12", "Bombus species": "griseocollis", "julian_day": 163.0, "source": "iNat" }, "geometry": { "type": "Point", "coordinates": [ -111.8952633, 41.0322305 ] } },
{ "type": "Feature", "properties": { "year": "2023", "month": "06", "day": "12", "Bombus species": "griseocollis", "julian_day": 163.0, "source": "iNat" }, "geometry": { "type": "Point", "coordinates": [ -111.9028383, 41.04337217 ] } },
{ "type": "Feature", "properties": { "year": "2023", "month": "06", "day": "12", "Bombus species": "griseocollis", "julian_day": 163.0, "source": "iNat" }, "geometry": { "type": "Point", "coordinates": [ -111.9543168, 41.2819456 ] } },
{ "type": "Feature", "properties": { "year": "2023", "month": "06", "day": "12", "Bombus species": "huntii", "julian_day": 163.0, "source": "iNat" }, "geometry": { "type": "Point", "coordinates": [ -111.8338358, 41.73695982 ] } },
{ "type": "Feature", "properties": { "year": "2023", "month": "06", "day": "13", "Bombus species": "centralis", "julian_day": 164.0, "source": "iNat" }, "geometry": { "type": "Point", "coordinates": [ -113.0820583, 37.35613167 ] } },
{ "type": "Feature", "properties": { "year": "2023", "month": "06", "day": "13", "Bombus species": "insularis", "julian_day": 164.0, "source": "iNat" }, "geometry": { "type": "Point", "coordinates": [ -111.0578785, 40.91823518 ] } },
{ "type": "Feature", "properties": { "year": "2023", "month": "06", "day": "14", "Bombus species": "centralis", "julian_day": 165.0, "source": "iNat" }, "geometry": { "type": "Point", "coordinates": [ -111.8233336, 40.49430083 ] } },
{ "type": "Feature", "properties": { "year": "2023", "month": "06", "day": "14", "Bombus species": "griseocollis", "julian_day": 165.0, "source": "iNat" }, "geometry": { "type": "Point", "coordinates": [ -111.8233336, 40.49430083 ] } },
{ "type": "Feature", "properties": { "year": "2023", "month": "06", "day": "14", "Bombus species": "griseocollis", "julian_day": 165.0, "source": "iNat" }, "geometry": { "type": "Point", "coordinates": [ -111.8242044, 40.76663667 ] } },
{ "type": "Feature", "properties": { "year": "2023", "month": "06", "day": "14", "Bombus species": "huntii", "julian_day": 165.0, "source": "iNat" }, "geometry": { "type": "Point", "coordinates": [ -111.8233336, 40.49430083 ] } },
{ "type": "Feature", "properties": { "year": "2023", "month": "06", "day": "14", "Bombus species": "huntii", "julian_day": 165.0, "source": "iNat" }, "geometry": { "type": "Point", "coordinates": [ -111.1048867, 40.95584454 ] } },
{ "type": "Feature", "properties": { "year": "2023", "month": "06", "day": "14", "Bombus species": "morrisoni", "julian_day": 165.0, "source": "iNat" }, "geometry": { "type": "Point", "coordinates": [ -111.8338358, 41.73695982 ] } },
{ "type": "Feature", "properties": { "year": "2023", "month": "06", "day": "14", "Bombus species": "nevadensis", "julian_day": 165.0, "source": "iNat" }, "geometry": { "type": "Point", "coordinates": [ -111.5244446, 40.67681885 ] } },
{ "type": "Feature", "properties": { "year": "2023", "month": "06", "day": "14", "Bombus species": "nevadensis", "julian_day": 165.0, "source": "iNat" }, "geometry": { "type": "Point", "coordinates": [ -111.524437, 40.67681885 ] } },
{ "type": "Feature", "properties": { "year": "2023", "month": "06", "day": "15", "Bombus species": "fervidus", "julian_day": 166.0, "source": "iNat" }, "geometry": { "type": "Point", "coordinates": [ -112.1898485, 40.46776971 ] } },
{ "type": "Feature", "properties": { "year": "2023", "month": "06", "day": "15", "Bombus species": "fervidus", "julian_day": 166.0, "source": "iNat" }, "geometry": { "type": "Point", "coordinates": [ -111.50125, 40.63881667 ] } },
{ "type": "Feature", "properties": { "year": "2023", "month": "06", "day": "15", "Bombus species": "griseocollis", "julian_day": 166.0, "source": "iNat" }, "geometry": { "type": "Point", "coordinates": [ -111.8128808, 41.72464127 ] } },
{ "type": "Feature", "properties": { "year": "2023", "month": "06", "day": "15", "Bombus species": "griseocollis", "julian_day": 166.0, "source": "iNat" }, "geometry": { "type": "Point", "coordinates": [ -111.8128023, 41.72486384 ] } },
{ "type": "Feature", "properties": { "year": "2023", "month": "06", "day": "15", "Bombus species": "huntii", "julian_day": 166.0, "source": "iNat" }, "geometry": { "type": "Point", "coordinates": [ -111.876525, 40.845895 ] } },
{ "type": "Feature", "properties": { "year": "2023", "month": "06", "day": "15", "Bombus species": "morrisoni", "julian_day": 166.0, "source": "iNat" }, "geometry": { "type": "Point", "coordinates": [ -111.81147, 41.758995 ] } },
{ "type": "Feature", "properties": { "year": "2023", "month": "06", "day": "16", "Bombus species": "fervidus", "julian_day": 167.0, "source": "iNat" }, "geometry": { "type": "Point", "coordinates": [ -111.5810269, 39.20546877 ] } },
{ "type": "Feature", "properties": { "year": "2023", "month": "06", "day": "16", "Bombus species": "fervidus", "julian_day": 167.0, "source": "iNat" }, "geometry": { "type": "Point", "coordinates": [ -111.8251126, 40.57121913 ] } },
{ "type": "Feature", "properties": { "year": "2023", "month": "06", "day": "16", "Bombus species": "fervidus", "julian_day": 167.0, "source": "iNat" }, "geometry": { "type": "Point", "coordinates": [ -111.8251126, 40.57121913 ] } },
{ "type": "Feature", "properties": { "year": "2023", "month": "06", "day": "16", "Bombus species": "griseocollis", "julian_day": 167.0, "source": "iNat" }, "geometry": { "type": "Point", "coordinates": [ -111.8862437, 41.05248084 ] } },
{ "type": "Feature", "properties": { "year": "2023", "month": "06", "day": "16", "Bombus species": "nevadensis", "julian_day": 167.0, "source": "iNat" }, "geometry": { "type": "Point", "coordinates": [ -111.871995, 40.77515833 ] } },
{ "type": "Feature", "properties": { "year": "2023", "month": "06", "day": "17", "Bombus species": "fervidus", "julian_day": 168.0, "source": "iNat" }, "geometry": { "type": "Point", "coordinates": [ -111.6862033, 40.02483333 ] } },
{ "type": "Feature", "properties": { "year": "2023", "month": "06", "day": "17", "Bombus species": "fervidus", "julian_day": 168.0, "source": "iNat" }, "geometry": { "type": "Point", "coordinates": [ -111.9175657, 40.4996513 ] } },
{ "type": "Feature", "properties": { "year": "2023", "month": "06", "day": "17", "Bombus species": "griseocollis", "julian_day": 168.0, "source": "iNat" }, "geometry": { "type": "Point", "coordinates": [ -111.8719633, 40.7752 ] } },
{ "type": "Feature", "properties": { "year": "2023", "month": "06", "day": "17", "Bombus species": "griseocollis", "julian_day": 168.0, "source": "iNat" }, "geometry": { "type": "Point", "coordinates": [ -111.8719633, 40.77543833 ] } },
{ "type": "Feature", "properties": { "year": "2023", "month": "06", "day": "17", "Bombus species": "griseocollis", "julian_day": 168.0, "source": "iNat" }, "geometry": { "type": "Point", "coordinates": [ -111.9211351, 40.959275 ] } },
{ "type": "Feature", "properties": { "year": "2023", "month": "06", "day": "17", "Bombus species": "rufocinctus", "julian_day": 168.0, "source": "iNat" }, "geometry": { "type": "Point", "coordinates": [ -111.6152283, 40.74544358 ] } },
{ "type": "Feature", "properties": { "year": "2023", "month": "06", "day": "18", "Bombus species": "fervidus", "julian_day": 169.0, "source": "iNat" }, "geometry": { "type": "Point", "coordinates": [ -111.9542656, 41.2818848 ] } },
{ "type": "Feature", "properties": { "year": "2023", "month": "06", "day": "18", "Bombus species": "griseocollis", "julian_day": 169.0, "source": "iNat" }, "geometry": { "type": "Point", "coordinates": [ -111.6664162, 40.328912 ] } },
{ "type": "Feature", "properties": { "year": "2023", "month": "06", "day": "18", "Bombus species": "griseocollis", "julian_day": 169.0, "source": "iNat" }, "geometry": { "type": "Point", "coordinates": [ -111.3939256, 40.59582452 ] } },
{ "type": "Feature", "properties": { "year": "2023", "month": "06", "day": "18", "Bombus species": "griseocollis", "julian_day": 169.0, "source": "iNat" }, "geometry": { "type": "Point", "coordinates": [ -112.2735367, 40.66312833 ] } },
{ "type": "Feature", "properties": { "year": "2023", "month": "06", "day": "18", "Bombus species": "huntii", "julian_day": 169.0, "source": "iNat" }, "geometry": { "type": "Point", "coordinates": [ -113.0263007, 37.29771303 ] } },
{ "type": "Feature", "properties": { "year": "2023", "month": "06", "day": "18", "Bombus species": "huntii", "julian_day": 169.0, "source": "iNat" }, "geometry": { "type": "Point", "coordinates": [ -111.9542656, 41.2818848 ] } },
{ "type": "Feature", "properties": { "year": "2023", "month": "06", "day": "18", "Bombus species": "nevadensis", "julian_day": 169.0, "source": "iNat" }, "geometry": { "type": "Point", "coordinates": [ -111.771149, 40.69639997 ] } },
{ "type": "Feature", "properties": { "year": "2023", "month": "06", "day": "18", "Bombus species": "nevadensis", "julian_day": 169.0, "source": "iNat" }, "geometry": { "type": "Point", "coordinates": [ -111.6157611, 40.75173333 ] } },
{ "type": "Feature", "properties": { "year": "2023", "month": "06", "day": "19", "Bombus species": "griseocollis", "julian_day": 170.0, "source": "iNat" }, "geometry": { "type": "Point", "coordinates": [ -111.6843291, 41.7914473 ] } },
{ "type": "Feature", "properties": { "year": "2023", "month": "06", "day": "19", "Bombus species": "vancouverensis/bifarius", "julian_day": 170.0, "source": "iNat" }, "geometry": { "type": "Point", "coordinates": [ -111.6558389, 40.58109722 ] } },
{ "type": "Feature", "properties": { "year": "2023", "month": "06", "day": "20", "Bombus species": "fervidus", "julian_day": 171.0, "source": "iNat" }, "geometry": { "type": "Point", "coordinates": [ -111.8550543, 40.74389339 ] } },
{ "type": "Feature", "properties": { "year": "2023", "month": "06", "day": "20", "Bombus species": "fervidus", "julian_day": 171.0, "source": "iNat" }, "geometry": { "type": "Point", "coordinates": [ -111.8413142, 40.79496159 ] } },
{ "type": "Feature", "properties": { "year": "2023", "month": "06", "day": "20", "Bombus species": "fervidus", "julian_day": 171.0, "source": "iNat" }, "geometry": { "type": "Point", "coordinates": [ -112.2206955, 40.98503151 ] } },
{ "type": "Feature", "properties": { "year": "2023", "month": "06", "day": "20", "Bombus species": "huntii", "julian_day": 171.0, "source": "iNat" }, "geometry": { "type": "Point", "coordinates": [ -111.5443633, 40.71638 ] } },
{ "type": "Feature", "properties": { "year": "2023", "month": "06", "day": "21", "Bombus species": "centralis", "julian_day": 172.0, "source": "iNat" }, "geometry": { "type": "Point", "coordinates": [ -112.6199171, 37.50813415 ] } },
{ "type": "Feature", "properties": { "year": "2023", "month": "06", "day": "21", "Bombus species": "fervidus", "julian_day": 172.0, "source": "iNat" }, "geometry": { "type": "Point", "coordinates": [ -111.6106844, 40.0068153 ] } },
{ "type": "Feature", "properties": { "year": "2023", "month": "06", "day": "21", "Bombus species": "nevadensis", "julian_day": 172.0, "source": "iNat" }, "geometry": { "type": "Point", "coordinates": [ -111.8127756, 41.72484793 ] } },
{ "type": "Feature", "properties": { "year": "2023", "month": "06", "day": "22", "Bombus species": "fervidus", "julian_day": 173.0, "source": "iNat" }, "geometry": { "type": "Point", "coordinates": [ -112.0525093, 41.4668258 ] } },
{ "type": "Feature", "properties": { "year": "2023", "month": "06", "day": "22", "Bombus species": "fervidus", "julian_day": 173.0, "source": "iNat" }, "geometry": { "type": "Point", "coordinates": [ -112.052575, 41.466852 ] } },
{ "type": "Feature", "properties": { "year": "2023", "month": "06", "day": "22", "Bombus species": "griseocollis", "julian_day": 173.0, "source": "iNat" }, "geometry": { "type": "Point", "coordinates": [ -111.8181217, 41.73065333 ] } },
{ "type": "Feature", "properties": { "year": "2023", "month": "06", "day": "22", "Bombus species": "huntii", "julian_day": 173.0, "source": "iNat" }, "geometry": { "type": "Point", "coordinates": [ -112.8787364, 37.2299642 ] } },
{ "type": "Feature", "properties": { "year": "2023", "month": "06", "day": "22", "Bombus species": "huntii", "julian_day": 173.0, "source": "iNat" }, "geometry": { "type": "Point", "coordinates": [ -111.8330161, 40.54874945 ] } },
{ "type": "Feature", "properties": { "year": "2023", "month": "06", "day": "23", "Bombus species": "fervidus", "julian_day": 174.0, "source": "iNat" }, "geometry": { "type": "Point", "coordinates": [ -112.2045567, 40.99430833 ] } },
{ "type": "Feature", "properties": { "year": "2023", "month": "06", "day": "23", "Bombus species": "fervidus", "julian_day": 174.0, "source": "iNat" }, "geometry": { "type": "Point", "coordinates": [ -111.9290472, 41.31242354 ] } },
{ "type": "Feature", "properties": { "year": "2023", "month": "06", "day": "23", "Bombus species": "fervidus", "julian_day": 174.0, "source": "iNat" }, "geometry": { "type": "Point", "coordinates": [ -111.8567791, 41.6901589 ] } },
{ "type": "Feature", "properties": { "year": "2023", "month": "06", "day": "23", "Bombus species": "griseocollis", "julian_day": 174.0, "source": "iNat" }, "geometry": { "type": "Point", "coordinates": [ -111.8233362, 40.76447647 ] } },
{ "type": "Feature", "properties": { "year": "2023", "month": "06", "day": "23", "Bombus species": "griseocollis", "julian_day": 174.0, "source": "iNat" }, "geometry": { "type": "Point", "coordinates": [ -111.8568849, 41.68985331 ] } },
{ "type": "Feature", "properties": { "year": "2023", "month": "06", "day": "23", "Bombus species": "griseocollis", "julian_day": 174.0, "source": "iNat" }, "geometry": { "type": "Point", "coordinates": [ -111.85585, 41.69014597 ] } },
{ "type": "Feature", "properties": { "year": "2023", "month": "06", "day": "23", "Bombus species": "griseocollis", "julian_day": 174.0, "source": "iNat" }, "geometry": { "type": "Point", "coordinates": [ -111.8558798, 41.6901527 ] } },
{ "type": "Feature", "properties": { "year": "2023", "month": "06", "day": "23", "Bombus species": "insularis", "julian_day": 174.0, "source": "iNat" }, "geometry": { "type": "Point", "coordinates": [ -111.7011333, 40.69401167 ] } },
{ "type": "Feature", "properties": { "year": "2023", "month": "06", "day": "23", "Bombus species": "morrisoni", "julian_day": 174.0, "source": "iNat" }, "geometry": { "type": "Point", "coordinates": [ -112.5578917, 37.11467778 ] } },
{ "type": "Feature", "properties": { "year": "2023", "month": "06", "day": "23", "Bombus species": "morrisoni", "julian_day": 174.0, "source": "iNat" }, "geometry": { "type": "Point", "coordinates": [ -109.2429636, 40.41911617 ] } },
{ "type": "Feature", "properties": { "year": "2023", "month": "06", "day": "23", "Bombus species": "nevadensis", "julian_day": 174.0, "source": "iNat" }, "geometry": { "type": "Point", "coordinates": [ -111.8289421, 40.74299997 ] } },
{ "type": "Feature", "properties": { "year": "2023", "month": "06", "day": "24", "Bombus species": "centralis", "julian_day": 175.0, "source": "iNat" }, "geometry": { "type": "Point", "coordinates": [ -111.6216058, 40.28474538 ] } },
{ "type": "Feature", "properties": { "year": "2023", "month": "06", "day": "24", "Bombus species": "fervidus", "julian_day": 175.0, "source": "iNat" }, "geometry": { "type": "Point", "coordinates": [ -111.8469635, 40.36443914 ] } },
{ "type": "Feature", "properties": { "year": "2023", "month": "06", "day": "24", "Bombus species": "fervidus", "julian_day": 175.0, "source": "iNat" }, "geometry": { "type": "Point", "coordinates": [ -111.8469635, 40.36443914 ] } },
{ "type": "Feature", "properties": { "year": "2023", "month": "06", "day": "24", "Bombus species": "griseocollis", "julian_day": 175.0, "source": "iNat" }, "geometry": { "type": "Point", "coordinates": [ -111.8666617, 40.77869667 ] } },
{ "type": "Feature", "properties": { "year": "2023", "month": "06", "day": "24", "Bombus species": "griseocollis", "julian_day": 175.0, "source": "iNat" }, "geometry": { "type": "Point", "coordinates": [ -111.9231756, 40.96883033 ] } },
{ "type": "Feature", "properties": { "year": "2023", "month": "06", "day": "24", "Bombus species": "huntii", "julian_day": 175.0, "source": "iNat" }, "geometry": { "type": "Point", "coordinates": [ -112.948855, 37.29392 ] } },
{ "type": "Feature", "properties": { "year": "2023", "month": "06", "day": "24", "Bombus species": "huntii", "julian_day": 175.0, "source": "iNat" }, "geometry": { "type": "Point", "coordinates": [ -111.8469635, 40.36443914 ] } },
{ "type": "Feature", "properties": { "year": "2023", "month": "06", "day": "24", "Bombus species": "huntii", "julian_day": 175.0, "source": "iNat" }, "geometry": { "type": "Point", "coordinates": [ -111.8469635, 40.36443914 ] } },
{ "type": "Feature", "properties": { "year": "2023", "month": "06", "day": "24", "Bombus species": "huntii", "julian_day": 175.0, "source": "iNat" }, "geometry": { "type": "Point", "coordinates": [ -111.8881836, 40.77633667 ] } },
{ "type": "Feature", "properties": { "year": "2023", "month": "06", "day": "24", "Bombus species": "huntii", "julian_day": 175.0, "source": "iNat" }, "geometry": { "type": "Point", "coordinates": [ -111.8881912, 40.77636719 ] } },
{ "type": "Feature", "properties": { "year": "2023", "month": "06", "day": "25", "Bombus species": "fervidus", "julian_day": 176.0, "source": "iNat" }, "geometry": { "type": "Point", "coordinates": [ -111.9875778, 40.55605833 ] } },
{ "type": "Feature", "properties": { "year": "2023", "month": "06", "day": "25", "Bombus species": "griseocollis", "julian_day": 176.0, "source": "iNat" }, "geometry": { "type": "Point", "coordinates": [ -111.5898271, 40.16785818 ] } },
{ "type": "Feature", "properties": { "year": "2023", "month": "06", "day": "25", "Bombus species": "huntii", "julian_day": 176.0, "source": "iNat" }, "geometry": { "type": "Point", "coordinates": [ -109.3100735, 38.5433964 ] } },
{ "type": "Feature", "properties": { "year": "2023", "month": "06", "day": "26", "Bombus species": "huntii", "julian_day": 177.0, "source": "iNat" }, "geometry": { "type": "Point", "coordinates": [ -111.7734283, 40.67554667 ] } },
{ "type": "Feature", "properties": { "year": "2023", "month": "06", "day": "26", "Bombus species": "huntii", "julian_day": 177.0, "source": "iNat" }, "geometry": { "type": "Point", "coordinates": [ -111.8639906, 40.85984947 ] } },
{ "type": "Feature", "properties": { "year": "2023", "month": "06", "day": "27", "Bombus species": "fervidus", "julian_day": 178.0, "source": "iNat" }, "geometry": { "type": "Point", "coordinates": [ -111.8764883, 40.70025 ] } },
{ "type": "Feature", "properties": { "year": "2023", "month": "06", "day": "27", "Bombus species": "huntii", "julian_day": 178.0, "source": "iNat" }, "geometry": { "type": "Point", "coordinates": [ -112.9489217, 37.29356167 ] } },
{ "type": "Feature", "properties": { "year": "2023", "month": "06", "day": "28", "Bombus species": "fervidus", "julian_day": 179.0, "source": "iNat" }, "geometry": { "type": "Point", "coordinates": [ -112.2525555, 37.53633362 ] } },
{ "type": "Feature", "properties": { "year": "2023", "month": "06", "day": "28", "Bombus species": "huntii", "julian_day": 179.0, "source": "iNat" }, "geometry": { "type": "Point", "coordinates": [ -112.2655585, 37.51512694 ] } },
{ "type": "Feature", "properties": { "year": "2023", "month": "06", "day": "29", "Bombus species": "appositus", "julian_day": 180.0, "source": "iNat" }, "geometry": { "type": "Point", "coordinates": [ -111.86677, 40.778605 ] } },
{ "type": "Feature", "properties": { "year": "2023", "month": "06", "day": "29", "Bombus species": "fervidus", "julian_day": 180.0, "source": "iNat" }, "geometry": { "type": "Point", "coordinates": [ -109.5831717, 40.47762167 ] } },
{ "type": "Feature", "properties": { "year": "2023", "month": "06", "day": "29", "Bombus species": "fervidus", "julian_day": 180.0, "source": "iNat" }, "geometry": { "type": "Point", "coordinates": [ -111.9985228, 40.53033027 ] } },
{ "type": "Feature", "properties": { "year": "2023", "month": "06", "day": "29", "Bombus species": "fervidus", "julian_day": 180.0, "source": "iNat" }, "geometry": { "type": "Point", "coordinates": [ -111.863611, 40.72719 ] } },
{ "type": "Feature", "properties": { "year": "2023", "month": "06", "day": "29", "Bombus species": "griseocollis", "julian_day": 180.0, "source": "iNat" }, "geometry": { "type": "Point", "coordinates": [ -111.8111762, 40.36767759 ] } },
{ "type": "Feature", "properties": { "year": "2023", "month": "06", "day": "30", "Bombus species": "fervidus", "julian_day": 181.0, "source": "iNat" }, "geometry": { "type": "Point", "coordinates": [ -112.029678, 41.171697 ] } },
{ "type": "Feature", "properties": { "year": "2023", "month": "06", "day": "30", "Bombus species": "morrisoni", "julian_day": 181.0, "source": "iNat" }, "geometry": { "type": "Point", "coordinates": [ -111.8338358, 41.73695982 ] } },
{ "type": "Feature", "properties": { "year": "2023", "month": "07", "day": "01", "Bombus species": "fervidus", "julian_day": 182.0, "source": "iNat" }, "geometry": { "type": "Point", "coordinates": [ -111.9804467, 41.167525 ] } },
{ "type": "Feature", "properties": { "year": "2023", "month": "07", "day": "01", "Bombus species": "fervidus", "julian_day": 182.0, "source": "iNat" }, "geometry": { "type": "Point", "coordinates": [ -111.8338358, 41.73695982 ] } },
{ "type": "Feature", "properties": { "year": "2023", "month": "07", "day": "01", "Bombus species": "fervidus", "julian_day": 182.0, "source": "iNat" }, "geometry": { "type": "Point", "coordinates": [ -111.8338358, 41.73695982 ] } },
{ "type": "Feature", "properties": { "year": "2023", "month": "07", "day": "01", "Bombus species": "griseocollis", "julian_day": 182.0, "source": "iNat" }, "geometry": { "type": "Point", "coordinates": [ -111.980475, 41.16739667 ] } },
{ "type": "Feature", "properties": { "year": "2023", "month": "07", "day": "02", "Bombus species": "centralis", "julian_day": 183.0, "source": "iNat" }, "geometry": { "type": "Point", "coordinates": [ -111.9752018, 40.51145391 ] } },
{ "type": "Feature", "properties": { "year": "2023", "month": "07", "day": "02", "Bombus species": "griseocollis", "julian_day": 183.0, "source": "iNat" }, "geometry": { "type": "Point", "coordinates": [ -111.8239306, 40.76884336 ] } },
{ "type": "Feature", "properties": { "year": "2023", "month": "07", "day": "02", "Bombus species": "griseocollis", "julian_day": 183.0, "source": "iNat" }, "geometry": { "type": "Point", "coordinates": [ -111.8884743, 40.97923592 ] } },
{ "type": "Feature", "properties": { "year": "2023", "month": "07", "day": "02", "Bombus species": "griseocollis", "julian_day": 183.0, "source": "iNat" }, "geometry": { "type": "Point", "coordinates": [ -111.9256529, 41.22386561 ] } },
{ "type": "Feature", "properties": { "year": "2023", "month": "07", "day": "02", "Bombus species": "mixtus", "julian_day": 183.0, "source": "iNat" }, "geometry": { "type": "Point", "coordinates": [ -112.3795867, 38.48351333 ] } },
{ "type": "Feature", "properties": { "year": "2023", "month": "07", "day": "02", "Bombus species": "nevadensis", "julian_day": 183.0, "source": "iNat" }, "geometry": { "type": "Point", "coordinates": [ -112.3718913, 38.36904454 ] } },
{ "type": "Feature", "properties": { "year": "2023", "month": "07", "day": "03", "Bombus species": "griseocollis", "julian_day": 184.0, "source": "iNat" }, "geometry": { "type": "Point", "coordinates": [ -111.8736, 41.62338955 ] } },
{ "type": "Feature", "properties": { "year": "2023", "month": "07", "day": "04", "Bombus species": "morrisoni", "julian_day": 185.0, "source": "iNat" }, "geometry": { "type": "Point", "coordinates": [ -112.9149847, 37.2220223 ] } },
{ "type": "Feature", "properties": { "year": "2023", "month": "07", "day": "05", "Bombus species": "fervidus", "julian_day": 186.0, "source": "iNat" }, "geometry": { "type": "Point", "coordinates": [ -111.8636844, 40.727158 ] } },
{ "type": "Feature", "properties": { "year": "2023", "month": "07", "day": "05", "Bombus species": "fervidus", "julian_day": 186.0, "source": "iNat" }, "geometry": { "type": "Point", "coordinates": [ -111.8659625, 40.7852191 ] } },
{ "type": "Feature", "properties": { "year": "2023", "month": "07", "day": "05", "Bombus species": "flavifrons", "julian_day": 186.0, "source": "iNat" }, "geometry": { "type": "Point", "coordinates": [ -110.8853147, 40.79192684 ] } },
{ "type": "Feature", "properties": { "year": "2023", "month": "07", "day": "06", "Bombus species": "appositus", "julian_day": 187.0, "source": "iNat" }, "geometry": { "type": "Point", "coordinates": [ -111.6426944, 41.89765833 ] } },
{ "type": "Feature", "properties": { "year": "2023", "month": "07", "day": "06", "Bombus species": "griseocollis", "julian_day": 187.0, "source": "iNat" }, "geometry": { "type": "Point", "coordinates": [ -111.9272562, 40.6009041 ] } },
{ "type": "Feature", "properties": { "year": "2023", "month": "07", "day": "06", "Bombus species": "griseocollis", "julian_day": 187.0, "source": "iNat" }, "geometry": { "type": "Point", "coordinates": [ -111.869155, 40.95052 ] } },
{ "type": "Feature", "properties": { "year": "2023", "month": "07", "day": "07", "Bombus species": "fervidus", "julian_day": 188.0, "source": "iNat" }, "geometry": { "type": "Point", "coordinates": [ -111.9109532, 40.43346174 ] } },
{ "type": "Feature", "properties": { "year": "2023", "month": "07", "day": "07", "Bombus species": "fervidus", "julian_day": 188.0, "source": "iNat" }, "geometry": { "type": "Point", "coordinates": [ -111.9109532, 40.43346174 ] } },
{ "type": "Feature", "properties": { "year": "2023", "month": "07", "day": "07", "Bombus species": "fervidus", "julian_day": 188.0, "source": "iNat" }, "geometry": { "type": "Point", "coordinates": [ -111.9109532, 40.43346174 ] } },
{ "type": "Feature", "properties": { "year": "2023", "month": "07", "day": "07", "Bombus species": "fervidus", "julian_day": 188.0, "source": "iNat" }, "geometry": { "type": "Point", "coordinates": [ -111.9109532, 40.43346174 ] } },
{ "type": "Feature", "properties": { "year": "2023", "month": "07", "day": "07", "Bombus species": "huntii", "julian_day": 188.0, "source": "iNat" }, "geometry": { "type": "Point", "coordinates": [ -112.2358633, 37.47188667 ] } },
{ "type": "Feature", "properties": { "year": "2023", "month": "07", "day": "07", "Bombus species": "huntii", "julian_day": 188.0, "source": "iNat" }, "geometry": { "type": "Point", "coordinates": [ -112.1708533, 37.62098333 ] } },
{ "type": "Feature", "properties": { "year": "2023", "month": "07", "day": "07", "Bombus species": "huntii", "julian_day": 188.0, "source": "iNat" }, "geometry": { "type": "Point", "coordinates": [ -111.9109532, 40.43346174 ] } },
{ "type": "Feature", "properties": { "year": "2023", "month": "07", "day": "07", "Bombus species": "huntii", "julian_day": 188.0, "source": "iNat" }, "geometry": { "type": "Point", "coordinates": [ -111.9678333, 41.26618667 ] } },
{ "type": "Feature", "properties": { "year": "2023", "month": "07", "day": "07", "Bombus species": "huntii", "julian_day": 188.0, "source": "iNat" }, "geometry": { "type": "Point", "coordinates": [ -111.76562, 41.63880389 ] } },
{ "type": "Feature", "properties": { "year": "2023", "month": "07", "day": "07", "Bombus species": "morrisoni", "julian_day": 188.0, "source": "iNat" }, "geometry": { "type": "Point", "coordinates": [ -110.7378938, 38.21370823 ] } },
{ "type": "Feature", "properties": { "year": "2023", "month": "07", "day": "07", "Bombus species": "morrisoni", "julian_day": 188.0, "source": "iNat" }, "geometry": { "type": "Point", "coordinates": [ -111.8126862, 41.72472896 ] } },
{ "type": "Feature", "properties": { "year": "2023", "month": "07", "day": "07", "Bombus species": "morrisoni", "julian_day": 188.0, "source": "iNat" }, "geometry": { "type": "Point", "coordinates": [ -111.81205, 41.758105 ] } },
{ "type": "Feature", "properties": { "year": "2023", "month": "07", "day": "08", "Bombus species": "fervidus", "julian_day": 189.0, "source": "iNat" }, "geometry": { "type": "Point", "coordinates": [ -112.1564638, 41.71698 ] } },
{ "type": "Feature", "properties": { "year": "2023", "month": "07", "day": "08", "Bombus species": "griseocollis", "julian_day": 189.0, "source": "iNat" }, "geometry": { "type": "Point", "coordinates": [ -111.7856231, 40.65851468 ] } },
{ "type": "Feature", "properties": { "year": "2023", "month": "07", "day": "08", "Bombus species": "nevadensis", "julian_day": 189.0, "source": "iNat" }, "geometry": { "type": "Point", "coordinates": [ -112.8452345, 37.6362563 ] } },
{ "type": "Feature", "properties": { "year": "2023", "month": "07", "day": "08", "Bombus species": "nevadensis", "julian_day": 189.0, "source": "iNat" }, "geometry": { "type": "Point", "coordinates": [ -109.191955, 38.45500833 ] } },
{ "type": "Feature", "properties": { "year": "2023", "month": "07", "day": "09", "Bombus species": "fervidus", "julian_day": 190.0, "source": "iNat" }, "geometry": { "type": "Point", "coordinates": [ -111.9300365, 41.30867174 ] } },
{ "type": "Feature", "properties": { "year": "2023", "month": "07", "day": "10", "Bombus species": "fervidus", "julian_day": 191.0, "source": "iNat" }, "geometry": { "type": "Point", "coordinates": [ -111.8195033, 41.62552833 ] } },
{ "type": "Feature", "properties": { "year": "2023", "month": "07", "day": "10", "Bombus species": "griseocollis", "julian_day": 191.0, "source": "iNat" }, "geometry": { "type": "Point", "coordinates": [ -111.8220943, 40.76410681 ] } },
{ "type": "Feature", "properties": { "year": "2023", "month": "07", "day": "10", "Bombus species": "griseocollis", "julian_day": 191.0, "source": "iNat" }, "geometry": { "type": "Point", "coordinates": [ -111.8667367, 40.77863 ] } },
{ "type": "Feature", "properties": { "year": "2023", "month": "07", "day": "10", "Bombus species": "huntii", "julian_day": 191.0, "source": "iNat" }, "geometry": { "type": "Point", "coordinates": [ -111.822127, 40.76384926 ] } },
{ "type": "Feature", "properties": { "year": "2023", "month": "07", "day": "10", "Bombus species": "pensylvanicus", "julian_day": 191.0, "source": "iNat" }, "geometry": { "type": "Point", "coordinates": [ -109.2543899, 38.79547834 ] } },
{ "type": "Feature", "properties": { "year": "2023", "month": "07", "day": "11", "Bombus species": "vancouverensis/bifarius", "julian_day": 192.0, "source": "iNat" }, "geometry": { "type": "Point", "coordinates": [ -109.4425717, 37.88183333 ] } },
{ "type": "Feature", "properties": { "year": "2023", "month": "07", "day": "11", "Bombus species": "fervidus", "julian_day": 192.0, "source": "iNat" }, "geometry": { "type": "Point", "coordinates": [ -111.9232417, 40.74562 ] } },
{ "type": "Feature", "properties": { "year": "2023", "month": "07", "day": "12", "Bombus species": "fervidus", "julian_day": 193.0, "source": "iNat" }, "geometry": { "type": "Point", "coordinates": [ -111.8366375, 40.55260829 ] } },
{ "type": "Feature", "properties": { "year": "2023", "month": "07", "day": "12", "Bombus species": "fervidus", "julian_day": 193.0, "source": "iNat" }, "geometry": { "type": "Point", "coordinates": [ -111.9963275, 40.6599468 ] } },
{ "type": "Feature", "properties": { "year": "2023", "month": "07", "day": "12", "Bombus species": "griseocollis", "julian_day": 193.0, "source": "iNat" }, "geometry": { "type": "Point", "coordinates": [ -111.8220967, 40.763745 ] } },
{ "type": "Feature", "properties": { "year": "2023", "month": "07", "day": "12", "Bombus species": "griseocollis", "julian_day": 193.0, "source": "iNat" }, "geometry": { "type": "Point", "coordinates": [ -111.8220883, 40.76374667 ] } },
{ "type": "Feature", "properties": { "year": "2023", "month": "07", "day": "12", "Bombus species": "griseocollis", "julian_day": 193.0, "source": "iNat" }, "geometry": { "type": "Point", "coordinates": [ -111.821975, 40.763855 ] } },
{ "type": "Feature", "properties": { "year": "2023", "month": "07", "day": "12", "Bombus species": "griseocollis", "julian_day": 193.0, "source": "iNat" }, "geometry": { "type": "Point", "coordinates": [ -111.8221283, 40.76398833 ] } },
{ "type": "Feature", "properties": { "year": "2023", "month": "07", "day": "12", "Bombus species": "huntii", "julian_day": 193.0, "source": "iNat" }, "geometry": { "type": "Point", "coordinates": [ -112.2999701, 37.76057164 ] } },
{ "type": "Feature", "properties": { "year": "2023", "month": "07", "day": "12", "Bombus species": "insularis", "julian_day": 193.0, "source": "iNat" }, "geometry": { "type": "Point", "coordinates": [ -109.2585533, 38.49206167 ] } },
{ "type": "Feature", "properties": { "year": "2023", "month": "07", "day": "12", "Bombus species": "morrisoni", "julian_day": 193.0, "source": "iNat" }, "geometry": { "type": "Point", "coordinates": [ -112.9540558, 37.25506973 ] } },
{ "type": "Feature", "properties": { "year": "2023", "month": "07", "day": "12", "Bombus species": "nevadensis", "julian_day": 193.0, "source": "iNat" }, "geometry": { "type": "Point", "coordinates": [ -111.822005, 40.76384667 ] } },
{ "type": "Feature", "properties": { "year": "2023", "month": "07", "day": "13", "Bombus species": "fervidus", "julian_day": 194.0, "source": "iNat" }, "geometry": { "type": "Point", "coordinates": [ -111.7667525, 41.68652699 ] } },
{ "type": "Feature", "properties": { "year": "2023", "month": "07", "day": "13", "Bombus species": "griseocollis", "julian_day": 194.0, "source": "iNat" }, "geometry": { "type": "Point", "coordinates": [ -111.9276102, 40.60145635 ] } },
{ "type": "Feature", "properties": { "year": "2023", "month": "07", "day": "13", "Bombus species": "huntii", "julian_day": 194.0, "source": "iNat" }, "geometry": { "type": "Point", "coordinates": [ -111.9272964, 40.60127629 ] } },
{ "type": "Feature", "properties": { "year": "2023", "month": "07", "day": "13", "Bombus species": "huntii", "julian_day": 194.0, "source": "iNat" }, "geometry": { "type": "Point", "coordinates": [ -111.9028128, 40.8638706 ] } },
{ "type": "Feature", "properties": { "year": "2023", "month": "07", "day": "13", "Bombus species": "morrisoni", "julian_day": 194.0, "source": "iNat" }, "geometry": { "type": "Point", "coordinates": [ -111.7917, 41.7514 ] } },
{ "type": "Feature", "properties": { "year": "2023", "month": "07", "day": "14", "Bombus species": "huntii", "julian_day": 195.0, "source": "iNat" }, "geometry": { "type": "Point", "coordinates": [ -111.9262501, 40.63827072 ] } },
{ "type": "Feature", "properties": { "year": "2023", "month": "07", "day": "14", "Bombus species": "huntii", "julian_day": 195.0, "source": "iNat" }, "geometry": { "type": "Point", "coordinates": [ -111.8732383, 40.78891667 ] } },
{ "type": "Feature", "properties": { "year": "2023", "month": "07", "day": "14", "Bombus species": "pensylvanicus", "julian_day": 195.0, "source": "iNat" }, "geometry": { "type": "Point", "coordinates": [ -109.3779194, 38.60930833 ] } },
{ "type": "Feature", "properties": { "year": "2023", "month": "07", "day": "14", "Bombus species": "rufocinctus", "julian_day": 195.0, "source": "iNat" }, "geometry": { "type": "Point", "coordinates": [ -111.5245225, 40.71539109 ] } },
{ "type": "Feature", "properties": { "year": "2023", "month": "07", "day": "15", "Bombus species": "appositus", "julian_day": 196.0, "source": "iNat" }, "geometry": { "type": "Point", "coordinates": [ -111.6456833, 40.52852 ] } },
{ "type": "Feature", "properties": { "year": "2023", "month": "07", "day": "15", "Bombus species": "appositus", "julian_day": 196.0, "source": "iNat" }, "geometry": { "type": "Point", "coordinates": [ -111.495995, 40.70913667 ] } },
{ "type": "Feature", "properties": { "year": "2023", "month": "07", "day": "15", "Bombus species": "huntii", "julian_day": 196.0, "source": "iNat" }, "geometry": { "type": "Point", "coordinates": [ -111.6295944, 40.11243889 ] } },
{ "type": "Feature", "properties": { "year": "2023", "month": "07", "day": "16", "Bombus species": "appositus", "julian_day": 197.0, "source": "iNat" }, "geometry": { "type": "Point", "coordinates": [ -111.7596367, 41.35573833 ] } },
{ "type": "Feature", "properties": { "year": "2023", "month": "07", "day": "16", "Bombus species": "morrisoni", "julian_day": 197.0, "source": "iNat" }, "geometry": { "type": "Point", "coordinates": [ -112.234175, 41.04123056 ] } },
{ "type": "Feature", "properties": { "year": "2023", "month": "07", "day": "16", "Bombus species": "nevadensis", "julian_day": 197.0, "source": "iNat" }, "geometry": { "type": "Point", "coordinates": [ -112.824805, 37.63556333 ] } },
{ "type": "Feature", "properties": { "year": "2023", "month": "07", "day": "16", "Bombus species": "nevadensis", "julian_day": 197.0, "source": "iNat" }, "geometry": { "type": "Point", "coordinates": [ -111.5385583, 40.60965833 ] } },
{ "type": "Feature", "properties": { "year": "2023", "month": "07", "day": "17", "Bombus species": "fervidus", "julian_day": 198.0, "source": "iNat" }, "geometry": { "type": "Point", "coordinates": [ -111.9257126, 40.96271133 ] } },
{ "type": "Feature", "properties": { "year": "2023", "month": "07", "day": "17", "Bombus species": "griseocollis", "julian_day": 198.0, "source": "iNat" }, "geometry": { "type": "Point", "coordinates": [ -111.8460119, 40.72808757 ] } },
{ "type": "Feature", "properties": { "year": "2023", "month": "07", "day": "17", "Bombus species": "nevadensis", "julian_day": 198.0, "source": "iNat" }, "geometry": { "type": "Point", "coordinates": [ -111.9256592, 40.96099854 ] } },
{ "type": "Feature", "properties": { "year": "2023", "month": "07", "day": "18", "Bombus species": "appositus", "julian_day": 199.0, "source": "iNat" }, "geometry": { "type": "Point", "coordinates": [ -113.1660433, 37.47917833 ] } },
{ "type": "Feature", "properties": { "year": "2023", "month": "07", "day": "18", "Bombus species": "appositus", "julian_day": 199.0, "source": "iNat" }, "geometry": { "type": "Point", "coordinates": [ -111.5149591, 40.71117449 ] } },
{ "type": "Feature", "properties": { "year": "2023", "month": "07", "day": "18", "Bombus species": "fervidus", "julian_day": 199.0, "source": "iNat" }, "geometry": { "type": "Point", "coordinates": [ -111.8666783, 40.77858 ] } },
{ "type": "Feature", "properties": { "year": "2023", "month": "07", "day": "18", "Bombus species": "fervidus", "julian_day": 199.0, "source": "iNat" }, "geometry": { "type": "Point", "coordinates": [ -111.9300365, 41.30867174 ] } },
{ "type": "Feature", "properties": { "year": "2023", "month": "07", "day": "18", "Bombus species": "griseocollis", "julian_day": 199.0, "source": "iNat" }, "geometry": { "type": "Point", "coordinates": [ -111.90995, 40.51661667 ] } },
{ "type": "Feature", "properties": { "year": "2023", "month": "07", "day": "18", "Bombus species": "griseocollis", "julian_day": 199.0, "source": "iNat" }, "geometry": { "type": "Point", "coordinates": [ -111.8734454, 40.75217557 ] } },
{ "type": "Feature", "properties": { "year": "2023", "month": "07", "day": "18", "Bombus species": "huntii", "julian_day": 199.0, "source": "iNat" }, "geometry": { "type": "Point", "coordinates": [ -112.0656485, 40.68563047 ] } },
{ "type": "Feature", "properties": { "year": "2023", "month": "07", "day": "18", "Bombus species": "huntii", "julian_day": 199.0, "source": "iNat" }, "geometry": { "type": "Point", "coordinates": [ -111.9300365, 41.30867174 ] } },
{ "type": "Feature", "properties": { "year": "2023", "month": "07", "day": "19", "Bombus species": "appositus", "julian_day": 200.0, "source": "iNat" }, "geometry": { "type": "Point", "coordinates": [ -111.8888467, 41.0359305 ] } },
{ "type": "Feature", "properties": { "year": "2023", "month": "07", "day": "19", "Bombus species": "griseocollis", "julian_day": 200.0, "source": "iNat" }, "geometry": { "type": "Point", "coordinates": [ -111.8106833, 41.75853667 ] } },
{ "type": "Feature", "properties": { "year": "2023", "month": "07", "day": "19", "Bombus species": "huntii", "julian_day": 200.0, "source": "iNat" }, "geometry": { "type": "Point", "coordinates": [ -111.9300365, 41.30867174 ] } },
{ "type": "Feature", "properties": { "year": "2023", "month": "07", "day": "19", "Bombus species": "nevadensis", "julian_day": 200.0, "source": "iNat" }, "geometry": { "type": "Point", "coordinates": [ -111.8161147, 40.55710827 ] } },
{ "type": "Feature", "properties": { "year": "2023", "month": "07", "day": "19", "Bombus species": "occidentalis", "julian_day": 200.0, "source": "iNat" }, "geometry": { "type": "Point", "coordinates": [ -111.6423143, 39.91076039 ] } },
{ "type": "Feature", "properties": { "year": "2023", "month": "07", "day": "20", "Bombus species": "griseocollis", "julian_day": 201.0, "source": "iNat" }, "geometry": { "type": "Point", "coordinates": [ -111.8226701, 40.7641048 ] } },
{ "type": "Feature", "properties": { "year": "2023", "month": "07", "day": "20", "Bombus species": "huntii", "julian_day": 201.0, "source": "iNat" }, "geometry": { "type": "Point", "coordinates": [ -109.2367246, 38.45871134 ] } },
{ "type": "Feature", "properties": { "year": "2023", "month": "07", "day": "21", "Bombus species": "fervidus", "julian_day": 202.0, "source": "iNat" }, "geometry": { "type": "Point", "coordinates": [ -112.2644761, 38.51892726 ] } },
{ "type": "Feature", "properties": { "year": "2023", "month": "07", "day": "21", "Bombus species": "griseocollis", "julian_day": 202.0, "source": "iNat" }, "geometry": { "type": "Point", "coordinates": [ -112.6205, 40.47972833 ] } },
{ "type": "Feature", "properties": { "year": "2023", "month": "07", "day": "21", "Bombus species": "griseocollis", "julian_day": 202.0, "source": "iNat" }, "geometry": { "type": "Point", "coordinates": [ -111.8569717, 40.75503833 ] } },
{ "type": "Feature", "properties": { "year": "2023", "month": "07", "day": "21", "Bombus species": "huntii", "julian_day": 202.0, "source": "iNat" }, "geometry": { "type": "Point", "coordinates": [ -112.1623799, 37.60445852 ] } },
{ "type": "Feature", "properties": { "year": "2023", "month": "07", "day": "21", "Bombus species": "huntii", "julian_day": 202.0, "source": "iNat" }, "geometry": { "type": "Point", "coordinates": [ -111.8667833, 40.77864667 ] } },
{ "type": "Feature", "properties": { "year": "2023", "month": "07", "day": "21", "Bombus species": "morrisoni", "julian_day": 202.0, "source": "iNat" }, "geometry": { "type": "Point", "coordinates": [ -109.2289556, 40.14436944 ] } },
{ "type": "Feature", "properties": { "year": "2023", "month": "07", "day": "22", "Bombus species": "appositus", "julian_day": 203.0, "source": "iNat" }, "geometry": { "type": "Point", "coordinates": [ -111.1843949, 40.23841144 ] } },
{ "type": "Feature", "properties": { "year": "2023", "month": "07", "day": "22", "Bombus species": "griseocollis", "julian_day": 203.0, "source": "iNat" }, "geometry": { "type": "Point", "coordinates": [ -111.8457643, 40.66960076 ] } },
{ "type": "Feature", "properties": { "year": "2023", "month": "07", "day": "22", "Bombus species": "griseocollis", "julian_day": 203.0, "source": "iNat" }, "geometry": { "type": "Point", "coordinates": [ -111.9687454, 41.23429478 ] } },
{ "type": "Feature", "properties": { "year": "2023", "month": "07", "day": "22", "Bombus species": "huntii", "julian_day": 203.0, "source": "iNat" }, "geometry": { "type": "Point", "coordinates": [ -111.8456784, 40.66955193 ] } },
{ "type": "Feature", "properties": { "year": "2023", "month": "07", "day": "22", "Bombus species": "insularis", "julian_day": 203.0, "source": "iNat" }, "geometry": { "type": "Point", "coordinates": [ -109.7307133, 40.857205 ] } },
{ "type": "Feature", "properties": { "year": "2023", "month": "07", "day": "23", "Bombus species": "appositus", "julian_day": 204.0, "source": "iNat" }, "geometry": { "type": "Point", "coordinates": [ -109.19732, 38.47034667 ] } },
{ "type": "Feature", "properties": { "year": "2023", "month": "07", "day": "23", "Bombus species": "fervidus", "julian_day": 204.0, "source": "iNat" }, "geometry": { "type": "Point", "coordinates": [ -112.8760383, 37.23320833 ] } },
{ "type": "Feature", "properties": { "year": "2023", "month": "07", "day": "23", "Bombus species": "fervidus", "julian_day": 204.0, "source": "iNat" }, "geometry": { "type": "Point", "coordinates": [ -112.876045, 37.23321167 ] } },
{ "type": "Feature", "properties": { "year": "2023", "month": "07", "day": "23", "Bombus species": "fervidus", "julian_day": 204.0, "source": "iNat" }, "geometry": { "type": "Point", "coordinates": [ -111.9624413, 41.0225561 ] } },
{ "type": "Feature", "properties": { "year": "2023", "month": "07", "day": "23", "Bombus species": "huntii", "julian_day": 204.0, "source": "iNat" }, "geometry": { "type": "Point", "coordinates": [ -111.962414, 41.02256598 ] } },
{ "type": "Feature", "properties": { "year": "2023", "month": "07", "day": "24", "Bombus species": "griseocollis", "julian_day": 205.0, "source": "iNat" }, "geometry": { "type": "Point", "coordinates": [ -111.8752133, 40.74217 ] } },
{ "type": "Feature", "properties": { "year": "2023", "month": "07", "day": "24", "Bombus species": "huntii", "julian_day": 205.0, "source": "iNat" }, "geometry": { "type": "Point", "coordinates": [ -109.5504383, 40.45402833 ] } },
{ "type": "Feature", "properties": { "year": "2023", "month": "07", "day": "25", "Bombus species": "fervidus", "julian_day": 206.0, "source": "iNat" }, "geometry": { "type": "Point", "coordinates": [ -112.0115604, 40.51860169 ] } },
{ "type": "Feature", "properties": { "year": "2023", "month": "07", "day": "25", "Bombus species": "griseocollis", "julian_day": 206.0, "source": "iNat" }, "geometry": { "type": "Point", "coordinates": [ -111.913345, 40.84072167 ] } },
{ "type": "Feature", "properties": { "year": "2023", "month": "07", "day": "25", "Bombus species": "nevadensis", "julian_day": 206.0, "source": "iNat" }, "geometry": { "type": "Point", "coordinates": [ -109.839255, 40.759595 ] } },
{ "type": "Feature", "properties": { "year": "2023", "month": "07", "day": "26", "Bombus species": "griseocollis", "julian_day": 207.0, "source": "iNat" }, "geometry": { "type": "Point", "coordinates": [ -111.8204333, 40.6968 ] } },
{ "type": "Feature", "properties": { "year": "2023", "month": "07", "day": "26", "Bombus species": "huntii", "julian_day": 207.0, "source": "iNat" }, "geometry": { "type": "Point", "coordinates": [ -111.6346171, 40.31855058 ] } },
{ "type": "Feature", "properties": { "year": "2023", "month": "07", "day": "27", "Bombus species": "fervidus", "julian_day": 208.0, "source": "iNat" }, "geometry": { "type": "Point", "coordinates": [ -111.8894092, 40.6124012 ] } },
{ "type": "Feature", "properties": { "year": "2023", "month": "07", "day": "27", "Bombus species": "griseocollis", "julian_day": 208.0, "source": "iNat" }, "geometry": { "type": "Point", "coordinates": [ -111.8365624, 40.5523648 ] } },
{ "type": "Feature", "properties": { "year": "2023", "month": "07", "day": "27", "Bombus species": "griseocollis", "julian_day": 208.0, "source": "iNat" }, "geometry": { "type": "Point", "coordinates": [ -111.8364261, 40.55255476 ] } },
{ "type": "Feature", "properties": { "year": "2023", "month": "07", "day": "27", "Bombus species": "griseocollis", "julian_day": 208.0, "source": "iNat" }, "geometry": { "type": "Point", "coordinates": [ -111.836489, 40.55263795 ] } },
{ "type": "Feature", "properties": { "year": "2023", "month": "07", "day": "27", "Bombus species": "huntii", "julian_day": 208.0, "source": "iNat" }, "geometry": { "type": "Point", "coordinates": [ -112.1870895, 37.5930377 ] } },
{ "type": "Feature", "properties": { "year": "2023", "month": "07", "day": "27", "Bombus species": "huntii", "julian_day": 208.0, "source": "iNat" }, "geometry": { "type": "Point", "coordinates": [ -111.92298, 40.69888667 ] } },
{ "type": "Feature", "properties": { "year": "2023", "month": "07", "day": "27", "Bombus species": "huntii", "julian_day": 208.0, "source": "iNat" }, "geometry": { "type": "Point", "coordinates": [ -111.92295, 40.698925 ] } },
{ "type": "Feature", "properties": { "year": "2023", "month": "07", "day": "28", "Bombus species": "griseocollis", "julian_day": 209.0, "source": "iNat" }, "geometry": { "type": "Point", "coordinates": [ -111.8814392, 40.78765869 ] } },
{ "type": "Feature", "properties": { "year": "2023", "month": "07", "day": "28", "Bombus species": "huntii", "julian_day": 209.0, "source": "iNat" }, "geometry": { "type": "Point", "coordinates": [ -111.877894, 40.66965137 ] } },
{ "type": "Feature", "properties": { "year": "2023", "month": "07", "day": "28", "Bombus species": "huntii", "julian_day": 209.0, "source": "iNat" }, "geometry": { "type": "Point", "coordinates": [ -112.0824803, 41.00623072 ] } },
{ "type": "Feature", "properties": { "year": "2023", "month": "07", "day": "28", "Bombus species": "occidentalis", "julian_day": 209.0, "source": "iNat" }, "geometry": { "type": "Point", "coordinates": [ -111.6839661, 40.64383783 ] } },
{ "type": "Feature", "properties": { "year": "2023", "month": "07", "day": "29", "Bombus species": "fervidus", "julian_day": 210.0, "source": "iNat" }, "geometry": { "type": "Point", "coordinates": [ -111.8365616, 40.55232591 ] } },
{ "type": "Feature", "properties": { "year": "2023", "month": "07", "day": "29", "Bombus species": "fervidus", "julian_day": 210.0, "source": "iNat" }, "geometry": { "type": "Point", "coordinates": [ -111.8365713, 40.5524867 ] } },
{ "type": "Feature", "properties": { "year": "2023", "month": "07", "day": "29", "Bombus species": "fervidus", "julian_day": 210.0, "source": "iNat" }, "geometry": { "type": "Point", "coordinates": [ -111.8365908, 40.55255517 ] } },
{ "type": "Feature", "properties": { "year": "2023", "month": "07", "day": "29", "Bombus species": "fervidus", "julian_day": 210.0, "source": "iNat" }, "geometry": { "type": "Point", "coordinates": [ -111.8365422, 40.55257117 ] } },
{ "type": "Feature", "properties": { "year": "2023", "month": "07", "day": "29", "Bombus species": "fervidus", "julian_day": 210.0, "source": "iNat" }, "geometry": { "type": "Point", "coordinates": [ -111.8366114, 40.5526027 ] } },
{ "type": "Feature", "properties": { "year": "2023", "month": "07", "day": "29", "Bombus species": "fervidus", "julian_day": 210.0, "source": "iNat" }, "geometry": { "type": "Point", "coordinates": [ -111.8366046, 40.55264665 ] } },
{ "type": "Feature", "properties": { "year": "2023", "month": "07", "day": "29", "Bombus species": "griseocollis", "julian_day": 210.0, "source": "iNat" }, "geometry": { "type": "Point", "coordinates": [ -111.8365616, 40.55232591 ] } },
{ "type": "Feature", "properties": { "year": "2023", "month": "07", "day": "29", "Bombus species": "griseocollis", "julian_day": 210.0, "source": "iNat" }, "geometry": { "type": "Point", "coordinates": [ -111.8365617, 40.5523265 ] } },
{ "type": "Feature", "properties": { "year": "2023", "month": "07", "day": "29", "Bombus species": "griseocollis", "julian_day": 210.0, "source": "iNat" }, "geometry": { "type": "Point", "coordinates": [ -111.8365142, 40.55245363 ] } },
{ "type": "Feature", "properties": { "year": "2023", "month": "07", "day": "29", "Bombus species": "griseocollis", "julian_day": 210.0, "source": "iNat" }, "geometry": { "type": "Point", "coordinates": [ -111.8365504, 40.55251992 ] } },
{ "type": "Feature", "properties": { "year": "2023", "month": "07", "day": "29", "Bombus species": "griseocollis", "julian_day": 210.0, "source": "iNat" }, "geometry": { "type": "Point", "coordinates": [ -111.8365027, 40.55255372 ] } },
{ "type": "Feature", "properties": { "year": "2023", "month": "07", "day": "29", "Bombus species": "griseocollis", "julian_day": 210.0, "source": "iNat" }, "geometry": { "type": "Point", "coordinates": [ -111.8367025, 40.55255394 ] } },
{ "type": "Feature", "properties": { "year": "2023", "month": "07", "day": "29", "Bombus species": "griseocollis", "julian_day": 210.0, "source": "iNat" }, "geometry": { "type": "Point", "coordinates": [ -111.83651, 40.55261405 ] } },
{ "type": "Feature", "properties": { "year": "2023", "month": "07", "day": "29", "Bombus species": "griseocollis", "julian_day": 210.0, "source": "iNat" }, "geometry": { "type": "Point", "coordinates": [ -111.8366479, 40.55261431 ] } },
{ "type": "Feature", "properties": { "year": "2023", "month": "07", "day": "29", "Bombus species": "griseocollis", "julian_day": 210.0, "source": "iNat" }, "geometry": { "type": "Point", "coordinates": [ -111.836587, 40.55263953 ] } },
{ "type": "Feature", "properties": { "year": "2023", "month": "07", "day": "29", "Bombus species": "griseocollis", "julian_day": 210.0, "source": "iNat" }, "geometry": { "type": "Point", "coordinates": [ -111.8364635, 40.55265159 ] } },
{ "type": "Feature", "properties": { "year": "2023", "month": "07", "day": "29", "Bombus species": "griseocollis", "julian_day": 210.0, "source": "iNat" }, "geometry": { "type": "Point", "coordinates": [ -111.845678, 40.669552 ] } },
{ "type": "Feature", "properties": { "year": "2023", "month": "07", "day": "29", "Bombus species": "huntii", "julian_day": 210.0, "source": "iNat" }, "geometry": { "type": "Point", "coordinates": [ -111.8365616, 40.55232591 ] } },
{ "type": "Feature", "properties": { "year": "2023", "month": "07", "day": "29", "Bombus species": "huntii", "julian_day": 210.0, "source": "iNat" }, "geometry": { "type": "Point", "coordinates": [ -111.8365616, 40.55232591 ] } },
{ "type": "Feature", "properties": { "year": "2023", "month": "07", "day": "29", "Bombus species": "huntii", "julian_day": 210.0, "source": "iNat" }, "geometry": { "type": "Point", "coordinates": [ -111.8365616, 40.55232591 ] } },
{ "type": "Feature", "properties": { "year": "2023", "month": "07", "day": "29", "Bombus species": "huntii", "julian_day": 210.0, "source": "iNat" }, "geometry": { "type": "Point", "coordinates": [ -111.8364896, 40.5524941 ] } },
{ "type": "Feature", "properties": { "year": "2023", "month": "07", "day": "29", "Bombus species": "huntii", "julian_day": 210.0, "source": "iNat" }, "geometry": { "type": "Point", "coordinates": [ -111.8365441, 40.55250022 ] } },
{ "type": "Feature", "properties": { "year": "2023", "month": "07", "day": "29", "Bombus species": "huntii", "julian_day": 210.0, "source": "iNat" }, "geometry": { "type": "Point", "coordinates": [ -111.836689, 40.55252835 ] } },
{ "type": "Feature", "properties": { "year": "2023", "month": "07", "day": "29", "Bombus species": "huntii", "julian_day": 210.0, "source": "iNat" }, "geometry": { "type": "Point", "coordinates": [ -111.8251126, 40.57121913 ] } },
{ "type": "Feature", "properties": { "year": "2023", "month": "07", "day": "29", "Bombus species": "huntii", "julian_day": 210.0, "source": "iNat" }, "geometry": { "type": "Point", "coordinates": [ -111.996188, 40.6655533 ] } },
{ "type": "Feature", "properties": { "year": "2023", "month": "07", "day": "29", "Bombus species": "huntii", "julian_day": 210.0, "source": "iNat" }, "geometry": { "type": "Point", "coordinates": [ -111.845678, 40.669552 ] } },
{ "type": "Feature", "properties": { "year": "2023", "month": "07", "day": "29", "Bombus species": "nevadensis", "julian_day": 210.0, "source": "iNat" }, "geometry": { "type": "Point", "coordinates": [ -109.7599194, 37.90970833 ] } },
{ "type": "Feature", "properties": { "year": "2023", "month": "07", "day": "29", "Bombus species": "nevadensis", "julian_day": 210.0, "source": "iNat" }, "geometry": { "type": "Point", "coordinates": [ -110.8632583, 40.877525 ] } },
{ "type": "Feature", "properties": { "year": "2023", "month": "07", "day": "29", "Bombus species": "sylvicola", "julian_day": 210.0, "source": "iNat" }, "geometry": { "type": "Point", "coordinates": [ -111.8365479, 40.55264014 ] } },
{ "type": "Feature", "properties": { "year": "2023", "month": "07", "day": "30", "Bombus species": "appositus", "julian_day": 211.0, "source": "iNat" }, "geometry": { "type": "Point", "coordinates": [ -111.6762528, 40.705775 ] } },
{ "type": "Feature", "properties": { "year": "2023", "month": "07", "day": "30", "Bombus species": "centralis", "julian_day": 211.0, "source": "iNat" }, "geometry": { "type": "Point", "coordinates": [ -113.5091167, 37.34357778 ] } },
{ "type": "Feature", "properties": { "year": "2023", "month": "07", "day": "30", "Bombus species": "centralis", "julian_day": 211.0, "source": "iNat" }, "geometry": { "type": "Point", "coordinates": [ -111.4833361, 41.93404444 ] } },
{ "type": "Feature", "properties": { "year": "2023", "month": "07", "day": "30", "Bombus species": "fervidus", "julian_day": 211.0, "source": "iNat" }, "geometry": { "type": "Point", "coordinates": [ -111.9963497, 40.6655292 ] } },
{ "type": "Feature", "properties": { "year": "2023", "month": "07", "day": "30", "Bombus species": "griseocollis", "julian_day": 211.0, "source": "iNat" }, "geometry": { "type": "Point", "coordinates": [ -111.6426028, 40.27709444 ] } },
{ "type": "Feature", "properties": { "year": "2023", "month": "07", "day": "30", "Bombus species": "griseocollis", "julian_day": 211.0, "source": "iNat" }, "geometry": { "type": "Point", "coordinates": [ -111.8365155, 40.55241409 ] } },
{ "type": "Feature", "properties": { "year": "2023", "month": "07", "day": "30", "Bombus species": "griseocollis", "julian_day": 211.0, "source": "iNat" }, "geometry": { "type": "Point", "coordinates": [ -111.8364066, 40.55253227 ] } },
{ "type": "Feature", "properties": { "year": "2023", "month": "07", "day": "30", "Bombus species": "griseocollis", "julian_day": 211.0, "source": "iNat" }, "geometry": { "type": "Point", "coordinates": [ -111.8364558, 40.55255281 ] } },
{ "type": "Feature", "properties": { "year": "2023", "month": "07", "day": "30", "Bombus species": "huntii", "julian_day": 211.0, "source": "iNat" }, "geometry": { "type": "Point", "coordinates": [ -111.8364864, 40.5525049 ] } },
{ "type": "Feature", "properties": { "year": "2023", "month": "07", "day": "30", "Bombus species": "huntii", "julian_day": 211.0, "source": "iNat" }, "geometry": { "type": "Point", "coordinates": [ -111.8365519, 40.55255963 ] } },
{ "type": "Feature", "properties": { "year": "2023", "month": "07", "day": "30", "Bombus species": "huntii", "julian_day": 211.0, "source": "iNat" }, "geometry": { "type": "Point", "coordinates": [ -111.8363958, 40.55257809 ] } },
{ "type": "Feature", "properties": { "year": "2023", "month": "07", "day": "30", "Bombus species": "morrisoni", "julian_day": 211.0, "source": "iNat" }, "geometry": { "type": "Point", "coordinates": [ -111.62908, 40.26439 ] } },
{ "type": "Feature", "properties": { "year": "2023", "month": "07", "day": "31", "Bombus species": "fervidus", "julian_day": 212.0, "source": "iNat" }, "geometry": { "type": "Point", "coordinates": [ -111.8262762, 40.73172139 ] } },
{ "type": "Feature", "properties": { "year": "2023", "month": "07", "day": "31", "Bombus species": "griseocollis", "julian_day": 212.0, "source": "iNat" }, "geometry": { "type": "Point", "coordinates": [ -111.7993575, 40.2202023 ] } },
{ "type": "Feature", "properties": { "year": "2023", "month": "07", "day": "31", "Bombus species": "griseocollis", "julian_day": 212.0, "source": "iNat" }, "geometry": { "type": "Point", "coordinates": [ -111.8751152, 40.74288658 ] } },
{ "type": "Feature", "properties": { "year": "2023", "month": "07", "day": "31", "Bombus species": "griseocollis", "julian_day": 212.0, "source": "iNat" }, "geometry": { "type": "Point", "coordinates": [ -111.8752111, 40.74325975 ] } },
{ "type": "Feature", "properties": { "year": "2023", "month": "07", "day": "31", "Bombus species": "griseocollis", "julian_day": 212.0, "source": "iNat" }, "geometry": { "type": "Point", "coordinates": [ -111.8750721, 40.74390274 ] } },
{ "type": "Feature", "properties": { "year": "2023", "month": "07", "day": "31", "Bombus species": "griseocollis", "julian_day": 212.0, "source": "iNat" }, "geometry": { "type": "Point", "coordinates": [ -111.8747927, 40.74396912 ] } },
{ "type": "Feature", "properties": { "year": "2023", "month": "07", "day": "31", "Bombus species": "huntii", "julian_day": 212.0, "source": "iNat" }, "geometry": { "type": "Point", "coordinates": [ -111.8251126, 40.57121913 ] } },
{ "type": "Feature", "properties": { "year": "2023", "month": "07", "day": "31", "Bombus species": "huntii", "julian_day": 212.0, "source": "iNat" }, "geometry": { "type": "Point", "coordinates": [ -111.8262558, 40.73161697 ] } },
{ "type": "Feature", "properties": { "year": "2023", "month": "07", "day": "31", "Bombus species": "huntii", "julian_day": 212.0, "source": "iNat" }, "geometry": { "type": "Point", "coordinates": [ -111.8751275, 40.74387801 ] } },
{ "type": "Feature", "properties": { "year": "2023", "month": "07", "day": "31", "Bombus species": "huntii", "julian_day": 212.0, "source": "iNat" }, "geometry": { "type": "Point", "coordinates": [ -111.8750644, 40.74389876 ] } },
{ "type": "Feature", "properties": { "year": "2023", "month": "07", "day": "31", "Bombus species": "huntii", "julian_day": 212.0, "source": "iNat" }, "geometry": { "type": "Point", "coordinates": [ -111.82218, 40.76348667 ] } },
{ "type": "Feature", "properties": { "year": "2023", "month": "07", "day": "31", "Bombus species": "huntii", "julian_day": 212.0, "source": "iNat" }, "geometry": { "type": "Point", "coordinates": [ -111.8470834, 40.88667582 ] } },
{ "type": "Feature", "properties": { "year": "2023", "month": "07", "day": "31", "Bombus species": "insularis", "julian_day": 212.0, "source": "iNat" }, "geometry": { "type": "Point", "coordinates": [ -111.8572467, 37.83143333 ] } },
{ "type": "Feature", "properties": { "year": "2023", "month": "07", "day": "31", "Bombus species": "morrisoni", "julian_day": 212.0, "source": "iNat" }, "geometry": { "type": "Point", "coordinates": [ -109.685668, 38.95190621 ] } },
{ "type": "Feature", "properties": { "year": "2023", "month": "07", "day": "31", "Bombus species": "morrisoni", "julian_day": 212.0, "source": "iNat" }, "geometry": { "type": "Point", "coordinates": [ -109.685677, 38.95191685 ] } },
{ "type": "Feature", "properties": { "year": "2023", "month": "07", "day": "31", "Bombus species": "morrisoni", "julian_day": 212.0, "source": "iNat" }, "geometry": { "type": "Point", "coordinates": [ -111.8226882, 40.76412957 ] } },
{ "type": "Feature", "properties": { "year": "2023", "month": "07", "day": "31", "Bombus species": "nevadensis", "julian_day": 212.0, "source": "iNat" }, "geometry": { "type": "Point", "coordinates": [ -109.2772879, 38.57638196 ] } },
{ "type": "Feature", "properties": { "year": "2023", "month": "08", "day": "01", "Bombus species": "appositus", "julian_day": 213.0, "source": "iNat" }, "geometry": { "type": "Point", "coordinates": [ -111.7154383, 40.44120333 ] } },
{ "type": "Feature", "properties": { "year": "2023", "month": "08", "day": "01", "Bombus species": "griseocollis", "julian_day": 213.0, "source": "iNat" }, "geometry": { "type": "Point", "coordinates": [ -111.8667716, 40.782174 ] } },
{ "type": "Feature", "properties": { "year": "2023", "month": "08", "day": "01", "Bombus species": "huntii", "julian_day": 213.0, "source": "iNat" }, "geometry": { "type": "Point", "coordinates": [ -111.4743545, 40.5121772 ] } },
{ "type": "Feature", "properties": { "year": "2023", "month": "08", "day": "01", "Bombus species": "huntii", "julian_day": 213.0, "source": "iNat" }, "geometry": { "type": "Point", "coordinates": [ -111.830795, 40.88651667 ] } },
{ "type": "Feature", "properties": { "year": "2023", "month": "08", "day": "01", "Bombus species": "huntii", "julian_day": 213.0, "source": "iNat" }, "geometry": { "type": "Point", "coordinates": [ -111.9384714, 41.21999753 ] } },
{ "type": "Feature", "properties": { "year": "2023", "month": "08", "day": "02", "Bombus species": "centralis", "julian_day": 214.0, "source": "iNat" }, "geometry": { "type": "Point", "coordinates": [ -110.8163774, 40.91134705 ] } },
{ "type": "Feature", "properties": { "year": "2023", "month": "08", "day": "02", "Bombus species": "fervidus", "julian_day": 214.0, "source": "iNat" }, "geometry": { "type": "Point", "coordinates": [ -111.8251126, 40.57121913 ] } },
{ "type": "Feature", "properties": { "year": "2023", "month": "08", "day": "02", "Bombus species": "fervidus", "julian_day": 214.0, "source": "iNat" }, "geometry": { "type": "Point", "coordinates": [ -111.8750753, 40.74386176 ] } },
{ "type": "Feature", "properties": { "year": "2023", "month": "08", "day": "02", "Bombus species": "griseocollis", "julian_day": 214.0, "source": "iNat" }, "geometry": { "type": "Point", "coordinates": [ -111.5756622, 40.13103198 ] } },
{ "type": "Feature", "properties": { "year": "2023", "month": "08", "day": "02", "Bombus species": "griseocollis", "julian_day": 214.0, "source": "iNat" }, "geometry": { "type": "Point", "coordinates": [ -111.5745467, 40.229245 ] } },
{ "type": "Feature", "properties": { "year": "2023", "month": "08", "day": "02", "Bombus species": "griseocollis", "julian_day": 214.0, "source": "iNat" }, "geometry": { "type": "Point", "coordinates": [ -111.8365406, 40.55238788 ] } },
{ "type": "Feature", "properties": { "year": "2023", "month": "08", "day": "02", "Bombus species": "griseocollis", "julian_day": 214.0, "source": "iNat" }, "geometry": { "type": "Point", "coordinates": [ -111.8364399, 40.55246434 ] } },
{ "type": "Feature", "properties": { "year": "2023", "month": "08", "day": "02", "Bombus species": "griseocollis", "julian_day": 214.0, "source": "iNat" }, "geometry": { "type": "Point", "coordinates": [ -111.8365531, 40.55249088 ] } },
{ "type": "Feature", "properties": { "year": "2023", "month": "08", "day": "02", "Bombus species": "griseocollis", "julian_day": 214.0, "source": "iNat" }, "geometry": { "type": "Point", "coordinates": [ -111.8364676, 40.55250084 ] } },
{ "type": "Feature", "properties": { "year": "2023", "month": "08", "day": "02", "Bombus species": "griseocollis", "julian_day": 214.0, "source": "iNat" }, "geometry": { "type": "Point", "coordinates": [ -111.8251126, 40.57121913 ] } },
{ "type": "Feature", "properties": { "year": "2023", "month": "08", "day": "02", "Bombus species": "griseocollis", "julian_day": 214.0, "source": "iNat" }, "geometry": { "type": "Point", "coordinates": [ -111.8749982, 40.74390855 ] } },
{ "type": "Feature", "properties": { "year": "2023", "month": "08", "day": "02", "Bombus species": "griseocollis", "julian_day": 214.0, "source": "iNat" }, "geometry": { "type": "Point", "coordinates": [ -111.8589867, 40.756705 ] } },
{ "type": "Feature", "properties": { "year": "2023", "month": "08", "day": "02", "Bombus species": "huntii", "julian_day": 214.0, "source": "iNat" }, "geometry": { "type": "Point", "coordinates": [ -111.8365396, 40.55237398 ] } },
{ "type": "Feature", "properties": { "year": "2023", "month": "08", "day": "02", "Bombus species": "huntii", "julian_day": 214.0, "source": "iNat" }, "geometry": { "type": "Point", "coordinates": [ -111.8365474, 40.55240938 ] } },
{ "type": "Feature", "properties": { "year": "2023", "month": "08", "day": "02", "Bombus species": "huntii", "julian_day": 214.0, "source": "iNat" }, "geometry": { "type": "Point", "coordinates": [ -111.8365739, 40.5524151 ] } },
{ "type": "Feature", "properties": { "year": "2023", "month": "08", "day": "02", "Bombus species": "huntii", "julian_day": 214.0, "source": "iNat" }, "geometry": { "type": "Point", "coordinates": [ -111.8366099, 40.55246317 ] } },
{ "type": "Feature", "properties": { "year": "2023", "month": "08", "day": "02", "Bombus species": "huntii", "julian_day": 214.0, "source": "iNat" }, "geometry": { "type": "Point", "coordinates": [ -111.836535, 40.55250326 ] } },
{ "type": "Feature", "properties": { "year": "2023", "month": "08", "day": "02", "Bombus species": "huntii", "julian_day": 214.0, "source": "iNat" }, "geometry": { "type": "Point", "coordinates": [ -111.8364449, 40.55252406 ] } },
{ "type": "Feature", "properties": { "year": "2023", "month": "08", "day": "02", "Bombus species": "huntii", "julian_day": 214.0, "source": "iNat" }, "geometry": { "type": "Point", "coordinates": [ -111.8364617, 40.55253019 ] } },
{ "type": "Feature", "properties": { "year": "2023", "month": "08", "day": "02", "Bombus species": "huntii", "julian_day": 214.0, "source": "iNat" }, "geometry": { "type": "Point", "coordinates": [ -111.8251126, 40.57121913 ] } },
{ "type": "Feature", "properties": { "year": "2023", "month": "08", "day": "02", "Bombus species": "huntii", "julian_day": 214.0, "source": "iNat" }, "geometry": { "type": "Point", "coordinates": [ -111.8251126, 40.57121913 ] } },
{ "type": "Feature", "properties": { "year": "2023", "month": "08", "day": "02", "Bombus species": "huntii", "julian_day": 214.0, "source": "iNat" }, "geometry": { "type": "Point", "coordinates": [ -111.8251126, 40.57121913 ] } },
{ "type": "Feature", "properties": { "year": "2023", "month": "08", "day": "02", "Bombus species": "huntii", "julian_day": 214.0, "source": "iNat" }, "geometry": { "type": "Point", "coordinates": [ -111.8251126, 40.57121913 ] } },
{ "type": "Feature", "properties": { "year": "2023", "month": "08", "day": "02", "Bombus species": "huntii", "julian_day": 214.0, "source": "iNat" }, "geometry": { "type": "Point", "coordinates": [ -111.8750153, 40.74388609 ] } },
{ "type": "Feature", "properties": { "year": "2023", "month": "08", "day": "02", "Bombus species": "huntii", "julian_day": 214.0, "source": "iNat" }, "geometry": { "type": "Point", "coordinates": [ -111.8220967, 40.76358 ] } },
{ "type": "Feature", "properties": { "year": "2023", "month": "08", "day": "03", "Bombus species": "appositus", "julian_day": 215.0, "source": "iNat" }, "geometry": { "type": "Point", "coordinates": [ -109.1835713, 38.21887592 ] } },
{ "type": "Feature", "properties": { "year": "2023", "month": "08", "day": "03", "Bombus species": "fervidus", "julian_day": 215.0, "source": "iNat" }, "geometry": { "type": "Point", "coordinates": [ -111.9256844, 40.96100678 ] } },
{ "type": "Feature", "properties": { "year": "2023", "month": "08", "day": "03", "Bombus species": "fervidus", "julian_day": 215.0, "source": "iNat" }, "geometry": { "type": "Point", "coordinates": [ -111.9256844, 40.96100678 ] } },
{ "type": "Feature", "properties": { "year": "2023", "month": "08", "day": "03", "Bombus species": "griseocollis", "julian_day": 215.0, "source": "iNat" }, "geometry": { "type": "Point", "coordinates": [ -111.7614906, 40.31652595 ] } },
{ "type": "Feature", "properties": { "year": "2023", "month": "08", "day": "03", "Bombus species": "griseocollis", "julian_day": 215.0, "source": "iNat" }, "geometry": { "type": "Point", "coordinates": [ -111.8364456, 40.55240179 ] } },
{ "type": "Feature", "properties": { "year": "2023", "month": "08", "day": "03", "Bombus species": "griseocollis", "julian_day": 215.0, "source": "iNat" }, "geometry": { "type": "Point", "coordinates": [ -111.8364871, 40.55243665 ] } },
{ "type": "Feature", "properties": { "year": "2023", "month": "08", "day": "03", "Bombus species": "griseocollis", "julian_day": 215.0, "source": "iNat" }, "geometry": { "type": "Point", "coordinates": [ -111.8365108, 40.55248192 ] } },
{ "type": "Feature", "properties": { "year": "2023", "month": "08", "day": "03", "Bombus species": "griseocollis", "julian_day": 215.0, "source": "iNat" }, "geometry": { "type": "Point", "coordinates": [ -111.8365066, 40.55255273 ] } },
{ "type": "Feature", "properties": { "year": "2023", "month": "08", "day": "03", "Bombus species": "griseocollis", "julian_day": 215.0, "source": "iNat" }, "geometry": { "type": "Point", "coordinates": [ -111.906241, 40.643064 ] } },
{ "type": "Feature", "properties": { "year": "2023", "month": "08", "day": "03", "Bombus species": "griseocollis", "julian_day": 215.0, "source": "iNat" }, "geometry": { "type": "Point", "coordinates": [ -111.9256844, 40.96100678 ] } },
{ "type": "Feature", "properties": { "year": "2023", "month": "08", "day": "03", "Bombus species": "griseocollis", "julian_day": 215.0, "source": "iNat" }, "geometry": { "type": "Point", "coordinates": [ -111.9235303, 40.96114915 ] } },
{ "type": "Feature", "properties": { "year": "2023", "month": "08", "day": "03", "Bombus species": "huntii", "julian_day": 215.0, "source": "iNat" }, "geometry": { "type": "Point", "coordinates": [ -112.0969, 40.45269667 ] } },
{ "type": "Feature", "properties": { "year": "2023", "month": "08", "day": "03", "Bombus species": "huntii", "julian_day": 215.0, "source": "iNat" }, "geometry": { "type": "Point", "coordinates": [ -111.9063576, 40.64316836 ] } },
{ "type": "Feature", "properties": { "year": "2023", "month": "08", "day": "03", "Bombus species": "huntii", "julian_day": 215.0, "source": "iNat" }, "geometry": { "type": "Point", "coordinates": [ -111.9235303, 40.96114915 ] } },
{ "type": "Feature", "properties": { "year": "2023", "month": "08", "day": "03", "Bombus species": "huntii", "julian_day": 215.0, "source": "iNat" }, "geometry": { "type": "Point", "coordinates": [ -111.9235303, 40.96114915 ] } },
{ "type": "Feature", "properties": { "year": "2023", "month": "08", "day": "03", "Bombus species": "morrisoni", "julian_day": 215.0, "source": "iNat" }, "geometry": { "type": "Point", "coordinates": [ -111.6577429, 40.35707781 ] } },
{ "type": "Feature", "properties": { "year": "2023", "month": "08", "day": "04", "Bombus species": "griseocollis", "julian_day": 216.0, "source": "iNat" }, "geometry": { "type": "Point", "coordinates": [ -111.836844, 40.55188636 ] } },
{ "type": "Feature", "properties": { "year": "2023", "month": "08", "day": "04", "Bombus species": "griseocollis", "julian_day": 216.0, "source": "iNat" }, "geometry": { "type": "Point", "coordinates": [ -111.910719, 41.09828964 ] } },
{ "type": "Feature", "properties": { "year": "2023", "month": "08", "day": "04", "Bombus species": "huntii", "julian_day": 216.0, "source": "iNat" }, "geometry": { "type": "Point", "coordinates": [ -111.8251126, 40.57121913 ] } },
{ "type": "Feature", "properties": { "year": "2023", "month": "08", "day": "04", "Bombus species": "huntii", "julian_day": 216.0, "source": "iNat" }, "geometry": { "type": "Point", "coordinates": [ -111.8251126, 40.57121913 ] } },
{ "type": "Feature", "properties": { "year": "2023", "month": "08", "day": "04", "Bombus species": "huntii", "julian_day": 216.0, "source": "iNat" }, "geometry": { "type": "Point", "coordinates": [ -111.8251126, 40.57121913 ] } },
{ "type": "Feature", "properties": { "year": "2023", "month": "08", "day": "04", "Bombus species": "huntii", "julian_day": 216.0, "source": "iNat" }, "geometry": { "type": "Point", "coordinates": [ -111.8251126, 40.57121913 ] } },
{ "type": "Feature", "properties": { "year": "2023", "month": "08", "day": "04", "Bombus species": "huntii", "julian_day": 216.0, "source": "iNat" }, "geometry": { "type": "Point", "coordinates": [ -111.8251126, 40.57121913 ] } },
{ "type": "Feature", "properties": { "year": "2023", "month": "08", "day": "04", "Bombus species": "huntii", "julian_day": 216.0, "source": "iNat" }, "geometry": { "type": "Point", "coordinates": [ -111.9269093, 40.96172532 ] } },
{ "type": "Feature", "properties": { "year": "2023", "month": "08", "day": "04", "Bombus species": "kirbiellus", "julian_day": 216.0, "source": "iNat" }, "geometry": { "type": "Point", "coordinates": [ -110.3657083, 40.80880833 ] } },
{ "type": "Feature", "properties": { "year": "2023", "month": "08", "day": "05", "Bombus species": "fervidus", "julian_day": 217.0, "source": "iNat" }, "geometry": { "type": "Point", "coordinates": [ -111.9518333, 40.51068333 ] } },
{ "type": "Feature", "properties": { "year": "2023", "month": "08", "day": "05", "Bombus species": "griseocollis", "julian_day": 217.0, "source": "iNat" }, "geometry": { "type": "Point", "coordinates": [ -111.9708436, 40.19999177 ] } },
{ "type": "Feature", "properties": { "year": "2023", "month": "08", "day": "05", "Bombus species": "huntii", "julian_day": 217.0, "source": "iNat" }, "geometry": { "type": "Point", "coordinates": [ -111.9108212, 40.43460175 ] } },
{ "type": "Feature", "properties": { "year": "2023", "month": "08", "day": "05", "Bombus species": "huntii", "julian_day": 217.0, "source": "iNat" }, "geometry": { "type": "Point", "coordinates": [ -112.0931388, 40.46631167 ] } },
{ "type": "Feature", "properties": { "year": "2023", "month": "08", "day": "05", "Bombus species": "huntii", "julian_day": 217.0, "source": "iNat" }, "geometry": { "type": "Point", "coordinates": [ -111.8251126, 40.57121913 ] } },
{ "type": "Feature", "properties": { "year": "2023", "month": "08", "day": "05", "Bombus species": "huntii", "julian_day": 217.0, "source": "iNat" }, "geometry": { "type": "Point", "coordinates": [ -111.8251126, 40.57121913 ] } },
{ "type": "Feature", "properties": { "year": "2023", "month": "08", "day": "05", "Bombus species": "huntii", "julian_day": 217.0, "source": "iNat" }, "geometry": { "type": "Point", "coordinates": [ -111.8985148, 40.60391668 ] } },
{ "type": "Feature", "properties": { "year": "2023", "month": "08", "day": "05", "Bombus species": "nevadensis", "julian_day": 217.0, "source": "iNat" }, "geometry": { "type": "Point", "coordinates": [ -111.8392917, 40.50120556 ] } },
{ "type": "Feature", "properties": { "year": "2023", "month": "08", "day": "05", "Bombus species": "nevadensis", "julian_day": 217.0, "source": "iNat" }, "geometry": { "type": "Point", "coordinates": [ -111.58443, 41.95295865 ] } },
{ "type": "Feature", "properties": { "year": "2023", "month": "08", "day": "06", "Bombus species": "appositus", "julian_day": 218.0, "source": "iNat" }, "geometry": { "type": "Point", "coordinates": [ -111.6292309, 40.27847713 ] } },
{ "type": "Feature", "properties": { "year": "2023", "month": "08", "day": "06", "Bombus species": "appositus", "julian_day": 218.0, "source": "iNat" }, "geometry": { "type": "Point", "coordinates": [ -111.6598063, 40.37123435 ] } },
{ "type": "Feature", "properties": { "year": "2023", "month": "08", "day": "06", "Bombus species": "griseocollis", "julian_day": 218.0, "source": "iNat" }, "geometry": { "type": "Point", "coordinates": [ -111.7531656, 40.23713917 ] } },
{ "type": "Feature", "properties": { "year": "2023", "month": "08", "day": "06", "Bombus species": "griseocollis", "julian_day": 218.0, "source": "iNat" }, "geometry": { "type": "Point", "coordinates": [ -111.8364546, 40.5524186 ] } },
{ "type": "Feature", "properties": { "year": "2023", "month": "08", "day": "06", "Bombus species": "griseocollis", "julian_day": 218.0, "source": "iNat" }, "geometry": { "type": "Point", "coordinates": [ -111.8470834, 40.88671665 ] } },
{ "type": "Feature", "properties": { "year": "2023", "month": "08", "day": "06", "Bombus species": "huntii", "julian_day": 218.0, "source": "iNat" }, "geometry": { "type": "Point", "coordinates": [ -111.91268, 40.386295 ] } },
{ "type": "Feature", "properties": { "year": "2023", "month": "08", "day": "06", "Bombus species": "huntii", "julian_day": 218.0, "source": "iNat" }, "geometry": { "type": "Point", "coordinates": [ -111.8330078, 40.78155518 ] } },
{ "type": "Feature", "properties": { "year": "2023", "month": "08", "day": "06", "Bombus species": "insularis", "julian_day": 218.0, "source": "iNat" }, "geometry": { "type": "Point", "coordinates": [ -111.7160784, 40.22818489 ] } },
{ "type": "Feature", "properties": { "year": "2023", "month": "08", "day": "07", "Bombus species": "fervidus", "julian_day": 219.0, "source": "iNat" }, "geometry": { "type": "Point", "coordinates": [ -111.8644396, 40.63492392 ] } },
{ "type": "Feature", "properties": { "year": "2023", "month": "08", "day": "07", "Bombus species": "griseocollis", "julian_day": 219.0, "source": "iNat" }, "geometry": { "type": "Point", "coordinates": [ -111.8471514, 40.54126591 ] } },
{ "type": "Feature", "properties": { "year": "2023", "month": "08", "day": "07", "Bombus species": "griseocollis", "julian_day": 219.0, "source": "iNat" }, "geometry": { "type": "Point", "coordinates": [ -111.7912071, 40.56475668 ] } },
{ "type": "Feature", "properties": { "year": "2023", "month": "08", "day": "07", "Bombus species": "griseocollis", "julian_day": 219.0, "source": "iNat" }, "geometry": { "type": "Point", "coordinates": [ -111.8984922, 40.60394169 ] } },
{ "type": "Feature", "properties": { "year": "2023", "month": "08", "day": "07", "Bombus species": "griseocollis", "julian_day": 219.0, "source": "iNat" }, "geometry": { "type": "Point", "coordinates": [ -111.801472, 40.6964672 ] } },
{ "type": "Feature", "properties": { "year": "2023", "month": "08", "day": "07", "Bombus species": "griseocollis", "julian_day": 219.0, "source": "iNat" }, "geometry": { "type": "Point", "coordinates": [ -111.8625793, 40.72948456 ] } },
{ "type": "Feature", "properties": { "year": "2023", "month": "08", "day": "07", "Bombus species": "griseocollis", "julian_day": 219.0, "source": "iNat" }, "geometry": { "type": "Point", "coordinates": [ -111.8833617, 40.78780833 ] } },
{ "type": "Feature", "properties": { "year": "2023", "month": "08", "day": "07", "Bombus species": "huntii", "julian_day": 219.0, "source": "iNat" }, "geometry": { "type": "Point", "coordinates": [ -111.8470273, 40.54128518 ] } },
{ "type": "Feature", "properties": { "year": "2023", "month": "08", "day": "07", "Bombus species": "huntii", "julian_day": 219.0, "source": "iNat" }, "geometry": { "type": "Point", "coordinates": [ -112.0256667, 41.1031 ] } },
{ "type": "Feature", "properties": { "year": "2023", "month": "08", "day": "08", "Bombus species": "appositus", "julian_day": 220.0, "source": "iNat" }, "geometry": { "type": "Point", "coordinates": [ -111.6103556, 40.58073611 ] } },
{ "type": "Feature", "properties": { "year": "2023", "month": "08", "day": "08", "Bombus species": "appositus", "julian_day": 220.0, "source": "iNat" }, "geometry": { "type": "Point", "coordinates": [ -111.8405425, 41.2007557 ] } },
{ "type": "Feature", "properties": { "year": "2023", "month": "08", "day": "08", "Bombus species": "fervidus", "julian_day": 220.0, "source": "iNat" }, "geometry": { "type": "Point", "coordinates": [ -112.1697173, 37.62073782 ] } },
{ "type": "Feature", "properties": { "year": "2023", "month": "08", "day": "08", "Bombus species": "griseocollis", "julian_day": 220.0, "source": "iNat" }, "geometry": { "type": "Point", "coordinates": [ -111.8365111, 40.55255617 ] } },
{ "type": "Feature", "properties": { "year": "2023", "month": "08", "day": "08", "Bombus species": "griseocollis", "julian_day": 220.0, "source": "iNat" }, "geometry": { "type": "Point", "coordinates": [ -112.0481407, 40.57712454 ] } },
{ "type": "Feature", "properties": { "year": "2023", "month": "08", "day": "08", "Bombus species": "huntii", "julian_day": 220.0, "source": "iNat" }, "geometry": { "type": "Point", "coordinates": [ -112.1640525, 37.62073782 ] } },
{ "type": "Feature", "properties": { "year": "2023", "month": "08", "day": "08", "Bombus species": "huntii", "julian_day": 220.0, "source": "iNat" }, "geometry": { "type": "Point", "coordinates": [ -111.9743551, 40.36113652 ] } },
{ "type": "Feature", "properties": { "year": "2023", "month": "08", "day": "08", "Bombus species": "huntii", "julian_day": 220.0, "source": "iNat" }, "geometry": { "type": "Point", "coordinates": [ -111.8364992, 40.55246079 ] } },
{ "type": "Feature", "properties": { "year": "2023", "month": "08", "day": "08", "Bombus species": "huntii", "julian_day": 220.0, "source": "iNat" }, "geometry": { "type": "Point", "coordinates": [ -112.0481334, 40.57712287 ] } },
{ "type": "Feature", "properties": { "year": "2023", "month": "08", "day": "08", "Bombus species": "huntii", "julian_day": 220.0, "source": "iNat" }, "geometry": { "type": "Point", "coordinates": [ -111.9460641, 40.63082191 ] } },
{ "type": "Feature", "properties": { "year": "2023", "month": "08", "day": "08", "Bombus species": "huntii", "julian_day": 220.0, "source": "iNat" }, "geometry": { "type": "Point", "coordinates": [ -111.8439933, 40.86289982 ] } },
{ "type": "Feature", "properties": { "year": "2023", "month": "08", "day": "08", "Bombus species": "huntii", "julian_day": 220.0, "source": "iNat" }, "geometry": { "type": "Point", "coordinates": [ -111.8442374, 40.86334517 ] } },
{ "type": "Feature", "properties": { "year": "2023", "month": "08", "day": "08", "Bombus species": "huntii", "julian_day": 220.0, "source": "iNat" }, "geometry": { "type": "Point", "coordinates": [ -111.8442374, 40.86334517 ] } },
{ "type": "Feature", "properties": { "year": "2023", "month": "08", "day": "09", "Bombus species": "griseocollis", "julian_day": 221.0, "source": "iNat" }, "geometry": { "type": "Point", "coordinates": [ -111.8364579, 40.55247506 ] } },
{ "type": "Feature", "properties": { "year": "2023", "month": "08", "day": "09", "Bombus species": "griseocollis", "julian_day": 221.0, "source": "iNat" }, "geometry": { "type": "Point", "coordinates": [ -111.8364785, 40.55249862 ] } },
{ "type": "Feature", "properties": { "year": "2023", "month": "08", "day": "09", "Bombus species": "griseocollis", "julian_day": 221.0, "source": "iNat" }, "geometry": { "type": "Point", "coordinates": [ -111.8364273, 40.55252953 ] } },
{ "type": "Feature", "properties": { "year": "2023", "month": "08", "day": "09", "Bombus species": "griseocollis", "julian_day": 221.0, "source": "iNat" }, "geometry": { "type": "Point", "coordinates": [ -111.836462, 40.55254354 ] } },
{ "type": "Feature", "properties": { "year": "2023", "month": "08", "day": "09", "Bombus species": "griseocollis", "julian_day": 221.0, "source": "iNat" }, "geometry": { "type": "Point", "coordinates": [ -111.8365698, 40.55254637 ] } },
{ "type": "Feature", "properties": { "year": "2023", "month": "08", "day": "09", "Bombus species": "huntii", "julian_day": 221.0, "source": "iNat" }, "geometry": { "type": "Point", "coordinates": [ -111.9119867, 40.43525833 ] } },
{ "type": "Feature", "properties": { "year": "2023", "month": "08", "day": "09", "Bombus species": "huntii", "julian_day": 221.0, "source": "iNat" }, "geometry": { "type": "Point", "coordinates": [ -109.0668483, 40.50052346 ] } },
{ "type": "Feature", "properties": { "year": "2023", "month": "08", "day": "09", "Bombus species": "huntii", "julian_day": 221.0, "source": "iNat" }, "geometry": { "type": "Point", "coordinates": [ -112.0804278, 41.1516945 ] } },
{ "type": "Feature", "properties": { "year": "2023", "month": "08", "day": "10", "Bombus species": "fervidus", "julian_day": 222.0, "source": "iNat" }, "geometry": { "type": "Point", "coordinates": [ -111.8321396, 40.60043977 ] } },
{ "type": "Feature", "properties": { "year": "2023", "month": "08", "day": "10", "Bombus species": "griseocollis", "julian_day": 222.0, "source": "iNat" }, "geometry": { "type": "Point", "coordinates": [ -111.8364249, 40.55134033 ] } },
{ "type": "Feature", "properties": { "year": "2023", "month": "08", "day": "10", "Bombus species": "griseocollis", "julian_day": 222.0, "source": "iNat" }, "geometry": { "type": "Point", "coordinates": [ -111.8363631, 40.55241533 ] } },
{ "type": "Feature", "properties": { "year": "2023", "month": "08", "day": "10", "Bombus species": "griseocollis", "julian_day": 222.0, "source": "iNat" }, "geometry": { "type": "Point", "coordinates": [ -111.8364685, 40.55249209 ] } },
{ "type": "Feature", "properties": { "year": "2023", "month": "08", "day": "10", "Bombus species": "griseocollis", "julian_day": 222.0, "source": "iNat" }, "geometry": { "type": "Point", "coordinates": [ -111.8364623, 40.55252947 ] } },
{ "type": "Feature", "properties": { "year": "2023", "month": "08", "day": "10", "Bombus species": "griseocollis", "julian_day": 222.0, "source": "iNat" }, "geometry": { "type": "Point", "coordinates": [ -111.8364281, 40.55253793 ] } },
{ "type": "Feature", "properties": { "year": "2023", "month": "08", "day": "10", "Bombus species": "griseocollis", "julian_day": 222.0, "source": "iNat" }, "geometry": { "type": "Point", "coordinates": [ -111.9605668, 40.69891939 ] } },
{ "type": "Feature", "properties": { "year": "2023", "month": "08", "day": "10", "Bombus species": "griseocollis", "julian_day": 222.0, "source": "iNat" }, "geometry": { "type": "Point", "coordinates": [ -111.8742367, 40.74325333 ] } },
{ "type": "Feature", "properties": { "year": "2023", "month": "08", "day": "10", "Bombus species": "huntii", "julian_day": 222.0, "source": "iNat" }, "geometry": { "type": "Point", "coordinates": [ -111.8364879, 40.55247062 ] } },
{ "type": "Feature", "properties": { "year": "2023", "month": "08", "day": "10", "Bombus species": "huntii", "julian_day": 222.0, "source": "iNat" }, "geometry": { "type": "Point", "coordinates": [ -112.0443982, 40.57947838 ] } },
{ "type": "Feature", "properties": { "year": "2023", "month": "08", "day": "10", "Bombus species": "huntii", "julian_day": 222.0, "source": "iNat" }, "geometry": { "type": "Point", "coordinates": [ -111.9638534, 40.71343426 ] } },
{ "type": "Feature", "properties": { "year": "2023", "month": "08", "day": "10", "Bombus species": "huntii", "julian_day": 222.0, "source": "iNat" }, "geometry": { "type": "Point", "coordinates": [ -111.9241964, 40.71837116 ] } },
{ "type": "Feature", "properties": { "year": "2023", "month": "08", "day": "10", "Bombus species": "huntii", "julian_day": 222.0, "source": "iNat" }, "geometry": { "type": "Point", "coordinates": [ -111.9075785, 40.76836377 ] } },
{ "type": "Feature", "properties": { "year": "2023", "month": "08", "day": "10", "Bombus species": "morrisoni", "julian_day": 222.0, "source": "iNat" }, "geometry": { "type": "Point", "coordinates": [ -109.3378541, 37.8641102 ] } },
{ "type": "Feature", "properties": { "year": "2023", "month": "08", "day": "10", "Bombus species": "morrisoni", "julian_day": 222.0, "source": "iNat" }, "geometry": { "type": "Point", "coordinates": [ -111.1942144, 38.2084736 ] } },
{ "type": "Feature", "properties": { "year": "2023", "month": "08", "day": "10", "Bombus species": "nevadensis", "julian_day": 222.0, "source": "iNat" }, "geometry": { "type": "Point", "coordinates": [ -111.6196032, 40.5827958 ] } },
{ "type": "Feature", "properties": { "year": "2023", "month": "08", "day": "11", "Bombus species": "griseocollis", "julian_day": 223.0, "source": "iNat" }, "geometry": { "type": "Point", "coordinates": [ -111.8364532, 40.55248464 ] } },
{ "type": "Feature", "properties": { "year": "2023", "month": "08", "day": "11", "Bombus species": "griseocollis", "julian_day": 223.0, "source": "iNat" }, "geometry": { "type": "Point", "coordinates": [ -111.8470919, 40.67156409 ] } },
{ "type": "Feature", "properties": { "year": "2023", "month": "08", "day": "11", "Bombus species": "griseocollis", "julian_day": 223.0, "source": "iNat" }, "geometry": { "type": "Point", "coordinates": [ -111.8236971, 40.76580657 ] } },
{ "type": "Feature", "properties": { "year": "2023", "month": "08", "day": "11", "Bombus species": "huntii", "julian_day": 223.0, "source": "iNat" }, "geometry": { "type": "Point", "coordinates": [ -111.6785746, 40.39260035 ] } },
{ "type": "Feature", "properties": { "year": "2023", "month": "08", "day": "11", "Bombus species": "huntii", "julian_day": 223.0, "source": "iNat" }, "geometry": { "type": "Point", "coordinates": [ -112.0455704, 41.07453918 ] } },
{ "type": "Feature", "properties": { "year": "2023", "month": "08", "day": "11", "Bombus species": "insularis", "julian_day": 223.0, "source": "iNat" }, "geometry": { "type": "Point", "coordinates": [ -111.6714492, 40.2113741 ] } },
{ "type": "Feature", "properties": { "year": "2023", "month": "08", "day": "12", "Bombus species": "appositus", "julian_day": 224.0, "source": "iNat" }, "geometry": { "type": "Point", "coordinates": [ -111.5503981, 40.45947899 ] } },
{ "type": "Feature", "properties": { "year": "2023", "month": "08", "day": "12", "Bombus species": "appositus", "julian_day": 224.0, "source": "iNat" }, "geometry": { "type": "Point", "coordinates": [ -111.66192, 40.84318833 ] } },
{ "type": "Feature", "properties": { "year": "2023", "month": "08", "day": "12", "Bombus species": "fervidus", "julian_day": 224.0, "source": "iNat" }, "geometry": { "type": "Point", "coordinates": [ -111.9645083, 41.69712833 ] } },
{ "type": "Feature", "properties": { "year": "2023", "month": "08", "day": "12", "Bombus species": "griseocollis", "julian_day": 224.0, "source": "iNat" }, "geometry": { "type": "Point", "coordinates": [ -111.8366011, 40.55247551 ] } },
{ "type": "Feature", "properties": { "year": "2023", "month": "08", "day": "12", "Bombus species": "griseocollis", "julian_day": 224.0, "source": "iNat" }, "geometry": { "type": "Point", "coordinates": [ -111.8363924, 40.55249333 ] } },
{ "type": "Feature", "properties": { "year": "2023", "month": "08", "day": "12", "Bombus species": "griseocollis", "julian_day": 224.0, "source": "iNat" }, "geometry": { "type": "Point", "coordinates": [ -111.8363948, 40.55250016 ] } },
{ "type": "Feature", "properties": { "year": "2023", "month": "08", "day": "12", "Bombus species": "griseocollis", "julian_day": 224.0, "source": "iNat" }, "geometry": { "type": "Point", "coordinates": [ -111.8366162, 40.55258213 ] } },
{ "type": "Feature", "properties": { "year": "2023", "month": "08", "day": "12", "Bombus species": "griseocollis", "julian_day": 224.0, "source": "iNat" }, "geometry": { "type": "Point", "coordinates": [ -111.8423212, 40.7364484 ] } },
{ "type": "Feature", "properties": { "year": "2023", "month": "08", "day": "12", "Bombus species": "griseocollis", "julian_day": 224.0, "source": "iNat" }, "geometry": { "type": "Point", "coordinates": [ -111.8222192, 40.76376279 ] } },
{ "type": "Feature", "properties": { "year": "2023", "month": "08", "day": "12", "Bombus species": "griseocollis", "julian_day": 224.0, "source": "iNat" }, "geometry": { "type": "Point", "coordinates": [ -111.8222367, 40.76376667 ] } },
{ "type": "Feature", "properties": { "year": "2023", "month": "08", "day": "12", "Bombus species": "griseocollis", "julian_day": 224.0, "source": "iNat" }, "geometry": { "type": "Point", "coordinates": [ -111.8228142, 40.76389412 ] } },
{ "type": "Feature", "properties": { "year": "2023", "month": "08", "day": "12", "Bombus species": "griseocollis", "julian_day": 224.0, "source": "iNat" }, "geometry": { "type": "Point", "coordinates": [ -111.8236467, 40.76420333 ] } },
{ "type": "Feature", "properties": { "year": "2023", "month": "08", "day": "12", "Bombus species": "huntii", "julian_day": 224.0, "source": "iNat" }, "geometry": { "type": "Point", "coordinates": [ -111.8364253, 40.55249113 ] } },
{ "type": "Feature", "properties": { "year": "2023", "month": "08", "day": "12", "Bombus species": "huntii", "julian_day": 224.0, "source": "iNat" }, "geometry": { "type": "Point", "coordinates": [ -111.8364452, 40.55251229 ] } },
{ "type": "Feature", "properties": { "year": "2023", "month": "08", "day": "12", "Bombus species": "huntii", "julian_day": 224.0, "source": "iNat" }, "geometry": { "type": "Point", "coordinates": [ -111.8364775, 40.55252704 ] } },
{ "type": "Feature", "properties": { "year": "2023", "month": "08", "day": "12", "Bombus species": "huntii", "julian_day": 224.0, "source": "iNat" }, "geometry": { "type": "Point", "coordinates": [ -111.9123688, 40.60772705 ] } },
{ "type": "Feature", "properties": { "year": "2023", "month": "08", "day": "12", "Bombus species": "huntii", "julian_day": 224.0, "source": "iNat" }, "geometry": { "type": "Point", "coordinates": [ -112.0395584, 40.64194869 ] } },
{ "type": "Feature", "properties": { "year": "2023", "month": "08", "day": "12", "Bombus species": "huntii", "julian_day": 224.0, "source": "iNat" }, "geometry": { "type": "Point", "coordinates": [ -111.8234167, 40.764575 ] } },
{ "type": "Feature", "properties": { "year": "2023", "month": "08", "day": "12", "Bombus species": "huntii", "julian_day": 224.0, "source": "iNat" }, "geometry": { "type": "Point", "coordinates": [ -111.8234117, 40.76458333 ] } },
{ "type": "Feature", "properties": { "year": "2023", "month": "08", "day": "12", "Bombus species": "huntii", "julian_day": 224.0, "source": "iNat" }, "geometry": { "type": "Point", "coordinates": [ -111.8234167, 40.76459167 ] } },
{ "type": "Feature", "properties": { "year": "2023", "month": "08", "day": "12", "Bombus species": "nevadensis", "julian_day": 224.0, "source": "iNat" }, "geometry": { "type": "Point", "coordinates": [ -111.661955, 40.84318833 ] } },
{ "type": "Feature", "properties": { "year": "2023", "month": "08", "day": "12", "Bombus species": "vancouverensis/bifarius", "julian_day": 224.0, "source": "iNat" }, "geometry": { "type": "Point", "coordinates": [ -111.6635967, 40.85009667 ] } },
{ "type": "Feature", "properties": { "year": "2023", "month": "08", "day": "13", "Bombus species": "fervidus", "julian_day": 225.0, "source": "iNat" }, "geometry": { "type": "Point", "coordinates": [ -111.863627, 40.72718197 ] } },
{ "type": "Feature", "properties": { "year": "2023", "month": "08", "day": "13", "Bombus species": "griseocollis", "julian_day": 225.0, "source": "iNat" }, "geometry": { "type": "Point", "coordinates": [ -111.7141222, 40.32603611 ] } },
{ "type": "Feature", "properties": { "year": "2023", "month": "08", "day": "13", "Bombus species": "griseocollis", "julian_day": 225.0, "source": "iNat" }, "geometry": { "type": "Point", "coordinates": [ -111.8364046, 40.55256914 ] } },
{ "type": "Feature", "properties": { "year": "2023", "month": "08", "day": "13", "Bombus species": "griseocollis", "julian_day": 225.0, "source": "iNat" }, "geometry": { "type": "Point", "coordinates": [ -111.8222001, 40.76368203 ] } },
{ "type": "Feature", "properties": { "year": "2023", "month": "08", "day": "13", "Bombus species": "griseocollis", "julian_day": 225.0, "source": "iNat" }, "geometry": { "type": "Point", "coordinates": [ -111.8221497, 40.7636846 ] } },
{ "type": "Feature", "properties": { "year": "2023", "month": "08", "day": "13", "Bombus species": "griseocollis", "julian_day": 225.0, "source": "iNat" }, "geometry": { "type": "Point", "coordinates": [ -111.8221063, 40.76373779 ] } },
{ "type": "Feature", "properties": { "year": "2023", "month": "08", "day": "13", "Bombus species": "griseocollis", "julian_day": 225.0, "source": "iNat" }, "geometry": { "type": "Point", "coordinates": [ -111.8222177, 40.76379274 ] } },
{ "type": "Feature", "properties": { "year": "2023", "month": "08", "day": "13", "Bombus species": "griseocollis", "julian_day": 225.0, "source": "iNat" }, "geometry": { "type": "Point", "coordinates": [ -111.9804833, 41.16738833 ] } },
{ "type": "Feature", "properties": { "year": "2023", "month": "08", "day": "13", "Bombus species": "huntii", "julian_day": 225.0, "source": "iNat" }, "geometry": { "type": "Point", "coordinates": [ -111.9984277, 40.5301244 ] } },
{ "type": "Feature", "properties": { "year": "2023", "month": "08", "day": "13", "Bombus species": "huntii", "julian_day": 225.0, "source": "iNat" }, "geometry": { "type": "Point", "coordinates": [ -111.8221714, 40.76367263 ] } },
{ "type": "Feature", "properties": { "year": "2023", "month": "08", "day": "13", "Bombus species": "huntii", "julian_day": 225.0, "source": "iNat" }, "geometry": { "type": "Point", "coordinates": [ -111.8226882, 40.76412957 ] } },
{ "type": "Feature", "properties": { "year": "2023", "month": "08", "day": "13", "Bombus species": "huntii", "julian_day": 225.0, "source": "iNat" }, "geometry": { "type": "Point", "coordinates": [ -111.8231125, 40.76428223 ] } },
{ "type": "Feature", "properties": { "year": "2023", "month": "08", "day": "13", "Bombus species": "insularis", "julian_day": 225.0, "source": "iNat" }, "geometry": { "type": "Point", "coordinates": [ -111.714455, 41.79731333 ] } },
{ "type": "Feature", "properties": { "year": "2023", "month": "08", "day": "13", "Bombus species": "mixtus", "julian_day": 225.0, "source": "iNat" }, "geometry": { "type": "Point", "coordinates": [ -111.6233053, 40.58355798 ] } },
{ "type": "Feature", "properties": { "year": "2023", "month": "08", "day": "13", "Bombus species": "occidentalis", "julian_day": 225.0, "source": "iNat" }, "geometry": { "type": "Point", "coordinates": [ -111.2781533, 40.48670333 ] } },
{ "type": "Feature", "properties": { "year": "2023", "month": "08", "day": "13", "Bombus species": "sylvicola", "julian_day": 225.0, "source": "iNat" }, "geometry": { "type": "Point", "coordinates": [ -112.8928835, 37.59461231 ] } },
{ "type": "Feature", "properties": { "year": "2023", "month": "08", "day": "14", "Bombus species": "griseocollis", "julian_day": 226.0, "source": "iNat" }, "geometry": { "type": "Point", "coordinates": [ -111.8210373, 40.76205444 ] } },
{ "type": "Feature", "properties": { "year": "2023", "month": "08", "day": "14", "Bombus species": "griseocollis", "julian_day": 226.0, "source": "iNat" }, "geometry": { "type": "Point", "coordinates": [ -111.8668434, 40.7822336 ] } },
{ "type": "Feature", "properties": { "year": "2023", "month": "08", "day": "14", "Bombus species": "morrisoni", "julian_day": 226.0, "source": "iNat" }, "geometry": { "type": "Point", "coordinates": [ -109.2074472, 38.79823611 ] } },
{ "type": "Feature", "properties": { "year": "2023", "month": "08", "day": "14", "Bombus species": "sonorus", "julian_day": 226.0, "source": "iNat" }, "geometry": { "type": "Point", "coordinates": [ -113.3256906, 37.18293847 ] } },
{ "type": "Feature", "properties": { "year": "2023", "month": "08", "day": "15", "Bombus species": "centralis", "julian_day": 227.0, "source": "iNat" }, "geometry": { "type": "Point", "coordinates": [ -111.6356098, 40.67826863 ] } },
{ "type": "Feature", "properties": { "year": "2023", "month": "08", "day": "15", "Bombus species": "fervidus", "julian_day": 227.0, "source": "iNat" }, "geometry": { "type": "Point", "coordinates": [ -111.863737, 40.727181 ] } },
{ "type": "Feature", "properties": { "year": "2023", "month": "08", "day": "15", "Bombus species": "flavifrons", "julian_day": 227.0, "source": "iNat" }, "geometry": { "type": "Point", "coordinates": [ -111.6358244, 40.67917992 ] } },
{ "type": "Feature", "properties": { "year": "2023", "month": "08", "day": "15", "Bombus species": "griseocollis", "julian_day": 227.0, "source": "iNat" }, "geometry": { "type": "Point", "coordinates": [ -111.6656192, 40.1785965 ] } },
{ "type": "Feature", "properties": { "year": "2023", "month": "08", "day": "15", "Bombus species": "griseocollis", "julian_day": 227.0, "source": "iNat" }, "geometry": { "type": "Point", "coordinates": [ -111.7801727, 40.19110824 ] } },
{ "type": "Feature", "properties": { "year": "2023", "month": "08", "day": "15", "Bombus species": "griseocollis", "julian_day": 227.0, "source": "iNat" }, "geometry": { "type": "Point", "coordinates": [ -111.8364506, 40.55242343 ] } },
{ "type": "Feature", "properties": { "year": "2023", "month": "08", "day": "15", "Bombus species": "griseocollis", "julian_day": 227.0, "source": "iNat" }, "geometry": { "type": "Point", "coordinates": [ -111.9272562, 40.6009041 ] } },
{ "type": "Feature", "properties": { "year": "2023", "month": "08", "day": "15", "Bombus species": "griseocollis", "julian_day": 227.0, "source": "iNat" }, "geometry": { "type": "Point", "coordinates": [ -111.8069472, 41.75112218 ] } },
{ "type": "Feature", "properties": { "year": "2023", "month": "08", "day": "15", "Bombus species": "huntii", "julian_day": 227.0, "source": "iNat" }, "geometry": { "type": "Point", "coordinates": [ -111.7823114, 40.15973901 ] } },
{ "type": "Feature", "properties": { "year": "2023", "month": "08", "day": "15", "Bombus species": "huntii", "julian_day": 227.0, "source": "iNat" }, "geometry": { "type": "Point", "coordinates": [ -111.6638633, 40.24106667 ] } },
{ "type": "Feature", "properties": { "year": "2023", "month": "08", "day": "15", "Bombus species": "huntii", "julian_day": 227.0, "source": "iNat" }, "geometry": { "type": "Point", "coordinates": [ -111.8364889, 40.55241626 ] } },
{ "type": "Feature", "properties": { "year": "2023", "month": "08", "day": "15", "Bombus species": "huntii", "julian_day": 227.0, "source": "iNat" }, "geometry": { "type": "Point", "coordinates": [ -111.8364512, 40.55241805 ] } },
{ "type": "Feature", "properties": { "year": "2023", "month": "08", "day": "15", "Bombus species": "huntii", "julian_day": 227.0, "source": "iNat" }, "geometry": { "type": "Point", "coordinates": [ -111.8364389, 40.55244185 ] } },
{ "type": "Feature", "properties": { "year": "2023", "month": "08", "day": "15", "Bombus species": "huntii", "julian_day": 227.0, "source": "iNat" }, "geometry": { "type": "Point", "coordinates": [ -111.8647233, 40.7761 ] } },
{ "type": "Feature", "properties": { "year": "2023", "month": "08", "day": "16", "Bombus species": "fervidus", "julian_day": 228.0, "source": "iNat" }, "geometry": { "type": "Point", "coordinates": [ -111.6841431, 40.17443553 ] } },
{ "type": "Feature", "properties": { "year": "2023", "month": "08", "day": "16", "Bombus species": "huntii", "julian_day": 228.0, "source": "iNat" }, "geometry": { "type": "Point", "coordinates": [ -112.1650695, 37.63093 ] } },
{ "type": "Feature", "properties": { "year": "2023", "month": "08", "day": "16", "Bombus species": "insularis", "julian_day": 228.0, "source": "iNat" }, "geometry": { "type": "Point", "coordinates": [ -111.7094333, 41.78586667 ] } },
{ "type": "Feature", "properties": { "year": "2023", "month": "08", "day": "17", "Bombus species": "griseocollis", "julian_day": 229.0, "source": "iNat" }, "geometry": { "type": "Point", "coordinates": [ -111.8521333, 40.52757167 ] } },
{ "type": "Feature", "properties": { "year": "2023", "month": "08", "day": "17", "Bombus species": "huntii", "julian_day": 229.0, "source": "iNat" }, "geometry": { "type": "Point", "coordinates": [ -111.5869239, 40.2686414 ] } },
{ "type": "Feature", "properties": { "year": "2023", "month": "08", "day": "18", "Bombus species": "griseocollis", "julian_day": 230.0, "source": "iNat" }, "geometry": { "type": "Point", "coordinates": [ -111.8365334, 40.55242978 ] } },
{ "type": "Feature", "properties": { "year": "2023", "month": "08", "day": "18", "Bombus species": "griseocollis", "julian_day": 230.0, "source": "iNat" }, "geometry": { "type": "Point", "coordinates": [ -111.8364692, 40.55243415 ] } },
{ "type": "Feature", "properties": { "year": "2023", "month": "08", "day": "18", "Bombus species": "griseocollis", "julian_day": 230.0, "source": "iNat" }, "geometry": { "type": "Point", "coordinates": [ -111.8366202, 40.55243666 ] } },
{ "type": "Feature", "properties": { "year": "2023", "month": "08", "day": "18", "Bombus species": "griseocollis", "julian_day": 230.0, "source": "iNat" }, "geometry": { "type": "Point", "coordinates": [ -111.8365421, 40.55243848 ] } },
{ "type": "Feature", "properties": { "year": "2023", "month": "08", "day": "18", "Bombus species": "huntii", "julian_day": 230.0, "source": "iNat" }, "geometry": { "type": "Point", "coordinates": [ -112.0348483, 40.6286366 ] } },
{ "type": "Feature", "properties": { "year": "2023", "month": "08", "day": "18", "Bombus species": "huntii", "julian_day": 230.0, "source": "iNat" }, "geometry": { "type": "Point", "coordinates": [ -111.8752716, 40.74238219 ] } },
{ "type": "Feature", "properties": { "year": "2023", "month": "08", "day": "18", "Bombus species": "morrisoni", "julian_day": 230.0, "source": "iNat" }, "geometry": { "type": "Point", "coordinates": [ -112.1870895, 37.59300523 ] } },
{ "type": "Feature", "properties": { "year": "2023", "month": "08", "day": "19", "Bombus species": "appositus", "julian_day": 231.0, "source": "iNat" }, "geometry": { "type": "Point", "coordinates": [ -112.2759229, 40.47855775 ] } },
{ "type": "Feature", "properties": { "year": "2023", "month": "08", "day": "19", "Bombus species": "griseocollis", "julian_day": 231.0, "source": "iNat" }, "geometry": { "type": "Point", "coordinates": [ -111.6975467, 40.55795333 ] } },
{ "type": "Feature", "properties": { "year": "2023", "month": "08", "day": "19", "Bombus species": "griseocollis", "julian_day": 231.0, "source": "iNat" }, "geometry": { "type": "Point", "coordinates": [ -111.8576036, 40.7327749 ] } },
{ "type": "Feature", "properties": { "year": "2023", "month": "08", "day": "19", "Bombus species": "griseocollis", "julian_day": 231.0, "source": "iNat" }, "geometry": { "type": "Point", "coordinates": [ -111.8752157, 40.7446016 ] } },
{ "type": "Feature", "properties": { "year": "2023", "month": "08", "day": "19", "Bombus species": "griseocollis", "julian_day": 231.0, "source": "iNat" }, "geometry": { "type": "Point", "coordinates": [ -111.8646017, 40.77609333 ] } },
{ "type": "Feature", "properties": { "year": "2023", "month": "08", "day": "19", "Bombus species": "huntii", "julian_day": 231.0, "source": "iNat" }, "geometry": { "type": "Point", "coordinates": [ -111.8251126, 40.57121913 ] } },
{ "type": "Feature", "properties": { "year": "2023", "month": "08", "day": "19", "Bombus species": "huntii", "julian_day": 231.0, "source": "iNat" }, "geometry": { "type": "Point", "coordinates": [ -111.8575573, 40.73277367 ] } },
{ "type": "Feature", "properties": { "year": "2023", "month": "08", "day": "19", "Bombus species": "morrisoni", "julian_day": 231.0, "source": "iNat" }, "geometry": { "type": "Point", "coordinates": [ -112.1870895, 37.59300523 ] } },
{ "type": "Feature", "properties": { "year": "2023", "month": "08", "day": "19", "Bombus species": "rufocinctus", "julian_day": 231.0, "source": "iNat" }, "geometry": { "type": "Point", "coordinates": [ -111.5889376, 40.6041735 ] } },
{ "type": "Feature", "properties": { "year": "2023", "month": "08", "day": "19", "Bombus species": "sonorus", "julian_day": 231.0, "source": "iNat" }, "geometry": { "type": "Point", "coordinates": [ -113.614845, 37.091625 ] } },
{ "type": "Feature", "properties": { "year": "2023", "month": "08", "day": "20", "Bombus species": "fervidus", "julian_day": 232.0, "source": "iNat" }, "geometry": { "type": "Point", "coordinates": [ -111.6608262, 40.27193283 ] } },
{ "type": "Feature", "properties": { "year": "2023", "month": "08", "day": "20", "Bombus species": "griseocollis", "julian_day": 232.0, "source": "iNat" }, "geometry": { "type": "Point", "coordinates": [ -111.8077467, 40.57004167 ] } },
{ "type": "Feature", "properties": { "year": "2023", "month": "08", "day": "20", "Bombus species": "griseocollis", "julian_day": 232.0, "source": "iNat" }, "geometry": { "type": "Point", "coordinates": [ -111.8247706, 40.76614785 ] } },
{ "type": "Feature", "properties": { "year": "2023", "month": "08", "day": "20", "Bombus species": "griseocollis", "julian_day": 232.0, "source": "iNat" }, "geometry": { "type": "Point", "coordinates": [ -111.8563917, 41.68978 ] } },
{ "type": "Feature", "properties": { "year": "2023", "month": "08", "day": "20", "Bombus species": "griseocollis", "julian_day": 232.0, "source": "iNat" }, "geometry": { "type": "Point", "coordinates": [ -111.8563533, 41.68982833 ] } },
{ "type": "Feature", "properties": { "year": "2023", "month": "08", "day": "20", "Bombus species": "griseocollis", "julian_day": 232.0, "source": "iNat" }, "geometry": { "type": "Point", "coordinates": [ -111.8338358, 41.73695982 ] } },
{ "type": "Feature", "properties": { "year": "2023", "month": "08", "day": "20", "Bombus species": "huntii", "julian_day": 232.0, "source": "iNat" }, "geometry": { "type": "Point", "coordinates": [ -113.4820966, 37.37906653 ] } },
{ "type": "Feature", "properties": { "year": "2023", "month": "08", "day": "20", "Bombus species": "huntii", "julian_day": 232.0, "source": "iNat" }, "geometry": { "type": "Point", "coordinates": [ -111.8567967, 41.68945333 ] } },
{ "type": "Feature", "properties": { "year": "2023", "month": "08", "day": "20", "Bombus species": "insularis", "julian_day": 232.0, "source": "iNat" }, "geometry": { "type": "Point", "coordinates": [ -110.0060861, 40.93549444 ] } },
{ "type": "Feature", "properties": { "year": "2023", "month": "08", "day": "20", "Bombus species": "nevadensis", "julian_day": 232.0, "source": "iNat" }, "geometry": { "type": "Point", "coordinates": [ -111.6794771, 40.79016436 ] } },
{ "type": "Feature", "properties": { "year": "2023", "month": "08", "day": "20", "Bombus species": "sonorus", "julian_day": 232.0, "source": "iNat" }, "geometry": { "type": "Point", "coordinates": [ -113.3502883, 37.18582167 ] } },
{ "type": "Feature", "properties": { "year": "2023", "month": "08", "day": "21", "Bombus species": "fervidus", "julian_day": 233.0, "source": "iNat" }, "geometry": { "type": "Point", "coordinates": [ -111.870004, 40.56722712 ] } },
{ "type": "Feature", "properties": { "year": "2023", "month": "08", "day": "21", "Bombus species": "fervidus", "julian_day": 233.0, "source": "iNat" }, "geometry": { "type": "Point", "coordinates": [ -111.8751177, 40.74238346 ] } },
{ "type": "Feature", "properties": { "year": "2023", "month": "08", "day": "21", "Bombus species": "nevadensis", "julian_day": 233.0, "source": "iNat" }, "geometry": { "type": "Point", "coordinates": [ -111.7157533, 41.74900833 ] } },
{ "type": "Feature", "properties": { "year": "2023", "month": "08", "day": "22", "Bombus species": "fervidus", "julian_day": 234.0, "source": "iNat" }, "geometry": { "type": "Point", "coordinates": [ -109.2236, 38.36630097 ] } },
{ "type": "Feature", "properties": { "year": "2023", "month": "08", "day": "22", "Bombus species": "fervidus", "julian_day": 234.0, "source": "iNat" }, "geometry": { "type": "Point", "coordinates": [ -111.9272562, 40.6009041 ] } },
{ "type": "Feature", "properties": { "year": "2023", "month": "08", "day": "22", "Bombus species": "griseocollis", "julian_day": 234.0, "source": "iNat" }, "geometry": { "type": "Point", "coordinates": [ -111.8365944, 40.5522783 ] } },
{ "type": "Feature", "properties": { "year": "2023", "month": "08", "day": "22", "Bombus species": "griseocollis", "julian_day": 234.0, "source": "iNat" }, "geometry": { "type": "Point", "coordinates": [ -111.8365786, 40.55247796 ] } },
{ "type": "Feature", "properties": { "year": "2023", "month": "08", "day": "22", "Bombus species": "huntii", "julian_day": 234.0, "source": "iNat" }, "geometry": { "type": "Point", "coordinates": [ -111.8794475, 40.63461311 ] } },
{ "type": "Feature", "properties": { "year": "2023", "month": "08", "day": "22", "Bombus species": "huntii", "julian_day": 234.0, "source": "iNat" }, "geometry": { "type": "Point", "coordinates": [ -111.9260033, 40.63729667 ] } },
{ "type": "Feature", "properties": { "year": "2023", "month": "08", "day": "22", "Bombus species": "huntii", "julian_day": 234.0, "source": "iNat" }, "geometry": { "type": "Point", "coordinates": [ -111.8241289, 40.75918316 ] } },
{ "type": "Feature", "properties": { "year": "2023", "month": "08", "day": "23", "Bombus species": "huntii", "julian_day": 235.0, "source": "iNat" }, "geometry": { "type": "Point", "coordinates": [ -111.8365874, 40.55244237 ] } },
{ "type": "Feature", "properties": { "year": "2023", "month": "08", "day": "23", "Bombus species": "huntii", "julian_day": 235.0, "source": "iNat" }, "geometry": { "type": "Point", "coordinates": [ -111.8591989, 40.61392127 ] } },
{ "type": "Feature", "properties": { "year": "2023", "month": "08", "day": "24", "Bombus species": "fervidus", "julian_day": 236.0, "source": "iNat" }, "geometry": { "type": "Point", "coordinates": [ -111.8847576, 40.75704581 ] } },
{ "type": "Feature", "properties": { "year": "2023", "month": "08", "day": "24", "Bombus species": "griseocollis", "julian_day": 236.0, "source": "iNat" }, "geometry": { "type": "Point", "coordinates": [ -111.578683, 40.13014425 ] } },
{ "type": "Feature", "properties": { "year": "2023", "month": "08", "day": "24", "Bombus species": "griseocollis", "julian_day": 236.0, "source": "iNat" }, "geometry": { "type": "Point", "coordinates": [ -111.9142712, 40.98261083 ] } },
{ "type": "Feature", "properties": { "year": "2023", "month": "08", "day": "24", "Bombus species": "griseocollis", "julian_day": 236.0, "source": "iNat" }, "geometry": { "type": "Point", "coordinates": [ -111.81437, 41.74208333 ] } },
{ "type": "Feature", "properties": { "year": "2023", "month": "08", "day": "24", "Bombus species": "huntii", "julian_day": 236.0, "source": "iNat" }, "geometry": { "type": "Point", "coordinates": [ -112.21353, 37.587375 ] } },
{ "type": "Feature", "properties": { "year": "2023", "month": "08", "day": "24", "Bombus species": "huntii", "julian_day": 236.0, "source": "iNat" }, "geometry": { "type": "Point", "coordinates": [ -111.8364516, 40.55248529 ] } },
{ "type": "Feature", "properties": { "year": "2023", "month": "08", "day": "25", "Bombus species": "griseocollis", "julian_day": 237.0, "source": "iNat" }, "geometry": { "type": "Point", "coordinates": [ -111.8365482, 40.55248277 ] } },
{ "type": "Feature", "properties": { "year": "2023", "month": "08", "day": "25", "Bombus species": "griseocollis", "julian_day": 237.0, "source": "iNat" }, "geometry": { "type": "Point", "coordinates": [ -111.8926383, 40.78106667 ] } },
{ "type": "Feature", "properties": { "year": "2023", "month": "08", "day": "25", "Bombus species": "griseocollis", "julian_day": 237.0, "source": "iNat" }, "geometry": { "type": "Point", "coordinates": [ -111.98047, 41.16742 ] } },
{ "type": "Feature", "properties": { "year": "2023", "month": "08", "day": "25", "Bombus species": "huntii", "julian_day": 237.0, "source": "iNat" }, "geometry": { "type": "Point", "coordinates": [ -111.8365281, 40.55248929 ] } },
{ "type": "Feature", "properties": { "year": "2023", "month": "08", "day": "25", "Bombus species": "morrisoni", "julian_day": 237.0, "source": "iNat" }, "geometry": { "type": "Point", "coordinates": [ -111.8101111, 41.74169167 ] } },
{ "type": "Feature", "properties": { "year": "2023", "month": "08", "day": "25", "Bombus species": "pensylvanicus", "julian_day": 237.0, "source": "iNat" }, "geometry": { "type": "Point", "coordinates": [ -109.55013, 38.57295897 ] } },
{ "type": "Feature", "properties": { "year": "2023", "month": "08", "day": "26", "Bombus species": "fervidus", "julian_day": 238.0, "source": "iNat" }, "geometry": { "type": "Point", "coordinates": [ -111.9230367, 40.69901167 ] } },
{ "type": "Feature", "properties": { "year": "2023", "month": "08", "day": "26", "Bombus species": "griseocollis", "julian_day": 238.0, "source": "iNat" }, "geometry": { "type": "Point", "coordinates": [ -111.8366478, 40.55250928 ] } },
{ "type": "Feature", "properties": { "year": "2023", "month": "08", "day": "26", "Bombus species": "griseocollis", "julian_day": 238.0, "source": "iNat" }, "geometry": { "type": "Point", "coordinates": [ -111.8251126, 40.57121913 ] } },
{ "type": "Feature", "properties": { "year": "2023", "month": "08", "day": "26", "Bombus species": "griseocollis", "julian_day": 238.0, "source": "iNat" }, "geometry": { "type": "Point", "coordinates": [ -111.9272562, 40.6009041 ] } },
{ "type": "Feature", "properties": { "year": "2023", "month": "08", "day": "26", "Bombus species": "griseocollis", "julian_day": 238.0, "source": "iNat" }, "geometry": { "type": "Point", "coordinates": [ -111.92303, 40.69892167 ] } },
{ "type": "Feature", "properties": { "year": "2023", "month": "08", "day": "26", "Bombus species": "griseocollis", "julian_day": 238.0, "source": "iNat" }, "geometry": { "type": "Point", "coordinates": [ -111.923055, 40.69893833 ] } },
{ "type": "Feature", "properties": { "year": "2023", "month": "08", "day": "26", "Bombus species": "griseocollis", "julian_day": 238.0, "source": "iNat" }, "geometry": { "type": "Point", "coordinates": [ -111.8719467, 40.77532 ] } },
{ "type": "Feature", "properties": { "year": "2023", "month": "08", "day": "26", "Bombus species": "huntii", "julian_day": 238.0, "source": "iNat" }, "geometry": { "type": "Point", "coordinates": [ -111.9230583, 40.698975 ] } },
{ "type": "Feature", "properties": { "year": "2023", "month": "08", "day": "26", "Bombus species": "nevadensis", "julian_day": 238.0, "source": "iNat" }, "geometry": { "type": "Point", "coordinates": [ -111.60672, 40.59609167 ] } },
{ "type": "Feature", "properties": { "year": "2023", "month": "08", "day": "27", "Bombus species": "griseocollis", "julian_day": 239.0, "source": "iNat" }, "geometry": { "type": "Point", "coordinates": [ -111.8640184, 40.63515403 ] } },
{ "type": "Feature", "properties": { "year": "2023", "month": "08", "day": "27", "Bombus species": "griseocollis", "julian_day": 239.0, "source": "iNat" }, "geometry": { "type": "Point", "coordinates": [ -111.8667617, 40.76743 ] } },
{ "type": "Feature", "properties": { "year": "2023", "month": "08", "day": "27", "Bombus species": "griseocollis", "julian_day": 239.0, "source": "iNat" }, "geometry": { "type": "Point", "coordinates": [ -111.8235117, 40.767525 ] } },
{ "type": "Feature", "properties": { "year": "2023", "month": "08", "day": "27", "Bombus species": "huntii", "julian_day": 239.0, "source": "iNat" }, "geometry": { "type": "Point", "coordinates": [ -111.8364991, 40.55247185 ] } },
{ "type": "Feature", "properties": { "year": "2023", "month": "08", "day": "27", "Bombus species": "huntii", "julian_day": 239.0, "source": "iNat" }, "geometry": { "type": "Point", "coordinates": [ -111.8241554, 40.7644605 ] } },
{ "type": "Feature", "properties": { "year": "2023", "month": "08", "day": "27", "Bombus species": "sonorus", "julian_day": 239.0, "source": "iNat" }, "geometry": { "type": "Point", "coordinates": [ -113.6459776, 37.17274022 ] } },
{ "type": "Feature", "properties": { "year": "2023", "month": "08", "day": "28", "Bombus species": "fervidus", "julian_day": 240.0, "source": "iNat" }, "geometry": { "type": "Point", "coordinates": [ -111.8720033, 40.77523333 ] } },
{ "type": "Feature", "properties": { "year": "2023", "month": "08", "day": "28", "Bombus species": "griseocollis", "julian_day": 240.0, "source": "iNat" }, "geometry": { "type": "Point", "coordinates": [ -111.8364981, 40.55259508 ] } },
{ "type": "Feature", "properties": { "year": "2023", "month": "08", "day": "29", "Bombus species": "appositus", "julian_day": 241.0, "source": "iNat" }, "geometry": { "type": "Point", "coordinates": [ -111.7724484, 41.70655127 ] } },
{ "type": "Feature", "properties": { "year": "2023", "month": "08", "day": "29", "Bombus species": "huntii", "julian_day": 241.0, "source": "iNat" }, "geometry": { "type": "Point", "coordinates": [ -111.8695533, 40.653075 ] } },
{ "type": "Feature", "properties": { "year": "2023", "month": "08", "day": "29", "Bombus species": "huntii", "julian_day": 241.0, "source": "iNat" }, "geometry": { "type": "Point", "coordinates": [ -112.0802775, 41.15162469 ] } },
{ "type": "Feature", "properties": { "year": "2023", "month": "08", "day": "30", "Bombus species": "huntii", "julian_day": 242.0, "source": "iNat" }, "geometry": { "type": "Point", "coordinates": [ -111.6067164, 37.7696561 ] } },
{ "type": "Feature", "properties": { "year": "2023", "month": "08", "day": "30", "Bombus species": "huntii", "julian_day": 242.0, "source": "iNat" }, "geometry": { "type": "Point", "coordinates": [ -111.8138111, 40.558175 ] } },
{ "type": "Feature", "properties": { "year": "2023", "month": "08", "day": "30", "Bombus species": "huntii", "julian_day": 242.0, "source": "iNat" }, "geometry": { "type": "Point", "coordinates": [ -111.8820633, 40.66472167 ] } },
{ "type": "Feature", "properties": { "year": "2023", "month": "08", "day": "30", "Bombus species": "huntii", "julian_day": 242.0, "source": "iNat" }, "geometry": { "type": "Point", "coordinates": [ -111.9684447, 40.7536549 ] } },
{ "type": "Feature", "properties": { "year": "2023", "month": "08", "day": "31", "Bombus species": "appositus", "julian_day": 243.0, "source": "iNat" }, "geometry": { "type": "Point", "coordinates": [ -111.5888401, 40.61327724 ] } },
{ "type": "Feature", "properties": { "year": "2023", "month": "08", "day": "31", "Bombus species": "griseocollis", "julian_day": 243.0, "source": "iNat" }, "geometry": { "type": "Point", "coordinates": [ -111.88198, 40.66477167 ] } },
{ "type": "Feature", "properties": { "year": "2023", "month": "08", "day": "31", "Bombus species": "griseocollis", "julian_day": 243.0, "source": "iNat" }, "geometry": { "type": "Point", "coordinates": [ -111.8750217, 40.7447 ] } },
{ "type": "Feature", "properties": { "year": "2023", "month": "09", "day": "01", "Bombus species": "griseocollis", "julian_day": 244.0, "source": "iNat" }, "geometry": { "type": "Point", "coordinates": [ -111.632075, 40.31584443 ] } },
{ "type": "Feature", "properties": { "year": "2023", "month": "09", "day": "02", "Bombus species": "appositus", "julian_day": 245.0, "source": "iNat" }, "geometry": { "type": "Point", "coordinates": [ -111.5828058, 40.58946093 ] } },
{ "type": "Feature", "properties": { "year": "2023", "month": "09", "day": "02", "Bombus species": "appositus", "julian_day": 245.0, "source": "iNat" }, "geometry": { "type": "Point", "coordinates": [ -111.6003398, 41.86868556 ] } },
{ "type": "Feature", "properties": { "year": "2023", "month": "09", "day": "02", "Bombus species": "fervidus", "julian_day": 245.0, "source": "iNat" }, "geometry": { "type": "Point", "coordinates": [ -112.607778, 37.3398987 ] } },
{ "type": "Feature", "properties": { "year": "2023", "month": "09", "day": "02", "Bombus species": "fervidus", "julian_day": 245.0, "source": "iNat" }, "geometry": { "type": "Point", "coordinates": [ -111.3477783, 40.49412167 ] } },
{ "type": "Feature", "properties": { "year": "2023", "month": "09", "day": "02", "Bombus species": "griseocollis", "julian_day": 245.0, "source": "iNat" }, "geometry": { "type": "Point", "coordinates": [ -111.8017283, 39.96461167 ] } },
{ "type": "Feature", "properties": { "year": "2023", "month": "09", "day": "02", "Bombus species": "griseocollis", "julian_day": 245.0, "source": "iNat" }, "geometry": { "type": "Point", "coordinates": [ -111.8015133, 39.96480333 ] } },
{ "type": "Feature", "properties": { "year": "2023", "month": "09", "day": "02", "Bombus species": "griseocollis", "julian_day": 245.0, "source": "iNat" }, "geometry": { "type": "Point", "coordinates": [ -111.8235783, 40.76596167 ] } },
{ "type": "Feature", "properties": { "year": "2023", "month": "09", "day": "02", "Bombus species": "griseocollis", "julian_day": 245.0, "source": "iNat" }, "geometry": { "type": "Point", "coordinates": [ -111.8289117, 40.76741333 ] } },
{ "type": "Feature", "properties": { "year": "2023", "month": "09", "day": "02", "Bombus species": "griseocollis", "julian_day": 245.0, "source": "iNat" }, "geometry": { "type": "Point", "coordinates": [ -111.9353467, 41.23092167 ] } },
{ "type": "Feature", "properties": { "year": "2023", "month": "09", "day": "02", "Bombus species": "huntii", "julian_day": 245.0, "source": "iNat" }, "geometry": { "type": "Point", "coordinates": [ -112.607778, 37.3398987 ] } },
{ "type": "Feature", "properties": { "year": "2023", "month": "09", "day": "02", "Bombus species": "huntii", "julian_day": 245.0, "source": "iNat" }, "geometry": { "type": "Point", "coordinates": [ -112.1143638, 37.66423833 ] } },
{ "type": "Feature", "properties": { "year": "2023", "month": "09", "day": "02", "Bombus species": "huntii", "julian_day": 245.0, "source": "iNat" }, "geometry": { "type": "Point", "coordinates": [ -111.8365582, 40.55243917 ] } },
{ "type": "Feature", "properties": { "year": "2023", "month": "09", "day": "02", "Bombus species": "huntii", "julian_day": 245.0, "source": "iNat" }, "geometry": { "type": "Point", "coordinates": [ -111.82312, 40.76634667 ] } },
{ "type": "Feature", "properties": { "year": "2023", "month": "09", "day": "03", "Bombus species": "flavifrons", "julian_day": 246.0, "source": "iNat" }, "geometry": { "type": "Point", "coordinates": [ -111.6427783, 40.643355 ] } },
{ "type": "Feature", "properties": { "year": "2023", "month": "09", "day": "03", "Bombus species": "griseocollis", "julian_day": 246.0, "source": "iNat" }, "geometry": { "type": "Point", "coordinates": [ -111.8926383, 40.780995 ] } },
{ "type": "Feature", "properties": { "year": "2023", "month": "09", "day": "03", "Bombus species": "griseocollis", "julian_day": 246.0, "source": "iNat" }, "geometry": { "type": "Point", "coordinates": [ -111.8967398, 41.0237445 ] } },
{ "type": "Feature", "properties": { "year": "2023", "month": "09", "day": "03", "Bombus species": "huntii", "julian_day": 246.0, "source": "iNat" }, "geometry": { "type": "Point", "coordinates": [ -111.6476133, 40.68069667 ] } },
{ "type": "Feature", "properties": { "year": "2023", "month": "09", "day": "03", "Bombus species": "nevadensis", "julian_day": 246.0, "source": "iNat" }, "geometry": { "type": "Point", "coordinates": [ -111.812425, 40.53991667 ] } },
{ "type": "Feature", "properties": { "year": "2023", "month": "09", "day": "04", "Bombus species": "griseocollis", "julian_day": 247.0, "source": "iNat" }, "geometry": { "type": "Point", "coordinates": [ -111.6426694, 40.27712778 ] } },
{ "type": "Feature", "properties": { "year": "2023", "month": "09", "day": "04", "Bombus species": "griseocollis", "julian_day": 247.0, "source": "iNat" }, "geometry": { "type": "Point", "coordinates": [ -111.85135, 40.73950333 ] } },
{ "type": "Feature", "properties": { "year": "2023", "month": "09", "day": "04", "Bombus species": "griseocollis", "julian_day": 247.0, "source": "iNat" }, "geometry": { "type": "Point", "coordinates": [ -111.9070205, 40.83883493 ] } },
{ "type": "Feature", "properties": { "year": "2023", "month": "09", "day": "04", "Bombus species": "griseocollis", "julian_day": 247.0, "source": "iNat" }, "geometry": { "type": "Point", "coordinates": [ -111.8936175, 40.8718401 ] } },
{ "type": "Feature", "properties": { "year": "2023", "month": "09", "day": "04", "Bombus species": "huntii", "julian_day": 247.0, "source": "iNat" }, "geometry": { "type": "Point", "coordinates": [ -112.0113611, 40.56508333 ] } },
{ "type": "Feature", "properties": { "year": "2023", "month": "09", "day": "05", "Bombus species": "griseocollis", "julian_day": 248.0, "source": "iNat" }, "geometry": { "type": "Point", "coordinates": [ -111.977603, 40.74108439 ] } },
{ "type": "Feature", "properties": { "year": "2023", "month": "09", "day": "05", "Bombus species": "griseocollis", "julian_day": 248.0, "source": "iNat" }, "geometry": { "type": "Point", "coordinates": [ -111.9227796, 40.86414465 ] } },
{ "type": "Feature", "properties": { "year": "2023", "month": "09", "day": "05", "Bombus species": "huntii", "julian_day": 248.0, "source": "iNat" }, "geometry": { "type": "Point", "coordinates": [ -112.1669823, 37.6234651 ] } },
{ "type": "Feature", "properties": { "year": "2023", "month": "09", "day": "05", "Bombus species": "huntii", "julian_day": 248.0, "source": "iNat" }, "geometry": { "type": "Point", "coordinates": [ -112.1628028, 37.65516944 ] } },
{ "type": "Feature", "properties": { "year": "2023", "month": "09", "day": "05", "Bombus species": "huntii", "julian_day": 248.0, "source": "iNat" }, "geometry": { "type": "Point", "coordinates": [ -111.92276, 40.86410274 ] } },
{ "type": "Feature", "properties": { "year": "2023", "month": "09", "day": "05", "Bombus species": "huntii", "julian_day": 248.0, "source": "iNat" }, "geometry": { "type": "Point", "coordinates": [ -111.4005722, 41.94956111 ] } },
{ "type": "Feature", "properties": { "year": "2023", "month": "09", "day": "05", "Bombus species": "insularis", "julian_day": 248.0, "source": "iNat" }, "geometry": { "type": "Point", "coordinates": [ -109.2047601, 38.55302933 ] } },
{ "type": "Feature", "properties": { "year": "2023", "month": "09", "day": "05", "Bombus species": "morrisoni", "julian_day": 248.0, "source": "iNat" }, "geometry": { "type": "Point", "coordinates": [ -111.6372757, 40.2394104 ] } },
{ "type": "Feature", "properties": { "year": "2023", "month": "09", "day": "06", "Bombus species": "griseocollis", "julian_day": 249.0, "source": "iNat" }, "geometry": { "type": "Point", "coordinates": [ -111.9349833, 41.06917217 ] } },
{ "type": "Feature", "properties": { "year": "2023", "month": "09", "day": "06", "Bombus species": "griseocollis", "julian_day": 249.0, "source": "iNat" }, "geometry": { "type": "Point", "coordinates": [ -111.8801632, 41.73208482 ] } },
{ "type": "Feature", "properties": { "year": "2023", "month": "09", "day": "06", "Bombus species": "griseocollis", "julian_day": 249.0, "source": "iNat" }, "geometry": { "type": "Point", "coordinates": [ -111.880198, 41.73214292 ] } },
{ "type": "Feature", "properties": { "year": "2023", "month": "09", "day": "07", "Bombus species": "huntii", "julian_day": 250.0, "source": "iNat" }, "geometry": { "type": "Point", "coordinates": [ -112.1691423, 37.63982506 ] } },
{ "type": "Feature", "properties": { "year": "2023", "month": "09", "day": "07", "Bombus species": "huntii", "julian_day": 250.0, "source": "iNat" }, "geometry": { "type": "Point", "coordinates": [ -111.8117967, 41.742445 ] } },
{ "type": "Feature", "properties": { "year": "2023", "month": "09", "day": "08", "Bombus species": "huntii", "julian_day": 251.0, "source": "iNat" }, "geometry": { "type": "Point", "coordinates": [ -111.5659167, 40.12325283 ] } },
{ "type": "Feature", "properties": { "year": "2023", "month": "09", "day": "09", "Bombus species": "griseocollis", "julian_day": 252.0, "source": "iNat" }, "geometry": { "type": "Point", "coordinates": [ -111.8372333, 40.63550333 ] } },
{ "type": "Feature", "properties": { "year": "2023", "month": "09", "day": "09", "Bombus species": "griseocollis", "julian_day": 252.0, "source": "iNat" }, "geometry": { "type": "Point", "coordinates": [ -111.8414712, 40.73710558 ] } },
{ "type": "Feature", "properties": { "year": "2023", "month": "09", "day": "09", "Bombus species": "huntii", "julian_day": 252.0, "source": "iNat" }, "geometry": { "type": "Point", "coordinates": [ -111.92305, 40.69894667 ] } },
{ "type": "Feature", "properties": { "year": "2023", "month": "09", "day": "10", "Bombus species": "griseocollis", "julian_day": 253.0, "source": "iNat" }, "geometry": { "type": "Point", "coordinates": [ -111.7292974, 40.36822476 ] } },
{ "type": "Feature", "properties": { "year": "2023", "month": "09", "day": "10", "Bombus species": "griseocollis", "julian_day": 253.0, "source": "iNat" }, "geometry": { "type": "Point", "coordinates": [ -111.6148701, 41.71325073 ] } },
{ "type": "Feature", "properties": { "year": "2023", "month": "09", "day": "10", "Bombus species": "insularis", "julian_day": 253.0, "source": "iNat" }, "geometry": { "type": "Point", "coordinates": [ -111.1757875, 40.525497 ] } },
{ "type": "Feature", "properties": { "year": "2023", "month": "09", "day": "10", "Bombus species": "insularis", "julian_day": 253.0, "source": "iNat" }, "geometry": { "type": "Point", "coordinates": [ -111.1923081, 40.56381019 ] } },
{ "type": "Feature", "properties": { "year": "2023", "month": "09", "day": "10", "Bombus species": "morrisoni", "julian_day": 253.0, "source": "iNat" }, "geometry": { "type": "Point", "coordinates": [ -111.811177, 41.74199904 ] } },
{ "type": "Feature", "properties": { "year": "2023", "month": "09", "day": "10", "Bombus species": "morrisoni", "julian_day": 253.0, "source": "iNat" }, "geometry": { "type": "Point", "coordinates": [ -111.8113733, 41.74202951 ] } },
{ "type": "Feature", "properties": { "year": "2023", "month": "09", "day": "10", "Bombus species": "rufocinctus", "julian_day": 253.0, "source": "iNat" }, "geometry": { "type": "Point", "coordinates": [ -111.0898737, 40.56572085 ] } },
{ "type": "Feature", "properties": { "year": "2023", "month": "09", "day": "11", "Bombus species": "fervidus", "julian_day": 254.0, "source": "iNat" }, "geometry": { "type": "Point", "coordinates": [ -109.5352686, 38.56917408 ] } },
{ "type": "Feature", "properties": { "year": "2023", "month": "09", "day": "11", "Bombus species": "griseocollis", "julian_day": 254.0, "source": "iNat" }, "geometry": { "type": "Point", "coordinates": [ -111.6112322, 40.16029072 ] } },
{ "type": "Feature", "properties": { "year": "2023", "month": "09", "day": "11", "Bombus species": "griseocollis", "julian_day": 254.0, "source": "iNat" }, "geometry": { "type": "Point", "coordinates": [ -111.629558, 41.66805924 ] } },
{ "type": "Feature", "properties": { "year": "2023", "month": "09", "day": "11", "Bombus species": "huntii", "julian_day": 254.0, "source": "iNat" }, "geometry": { "type": "Point", "coordinates": [ -112.1652395, 37.62665884 ] } },
{ "type": "Feature", "properties": { "year": "2023", "month": "09", "day": "12", "Bombus species": "huntii", "julian_day": 255.0, "source": "iNat" }, "geometry": { "type": "Point", "coordinates": [ -110.7849583, 39.59223833 ] } },
{ "type": "Feature", "properties": { "year": "2023", "month": "09", "day": "12", "Bombus species": "huntii", "julian_day": 255.0, "source": "iNat" }, "geometry": { "type": "Point", "coordinates": [ -111.9730955, 41.223051 ] } },
{ "type": "Feature", "properties": { "year": "2023", "month": "09", "day": "12", "Bombus species": "morrisoni", "julian_day": 255.0, "source": "iNat" }, "geometry": { "type": "Point", "coordinates": [ -111.8114971, 41.74298127 ] } },
{ "type": "Feature", "properties": { "year": "2023", "month": "09", "day": "13", "Bombus species": "griseocollis", "julian_day": 256.0, "source": "iNat" }, "geometry": { "type": "Point", "coordinates": [ -111.9660717, 41.16022217 ] } },
{ "type": "Feature", "properties": { "year": "2023", "month": "09", "day": "13", "Bombus species": "griseocollis", "julian_day": 256.0, "source": "iNat" }, "geometry": { "type": "Point", "coordinates": [ -112.0528555, 41.46661333 ] } },
{ "type": "Feature", "properties": { "year": "2023", "month": "09", "day": "13", "Bombus species": "griseocollis", "julian_day": 256.0, "source": "iNat" }, "geometry": { "type": "Point", "coordinates": [ -112.0529167, 41.46663667 ] } },
{ "type": "Feature", "properties": { "year": "2023", "month": "09", "day": "13", "Bombus species": "griseocollis", "julian_day": 256.0, "source": "iNat" }, "geometry": { "type": "Point", "coordinates": [ -112.0530026, 41.4666384 ] } },
{ "type": "Feature", "properties": { "year": "2023", "month": "09", "day": "13", "Bombus species": "griseocollis", "julian_day": 256.0, "source": "iNat" }, "geometry": { "type": "Point", "coordinates": [ -112.052925, 41.466645 ] } },
{ "type": "Feature", "properties": { "year": "2023", "month": "09", "day": "13", "Bombus species": "griseocollis", "julian_day": 256.0, "source": "iNat" }, "geometry": { "type": "Point", "coordinates": [ -112.0529433, 41.4666574 ] } },
{ "type": "Feature", "properties": { "year": "2023", "month": "09", "day": "13", "Bombus species": "griseocollis", "julian_day": 256.0, "source": "iNat" }, "geometry": { "type": "Point", "coordinates": [ -112.052682, 41.466793 ] } },
{ "type": "Feature", "properties": { "year": "2023", "month": "09", "day": "13", "Bombus species": "griseocollis", "julian_day": 256.0, "source": "iNat" }, "geometry": { "type": "Point", "coordinates": [ -112.052604, 41.466821 ] } },
{ "type": "Feature", "properties": { "year": "2023", "month": "09", "day": "13", "Bombus species": "huntii", "julian_day": 256.0, "source": "iNat" }, "geometry": { "type": "Point", "coordinates": [ -111.9612589, 40.35994441 ] } },
{ "type": "Feature", "properties": { "year": "2023", "month": "09", "day": "13", "Bombus species": "huntii", "julian_day": 256.0, "source": "iNat" }, "geometry": { "type": "Point", "coordinates": [ -112.0529472, 41.46661667 ] } },
{ "type": "Feature", "properties": { "year": "2023", "month": "09", "day": "13", "Bombus species": "huntii", "julian_day": 256.0, "source": "iNat" }, "geometry": { "type": "Point", "coordinates": [ -112.0530001, 41.46669998 ] } },
{ "type": "Feature", "properties": { "year": "2023", "month": "09", "day": "13", "Bombus species": "huntii", "julian_day": 256.0, "source": "iNat" }, "geometry": { "type": "Point", "coordinates": [ -112.0530001, 41.46669998 ] } },
{ "type": "Feature", "properties": { "year": "2023", "month": "09", "day": "13", "Bombus species": "huntii", "julian_day": 256.0, "source": "iNat" }, "geometry": { "type": "Point", "coordinates": [ -111.8177418, 41.70063347 ] } },
{ "type": "Feature", "properties": { "year": "2023", "month": "09", "day": "13", "Bombus species": "morrisoni", "julian_day": 256.0, "source": "iNat" }, "geometry": { "type": "Point", "coordinates": [ -112.0531049, 41.4666509 ] } },
{ "type": "Feature", "properties": { "year": "2023", "month": "09", "day": "13", "Bombus species": "morrisoni", "julian_day": 256.0, "source": "iNat" }, "geometry": { "type": "Point", "coordinates": [ -112.053077, 41.46666597 ] } },
{ "type": "Feature", "properties": { "year": "2023", "month": "09", "day": "13", "Bombus species": "morrisoni", "julian_day": 256.0, "source": "iNat" }, "geometry": { "type": "Point", "coordinates": [ -112.0531528, 41.46669667 ] } },
{ "type": "Feature", "properties": { "year": "2023", "month": "09", "day": "13", "Bombus species": "morrisoni", "julian_day": 256.0, "source": "iNat" }, "geometry": { "type": "Point", "coordinates": [ -112.0530001, 41.46669998 ] } },
{ "type": "Feature", "properties": { "year": "2023", "month": "09", "day": "14", "Bombus species": "fervidus", "julian_day": 257.0, "source": "iNat" }, "geometry": { "type": "Point", "coordinates": [ -111.8850868, 40.65372079 ] } },
{ "type": "Feature", "properties": { "year": "2023", "month": "09", "day": "15", "Bombus species": "griseocollis", "julian_day": 258.0, "source": "iNat" }, "geometry": { "type": "Point", "coordinates": [ -111.8970452, 40.5783875 ] } },
{ "type": "Feature", "properties": { "year": "2023", "month": "09", "day": "15", "Bombus species": "griseocollis", "julian_day": 258.0, "source": "iNat" }, "geometry": { "type": "Point", "coordinates": [ -111.8779541, 40.66979638 ] } },
{ "type": "Feature", "properties": { "year": "2023", "month": "09", "day": "15", "Bombus species": "griseocollis", "julian_day": 258.0, "source": "iNat" }, "geometry": { "type": "Point", "coordinates": [ -111.8221882, 41.7154365 ] } },
{ "type": "Feature", "properties": { "year": "2023", "month": "09", "day": "15", "Bombus species": "huntii", "julian_day": 258.0, "source": "iNat" }, "geometry": { "type": "Point", "coordinates": [ -111.584226, 40.58954 ] } },
{ "type": "Feature", "properties": { "year": "2023", "month": "09", "day": "15", "Bombus species": "huntii", "julian_day": 258.0, "source": "iNat" }, "geometry": { "type": "Point", "coordinates": [ -111.584226, 40.58954 ] } },
{ "type": "Feature", "properties": { "year": "2023", "month": "09", "day": "15", "Bombus species": "morrisoni", "julian_day": 258.0, "source": "iNat" }, "geometry": { "type": "Point", "coordinates": [ -109.7825783, 37.5984855 ] } },
{ "type": "Feature", "properties": { "year": "2023", "month": "09", "day": "15", "Bombus species": "pensylvanicus", "julian_day": 258.0, "source": "iNat" }, "geometry": { "type": "Point", "coordinates": [ -109.5504837, 38.57302856 ] } },
{ "type": "Feature", "properties": { "year": "2023", "month": "09", "day": "15", "Bombus species": "sonorus", "julian_day": 258.0, "source": "iNat" }, "geometry": { "type": "Point", "coordinates": [ -113.6068096, 37.08543451 ] } },
{ "type": "Feature", "properties": { "year": "2023", "month": "09", "day": "16", "Bombus species": "griseocollis", "julian_day": 259.0, "source": "iNat" }, "geometry": { "type": "Point", "coordinates": [ -111.8278367, 40.76350333 ] } },
{ "type": "Feature", "properties": { "year": "2023", "month": "09", "day": "16", "Bombus species": "huntii", "julian_day": 259.0, "source": "iNat" }, "geometry": { "type": "Point", "coordinates": [ -111.8162687, 40.48990245 ] } },
{ "type": "Feature", "properties": { "year": "2023", "month": "09", "day": "16", "Bombus species": "huntii", "julian_day": 259.0, "source": "iNat" }, "geometry": { "type": "Point", "coordinates": [ -111.8365375, 40.55234033 ] } },
{ "type": "Feature", "properties": { "year": "2023", "month": "09", "day": "16", "Bombus species": "pensylvanicus", "julian_day": 259.0, "source": "iNat" }, "geometry": { "type": "Point", "coordinates": [ -109.5560125, 38.57029404 ] } },
{ "type": "Feature", "properties": { "year": "2023", "month": "09", "day": "16", "Bombus species": "pensylvanicus", "julian_day": 259.0, "source": "iNat" }, "geometry": { "type": "Point", "coordinates": [ -109.5560125, 38.57029404 ] } },
{ "type": "Feature", "properties": { "year": "2023", "month": "09", "day": "17", "Bombus species": "appositus", "julian_day": 260.0, "source": "iNat" }, "geometry": { "type": "Point", "coordinates": [ -112.6512217, 37.70898833 ] } },
{ "type": "Feature", "properties": { "year": "2023", "month": "09", "day": "17", "Bombus species": "griseocollis", "julian_day": 260.0, "source": "iNat" }, "geometry": { "type": "Point", "coordinates": [ -111.8747117, 40.796325 ] } },
{ "type": "Feature", "properties": { "year": "2023", "month": "09", "day": "17", "Bombus species": "huntii", "julian_day": 260.0, "source": "iNat" }, "geometry": { "type": "Point", "coordinates": [ -111.87258, 40.80066333 ] } },
{ "type": "Feature", "properties": { "year": "2023", "month": "09", "day": "17", "Bombus species": "insularis", "julian_day": 260.0, "source": "iNat" }, "geometry": { "type": "Point", "coordinates": [ -111.646032, 40.682786 ] } },
{ "type": "Feature", "properties": { "year": "2023", "month": "09", "day": "17", "Bombus species": "insularis", "julian_day": 260.0, "source": "iNat" }, "geometry": { "type": "Point", "coordinates": [ -111.646032, 40.682786 ] } },
{ "type": "Feature", "properties": { "year": "2023", "month": "09", "day": "17", "Bombus species": "sonorus", "julian_day": 260.0, "source": "iNat" }, "geometry": { "type": "Point", "coordinates": [ -113.6107167, 37.13251944 ] } },
{ "type": "Feature", "properties": { "year": "2023", "month": "09", "day": "18", "Bombus species": "griseocollis", "julian_day": 261.0, "source": "iNat" }, "geometry": { "type": "Point", "coordinates": [ -111.8751367, 40.74248667 ] } },
{ "type": "Feature", "properties": { "year": "2023", "month": "09", "day": "19", "Bombus species": "huntii", "julian_day": 262.0, "source": "iNat" }, "geometry": { "type": "Point", "coordinates": [ -111.9261867, 40.63816167 ] } },
{ "type": "Feature", "properties": { "year": "2023", "month": "09", "day": "19", "Bombus species": "huntii", "julian_day": 262.0, "source": "iNat" }, "geometry": { "type": "Point", "coordinates": [ -111.92215, 40.78688 ] } },
{ "type": "Feature", "properties": { "year": "2023", "month": "09", "day": "20", "Bombus species": "morrisoni", "julian_day": 263.0, "source": "iNat" }, "geometry": { "type": "Point", "coordinates": [ -111.8118533, 40.558124 ] } },
{ "type": "Feature", "properties": { "year": "2023", "month": "09", "day": "21", "Bombus species": "griseocollis", "julian_day": 264.0, "source": "iNat" }, "geometry": { "type": "Point", "coordinates": [ -111.923155, 40.69895333 ] } },
{ "type": "Feature", "properties": { "year": "2023", "month": "09", "day": "22", "Bombus species": "huntii", "julian_day": 265.0, "source": "iNat" }, "geometry": { "type": "Point", "coordinates": [ -112.2549058, 37.49448384 ] } },
{ "type": "Feature", "properties": { "year": "2023", "month": "09", "day": "23", "Bombus species": "griseocollis", "julian_day": 266.0, "source": "iNat" }, "geometry": { "type": "Point", "coordinates": [ -111.644645, 40.16155283 ] } },
{ "type": "Feature", "properties": { "year": "2023", "month": "09", "day": "23", "Bombus species": "griseocollis", "julian_day": 266.0, "source": "iNat" }, "geometry": { "type": "Point", "coordinates": [ -111.922513, 40.6942059 ] } },
{ "type": "Feature", "properties": { "year": "2023", "month": "09", "day": "23", "Bombus species": "huntii", "julian_day": 266.0, "source": "iNat" }, "geometry": { "type": "Point", "coordinates": [ -111.8365358, 40.55234683 ] } },
{ "type": "Feature", "properties": { "year": "2023", "month": "09", "day": "23", "Bombus species": "huntii", "julian_day": 266.0, "source": "iNat" }, "geometry": { "type": "Point", "coordinates": [ -111.8364403, 41.73147422 ] } },
{ "type": "Feature", "properties": { "year": "2023", "month": "09", "day": "23", "Bombus species": "morrisoni", "julian_day": 266.0, "source": "iNat" }, "geometry": { "type": "Point", "coordinates": [ -111.8199031, 40.48821597 ] } },
{ "type": "Feature", "properties": { "year": "2023", "month": "09", "day": "24", "Bombus species": "centralis", "julian_day": 267.0, "source": "iNat" }, "geometry": { "type": "Point", "coordinates": [ -111.6506417, 40.64004167 ] } },
{ "type": "Feature", "properties": { "year": "2023", "month": "09", "day": "24", "Bombus species": "huntii", "julian_day": 267.0, "source": "iNat" }, "geometry": { "type": "Point", "coordinates": [ -111.8045583, 40.37341667 ] } },
{ "type": "Feature", "properties": { "year": "2023", "month": "09", "day": "24", "Bombus species": "huntii", "julian_day": 267.0, "source": "iNat" }, "geometry": { "type": "Point", "coordinates": [ -111.805598, 41.7744825 ] } },
{ "type": "Feature", "properties": { "year": "2023", "month": "09", "day": "25", "Bombus species": "griseocollis", "julian_day": 268.0, "source": "iNat" }, "geometry": { "type": "Point", "coordinates": [ -111.8313018, 40.37957394 ] } },
{ "type": "Feature", "properties": { "year": "2023", "month": "09", "day": "25", "Bombus species": "huntii", "julian_day": 268.0, "source": "iNat" }, "geometry": { "type": "Point", "coordinates": [ -111.836684, 40.55243656 ] } },
{ "type": "Feature", "properties": { "year": "2023", "month": "09", "day": "25", "Bombus species": "huntii", "julian_day": 268.0, "source": "iNat" }, "geometry": { "type": "Point", "coordinates": [ -109.6983149, 40.90820962 ] } },
{ "type": "Feature", "properties": { "year": "2023", "month": "09", "day": "27", "Bombus species": "huntii", "julian_day": 270.0, "source": "iNat" }, "geometry": { "type": "Point", "coordinates": [ -112.1644811, 37.62724416 ] } },
{ "type": "Feature", "properties": { "year": "2023", "month": "09", "day": "28", "Bombus species": "griseocollis", "julian_day": 271.0, "source": "iNat" }, "geometry": { "type": "Point", "coordinates": [ -111.6556056, 40.27250556 ] } },
{ "type": "Feature", "properties": { "year": "2023", "month": "09", "day": "28", "Bombus species": "huntii", "julian_day": 271.0, "source": "iNat" }, "geometry": { "type": "Point", "coordinates": [ -111.6160967, 37.77284667 ] } },
{ "type": "Feature", "properties": { "year": "2023", "month": "09", "day": "28", "Bombus species": "huntii", "julian_day": 271.0, "source": "iNat" }, "geometry": { "type": "Point", "coordinates": [ -112.0548443, 40.27091607 ] } },
{ "type": "Feature", "properties": { "year": "2023", "month": "09", "day": "29", "Bombus species": "centralis", "julian_day": 272.0, "source": "iNat" }, "geometry": { "type": "Point", "coordinates": [ -111.646275, 40.41480833 ] } },
{ "type": "Feature", "properties": { "year": "2023", "month": "09", "day": "29", "Bombus species": "griseocollis", "julian_day": 272.0, "source": "iNat" }, "geometry": { "type": "Point", "coordinates": [ -111.7286651, 40.36826282 ] } },
{ "type": "Feature", "properties": { "year": "2023", "month": "09", "day": "29", "Bombus species": "huntii", "julian_day": 272.0, "source": "iNat" }, "geometry": { "type": "Point", "coordinates": [ -111.8364894, 40.55250974 ] } },
{ "type": "Feature", "properties": { "year": "2023", "month": "09", "day": "29", "Bombus species": "insularis", "julian_day": 272.0, "source": "iNat" }, "geometry": { "type": "Point", "coordinates": [ -111.5276949, 40.60652357 ] } },
{ "type": "Feature", "properties": { "year": "2023", "month": "09", "day": "29", "Bombus species": "insularis", "julian_day": 272.0, "source": "iNat" }, "geometry": { "type": "Point", "coordinates": [ -111.6645306, 40.65517222 ] } },
{ "type": "Feature", "properties": { "year": "2023", "month": "09", "day": "30", "Bombus species": "griseocollis", "julian_day": 273.0, "source": "iNat" }, "geometry": { "type": "Point", "coordinates": [ -111.729291, 40.36818236 ] } },
{ "type": "Feature", "properties": { "year": "2023", "month": "09", "day": "30", "Bombus species": "griseocollis", "julian_day": 273.0, "source": "iNat" }, "geometry": { "type": "Point", "coordinates": [ -111.7291975, 40.36828019 ] } },
{ "type": "Feature", "properties": { "year": "2023", "month": "09", "day": "30", "Bombus species": "griseocollis", "julian_day": 273.0, "source": "iNat" }, "geometry": { "type": "Point", "coordinates": [ -111.8229233, 40.76778333 ] } },
{ "type": "Feature", "properties": { "year": "2023", "month": "09", "day": "30", "Bombus species": "huntii", "julian_day": 273.0, "source": "iNat" }, "geometry": { "type": "Point", "coordinates": [ -112.1661911, 37.6288147 ] } },
{ "type": "Feature", "properties": { "year": "2023", "month": "09", "day": "30", "Bombus species": "huntii", "julian_day": 273.0, "source": "iNat" }, "geometry": { "type": "Point", "coordinates": [ -112.1605301, 37.6427002 ] } },
{ "type": "Feature", "properties": { "year": "2023", "month": "10", "day": "01", "Bombus species": "huntii", "julian_day": 274.0, "source": "iNat" }, "geometry": { "type": "Point", "coordinates": [ -111.8363656, 40.5524855 ] } },
{ "type": "Feature", "properties": { "year": "2023", "month": "10", "day": "03", "Bombus species": "huntii", "julian_day": 276.0, "source": "iNat" }, "geometry": { "type": "Point", "coordinates": [ -111.6053586, 37.76742272 ] } },
{ "type": "Feature", "properties": { "year": "2023", "month": "10", "day": "05", "Bombus species": "griseocollis", "julian_day": 278.0, "source": "iNat" }, "geometry": { "type": "Point", "coordinates": [ -111.866745, 40.77860333 ] } },
{ "type": "Feature", "properties": { "year": "2023", "month": "10", "day": "05", "Bombus species": "griseocollis", "julian_day": 278.0, "source": "iNat" }, "geometry": { "type": "Point", "coordinates": [ -111.8667133, 40.77871333 ] } },
{ "type": "Feature", "properties": { "year": "2023", "month": "10", "day": "05", "Bombus species": "sonorus", "julian_day": 278.0, "source": "iNat" }, "geometry": { "type": "Point", "coordinates": [ -113.5036185, 37.15353342 ] } },
{ "type": "Feature", "properties": { "year": "2023", "month": "10", "day": "05", "Bombus species": "sonorus", "julian_day": 278.0, "source": "iNat" }, "geometry": { "type": "Point", "coordinates": [ -113.5018979, 37.15740724 ] } },
{ "type": "Feature", "properties": { "year": "2023", "month": "10", "day": "06", "Bombus species": "griseocollis", "julian_day": 279.0, "source": "iNat" }, "geometry": { "type": "Point", "coordinates": [ -111.8448717, 40.66924582 ] } },
{ "type": "Feature", "properties": { "year": "2023", "month": "10", "day": "06", "Bombus species": "huntii", "julian_day": 279.0, "source": "iNat" }, "geometry": { "type": "Point", "coordinates": [ -112.1870895, 37.5930377 ] } },
{ "type": "Feature", "properties": { "year": "2023", "month": "10", "day": "06", "Bombus species": "huntii", "julian_day": 279.0, "source": "iNat" }, "geometry": { "type": "Point", "coordinates": [ -112.1870895, 37.5930377 ] } },
{ "type": "Feature", "properties": { "year": "2023", "month": "10", "day": "06", "Bombus species": "huntii", "julian_day": 279.0, "source": "iNat" }, "geometry": { "type": "Point", "coordinates": [ -111.8366696, 40.55243797 ] } },
{ "type": "Feature", "properties": { "year": "2023", "month": "10", "day": "07", "Bombus species": "flavifrons", "julian_day": 280.0, "source": "iNat" }, "geometry": { "type": "Point", "coordinates": [ -111.5505583, 40.6903 ] } },
{ "type": "Feature", "properties": { "year": "2023", "month": "10", "day": "07", "Bombus species": "griseocollis", "julian_day": 280.0, "source": "iNat" }, "geometry": { "type": "Point", "coordinates": [ -111.7291442, 40.36798541 ] } },
{ "type": "Feature", "properties": { "year": "2023", "month": "10", "day": "08", "Bombus species": "griseocollis", "julian_day": 281.0, "source": "iNat" }, "geometry": { "type": "Point", "coordinates": [ -111.79615, 40.639545 ] } },
{ "type": "Feature", "properties": { "year": "2023", "month": "10", "day": "08", "Bombus species": "griseocollis", "julian_day": 281.0, "source": "iNat" }, "geometry": { "type": "Point", "coordinates": [ -111.8228133, 40.76761167 ] } },
{ "type": "Feature", "properties": { "year": "2023", "month": "10", "day": "08", "Bombus species": "griseocollis", "julian_day": 281.0, "source": "iNat" }, "geometry": { "type": "Point", "coordinates": [ -111.8230217, 40.76785333 ] } },
{ "type": "Feature", "properties": { "year": "2023", "month": "10", "day": "08", "Bombus species": "huntii", "julian_day": 281.0, "source": "iNat" }, "geometry": { "type": "Point", "coordinates": [ -111.6091395, 37.77119035 ] } },
{ "type": "Feature", "properties": { "year": "2023", "month": "10", "day": "08", "Bombus species": "huntii", "julian_day": 281.0, "source": "iNat" }, "geometry": { "type": "Point", "coordinates": [ -111.8365217, 40.55237539 ] } },
{ "type": "Feature", "properties": { "year": "2023", "month": "10", "day": "08", "Bombus species": "huntii", "julian_day": 281.0, "source": "iNat" }, "geometry": { "type": "Point", "coordinates": [ -111.7962283, 40.639545 ] } },
{ "type": "Feature", "properties": { "year": "2023", "month": "10", "day": "08", "Bombus species": "nevadensis", "julian_day": 281.0, "source": "iNat" }, "geometry": { "type": "Point", "coordinates": [ -111.82283, 40.76762833 ] } },
{ "type": "Feature", "properties": { "year": "2023", "month": "10", "day": "09", "Bombus species": "morrisoni", "julian_day": 282.0, "source": "iNat" }, "geometry": { "type": "Point", "coordinates": [ -110.707109, 38.573697 ] } },
{ "type": "Feature", "properties": { "year": "2023", "month": "10", "day": "10", "Bombus species": "huntii", "julian_day": 283.0, "source": "iNat" }, "geometry": { "type": "Point", "coordinates": [ -111.6094484, 37.77157014 ] } },
{ "type": "Feature", "properties": { "year": "2023", "month": "10", "day": "10", "Bombus species": "huntii", "julian_day": 283.0, "source": "iNat" }, "geometry": { "type": "Point", "coordinates": [ -111.61435, 40.57447 ] } },
{ "type": "Feature", "properties": { "year": "2023", "month": "10", "day": "10", "Bombus species": "morrisoni", "julian_day": 283.0, "source": "iNat" }, "geometry": { "type": "Point", "coordinates": [ -111.6096943, 37.77167754 ] } },
{ "type": "Feature", "properties": { "year": "2023", "month": "10", "day": "10", "Bombus species": "nevadensis", "julian_day": 283.0, "source": "iNat" }, "geometry": { "type": "Point", "coordinates": [ -111.4883144, 41.88449305 ] } },
{ "type": "Feature", "properties": { "year": "2023", "month": "10", "day": "13", "Bombus species": "huntii", "julian_day": 286.0, "source": "iNat" }, "geometry": { "type": "Point", "coordinates": [ -109.5734629, 38.57937633 ] } },
{ "type": "Feature", "properties": { "year": "2023", "month": "10", "day": "14", "Bombus species": "huntii", "julian_day": 287.0, "source": "iNat" }, "geometry": { "type": "Point", "coordinates": [ -109.8990133, 37.523665 ] } },
{ "type": "Feature", "properties": { "year": "2023", "month": "10", "day": "15", "Bombus species": "huntii", "julian_day": 288.0, "source": "iNat" }, "geometry": { "type": "Point", "coordinates": [ -111.83535, 38.534355 ] } },
{ "type": "Feature", "properties": { "year": "2023", "month": "10", "day": "16", "Bombus species": "huntii", "julian_day": 289.0, "source": "iNat" }, "geometry": { "type": "Point", "coordinates": [ -112.1542572, 37.67402585 ] } },
{ "type": "Feature", "properties": { "year": "2023", "month": "10", "day": "16", "Bombus species": "huntii", "julian_day": 289.0, "source": "iNat" }, "geometry": { "type": "Point", "coordinates": [ -111.836554, 40.55246385 ] } },
{ "type": "Feature", "properties": { "year": "2023", "month": "10", "day": "17", "Bombus species": "huntii", "julian_day": 290.0, "source": "iNat" }, "geometry": { "type": "Point", "coordinates": [ -112.1564333, 37.60406167 ] } },
{ "type": "Feature", "properties": { "year": "2023", "month": "10", "day": "18", "Bombus species": "huntii", "julian_day": 291.0, "source": "iNat" }, "geometry": { "type": "Point", "coordinates": [ -111.840395, 40.762275 ] } },
{ "type": "Feature", "properties": { "year": "2023", "month": "10", "day": "19", "Bombus species": "huntii", "julian_day": 292.0, "source": "iNat" }, "geometry": { "type": "Point", "coordinates": [ -111.8191419, 40.62172004 ] } },
{ "type": "Feature", "properties": { "year": "2023", "month": "10", "day": "22", "Bombus species": "sonorus", "julian_day": 295.0, "source": "iNat" }, "geometry": { "type": "Point", "coordinates": [ -113.667305, 37.16524167 ] } },
{ "type": "Feature", "properties": { "year": "2023", "month": "10", "day": "27", "Bombus species": "sonorus", "julian_day": 300.0, "source": "iNat" }, "geometry": { "type": "Point", "coordinates": [ -113.5734417, 37.11341117 ] } },
{ "type": "Feature", "properties": { "year": "2023", "month": "10", "day": "28", "Bombus species": "sonorus", "julian_day": 301.0, "source": "iNat" }, "geometry": { "type": "Point", "coordinates": [ -113.577297, 37.100524 ] } },
{ "type": "Feature", "properties": { "year": "2023", "month": "10", "day": "30", "Bombus species": "sonorus", "julian_day": 303.0, "source": "iNat" }, "geometry": { "type": "Point", "coordinates": [ -113.5664611, 37.10195 ] } },
{ "type": "Feature", "properties": { "year": "2023", "month": "11", "day": "05", "Bombus species": "huntii", "julian_day": 309.0, "source": "iNat" }, "geometry": { "type": "Point", "coordinates": [ -113.0263877, 37.51972171 ] } }
]
}
