{
"type": "FeatureCollection",
"name": "upp_points",
"crs": { "type": "name", "properties": { "name": "urn:ogc:def:crs:OGC:1.3:CRS84" } },
"features": [
{ "type": "Feature", "properties": { "year": "2020", "month": "06", "day": "11", "Bombus species": "morrisoni", "date": "2020-06-11", "julian_day": 163.0, "source": "UtahPP" }, "geometry": { "type": "Point", "coordinates": [ -108.6152514, 40.45400135 ] } },
{ "type": "Feature", "properties": { "year": "2020", "month": "06", "day": "13", "Bombus species": "nevadensis", "date": "2020-06-13", "julian_day": 165.0, "source": "UtahPP" }, "geometry": { "type": "Point", "coordinates": [ -108.9078912, 40.47916495 ] } },
{ "type": "Feature", "properties": { "year": "2023", "month": "07", "day": "06", "Bombus species": "huntii", "date": "2023-07-06", "julian_day": 187.0, "source": "UtahPP" }, "geometry": { "type": "Point", "coordinates": [ -109.0, 40.495801 ] } },
{ "type": "Feature", "properties": { "year": "2023", "month": "07", "day": "06", "Bombus species": "huntii", "date": "2023-07-06", "julian_day": 187.0, "source": "UtahPP" }, "geometry": { "type": "Point", "coordinates": [ -109.0, 40.495801 ] } },
{ "type": "Feature", "properties": { "year": "2023", "month": "07", "day": "06", "Bombus species": "huntii", "date": "2023-07-06", "julian_day": 187.0, "source": "UtahPP" }, "geometry": { "type": "Point", "coordinates": [ -109.0, 40.495801 ] } },
{ "type": "Feature", "properties": { "year": "2023", "month": "07", "day": "26", "Bombus species": "occidentalis", "date": "2023-07-26", "julian_day": 207.0, "source": "UtahPP" }, "geometry": { "type": "Point", "coordinates": [ -109.0, 40.652716 ] } },
{ "type": "Feature", "properties": { "year": "2023", "month": "07", "day": "06", "Bombus species": "huntii", "date": "2023-07-06", "julian_day": 187.0, "source": "UtahPP" }, "geometry": { "type": "Point", "coordinates": [ -109.0349068, 40.495801 ] } },
{ "type": "Feature", "properties": { "year": "2023", "month": "07", "day": "06", "Bombus species": "huntii", "date": "2023-07-06", "julian_day": 187.0, "source": "UtahPP" }, "geometry": { "type": "Point", "coordinates": [ -109.046077, 40.495801 ] } },
{ "type": "Feature", "properties": { "year": "2023", "month": "07", "day": "10", "Bombus species": "griseocollis", "date": "2023-07-10", "julian_day": 191.0, "source": "UtahPP" }, "geometry": { "type": "Point", "coordinates": [ -109.0632985, 40.346114 ] } },
{ "type": "Feature", "properties": { "year": "2023", "month": "05", "day": "28", "Bombus species": "morrisoni", "date": "2023-05-28", "julian_day": 148.0, "source": "UtahPP" }, "geometry": { "type": "Point", "coordinates": [ -109.1044825, 40.48319729 ] } },
{ "type": "Feature", "properties": { "year": "2023", "month": "05", "day": "28", "Bombus species": "huntii", "date": "2023-05-28", "julian_day": 148.0, "source": "UtahPP" }, "geometry": { "type": "Point", "coordinates": [ -109.1082412, 40.48362423 ] } },
{ "type": "Feature", "properties": { "year": "2023", "month": "05", "day": "28", "Bombus species": "nevadensis", "date": "2023-05-28", "julian_day": 148.0, "source": "UtahPP" }, "geometry": { "type": "Point", "coordinates": [ -109.1093544, 40.48469196 ] } },
{ "type": "Feature", "properties": { "year": "2023", "month": "08", "day": "23", "Bombus species": "rufocinctus", "date": "2023-08-23", "julian_day": 235.0, "source": "UtahPP" }, "geometry": { "type": "Point", "coordinates": [ -109.114625, 38.513918 ] } },
{ "type": "Feature", "properties": { "year": "2023", "month": "08", "day": "23", "Bombus species": "rufocinctus", "date": "2023-08-23", "julian_day": 235.0, "source": "UtahPP" }, "geometry": { "type": "Point", "coordinates": [ -109.114625, 38.513918 ] } },
{ "type": "Feature", "properties": { "year": "2023", "month": "08", "day": "23", "Bombus species": "vancouverensis/bifarius", "date": "2023-08-23", "julian_day": 235.0, "source": "UtahPP" }, "geometry": { "type": "Point", "coordinates": [ -109.115338, 38.513822 ] } },
{ "type": "Feature", "properties": { "year": "2023", "month": "08", "day": "29", "Bombus species": "huntii", "date": "2023-08-29", "julian_day": 241.0, "source": "UtahPP" }, "geometry": { "type": "Point", "coordinates": [ -109.1181511, 39.66604537 ] } },
{ "type": "Feature", "properties": { "year": "2023", "month": "08", "day": "10", "Bombus species": "griseocollis", "date": "2023-08-10", "julian_day": 222.0, "source": "UtahPP" }, "geometry": { "type": "Point", "coordinates": [ -109.139424, 40.88415136 ] } },
{ "type": "Feature", "properties": { "year": "2023", "month": "07", "day": "06", "Bombus species": "huntii", "date": "2023-07-06", "julian_day": 187.0, "source": "UtahPP" }, "geometry": { "type": "Point", "coordinates": [ -109.1396272, 40.495801 ] } },
{ "type": "Feature", "properties": { "year": "2023", "month": "08", "day": "23", "Bombus species": "sylvicola", "date": "2023-08-23", "julian_day": 235.0, "source": "UtahPP" }, "geometry": { "type": "Point", "coordinates": [ -109.152614, 38.410796 ] } },
{ "type": "Feature", "properties": { "year": "2023", "month": "08", "day": "25", "Bombus species": "vancouverensis/bifarius", "date": "2023-08-25", "julian_day": 237.0, "source": "UtahPP" }, "geometry": { "type": "Point", "coordinates": [ -109.152614, 38.410796 ] } },
{ "type": "Feature", "properties": { "year": "2023", "month": "08", "day": "25", "Bombus species": "insularis", "date": "2023-08-25", "julian_day": 237.0, "source": "UtahPP" }, "geometry": { "type": "Point", "coordinates": [ -109.152614, 38.410796 ] } },
{ "type": "Feature", "properties": { "year": "2023", "month": "08", "day": "25", "Bombus species": "insularis", "date": "2023-08-25", "julian_day": 237.0, "source": "UtahPP" }, "geometry": { "type": "Point", "coordinates": [ -109.152614, 38.410796 ] } },
{ "type": "Feature", "properties": { "year": "2023", "month": "08", "day": "03", "Bombus species": "morrisoni", "date": "2023-08-03", "julian_day": 215.0, "source": "UtahPP" }, "geometry": { "type": "Point", "coordinates": [ -109.1717395, 40.42476475 ] } },
{ "type": "Feature", "properties": { "year": "2023", "month": "08", "day": "03", "Bombus species": "huntii", "date": "2023-08-03", "julian_day": 215.0, "source": "UtahPP" }, "geometry": { "type": "Point", "coordinates": [ -109.1717774, 40.4247059 ] } },
{ "type": "Feature", "properties": { "year": "2023", "month": "08", "day": "03", "Bombus species": "morrisoni", "date": "2023-08-03", "julian_day": 215.0, "source": "UtahPP" }, "geometry": { "type": "Point", "coordinates": [ -109.1718406, 40.42417098 ] } },
{ "type": "Feature", "properties": { "year": "2023", "month": "08", "day": "03", "Bombus species": "nevadensis", "date": "2023-08-03", "julian_day": 215.0, "source": "UtahPP" }, "geometry": { "type": "Point", "coordinates": [ -109.1720719, 40.42416113 ] } },
{ "type": "Feature", "properties": { "year": "2022", "month": "09", "day": "08", "Bombus species": "morrisoni", "date": "2022-09-08", "julian_day": 251.0, "source": "UtahPP" }, "geometry": { "type": "Point", "coordinates": [ -109.1725018, 40.42409711 ] } },
{ "type": "Feature", "properties": { "year": "2023", "month": "08", "day": "03", "Bombus species": "morrisoni", "date": "2023-08-03", "julian_day": 215.0, "source": "UtahPP" }, "geometry": { "type": "Point", "coordinates": [ -109.1726014, 40.42485628 ] } },
{ "type": "Feature", "properties": { "year": "2023", "month": "06", "day": "21", "Bombus species": "morrisoni", "date": "2023-06-21", "julian_day": 172.0, "source": "UtahPP" }, "geometry": { "type": "Point", "coordinates": [ -109.1736688, 40.49483994 ] } },
{ "type": "Feature", "properties": { "year": "2023", "month": "07", "day": "06", "Bombus species": "fervidus", "date": "2023-07-06", "julian_day": 187.0, "source": "UtahPP" }, "geometry": { "type": "Point", "coordinates": [ -109.174534, 40.495801 ] } },
{ "type": "Feature", "properties": { "year": "2023", "month": "07", "day": "06", "Bombus species": "huntii", "date": "2023-07-06", "julian_day": 187.0, "source": "UtahPP" }, "geometry": { "type": "Point", "coordinates": [ -109.174534, 40.495801 ] } },
{ "type": "Feature", "properties": { "year": "2023", "month": "07", "day": "06", "Bombus species": "huntii", "date": "2023-07-06", "julian_day": 187.0, "source": "UtahPP" }, "geometry": { "type": "Point", "coordinates": [ -109.174534, 40.495801 ] } },
{ "type": "Feature", "properties": { "year": "2023", "month": "07", "day": "06", "Bombus species": "huntii", "date": "2023-07-06", "julian_day": 187.0, "source": "UtahPP" }, "geometry": { "type": "Point", "coordinates": [ -109.174534, 40.495801 ] } },
{ "type": "Feature", "properties": { "year": "2023", "month": "08", "day": "10", "Bombus species": "huntii", "date": "2023-08-10", "julian_day": 222.0, "source": "UtahPP" }, "geometry": { "type": "Point", "coordinates": [ -109.1764054, 40.89990594 ] } },
{ "type": "Feature", "properties": { "year": "2021", "month": "09", "day": "15", "Bombus species": "morrisoni", "date": "2021-09-15", "julian_day": 258.0, "source": "UtahPP" }, "geometry": { "type": "Point", "coordinates": [ -109.177, 40.89939 ] } },
{ "type": "Feature", "properties": { "year": "2021", "month": "09", "day": "15", "Bombus species": "morrisoni", "date": "2021-09-15", "julian_day": 258.0, "source": "UtahPP" }, "geometry": { "type": "Point", "coordinates": [ -109.177, 40.89948 ] } },
{ "type": "Feature", "properties": { "year": "2023", "month": "07", "day": "10", "Bombus species": "huntii", "date": "2023-07-10", "julian_day": 191.0, "source": "UtahPP" }, "geometry": { "type": "Point", "coordinates": [ -109.1773848, 40.89944624 ] } },
{ "type": "Feature", "properties": { "year": "2023", "month": "08", "day": "10", "Bombus species": "morrisoni", "date": "2023-08-10", "julian_day": 222.0, "source": "UtahPP" }, "geometry": { "type": "Point", "coordinates": [ -109.177464, 40.89950073 ] } },
{ "type": "Feature", "properties": { "year": "2023", "month": "08", "day": "10", "Bombus species": "huntii", "date": "2023-08-10", "julian_day": 222.0, "source": "UtahPP" }, "geometry": { "type": "Point", "coordinates": [ -109.1774782, 40.89948443 ] } },
{ "type": "Feature", "properties": { "year": "2022", "month": "09", "day": "01", "Bombus species": "nevadensis", "date": "2022-09-01", "julian_day": 244.0, "source": "UtahPP" }, "geometry": { "type": "Point", "coordinates": [ -109.1774885, 40.8994103 ] } },
{ "type": "Feature", "properties": { "year": "2022", "month": "09", "day": "01", "Bombus species": "nevadensis", "date": "2022-09-01", "julian_day": 244.0, "source": "UtahPP" }, "geometry": { "type": "Point", "coordinates": [ -109.177495, 40.8994649 ] } },
{ "type": "Feature", "properties": { "year": "2023", "month": "08", "day": "10", "Bombus species": "fervidus", "date": "2023-08-10", "julian_day": 222.0, "source": "UtahPP" }, "geometry": { "type": "Point", "coordinates": [ -109.1775106, 40.8994967 ] } },
{ "type": "Feature", "properties": { "year": "2023", "month": "07", "day": "10", "Bombus species": "griseocollis", "date": "2023-07-10", "julian_day": 191.0, "source": "UtahPP" }, "geometry": { "type": "Point", "coordinates": [ -109.1775586, 40.89937557 ] } },
{ "type": "Feature", "properties": { "year": "2023", "month": "07", "day": "10", "Bombus species": "huntii", "date": "2023-07-10", "julian_day": 191.0, "source": "UtahPP" }, "geometry": { "type": "Point", "coordinates": [ -109.1775638, 40.8993801 ] } },
{ "type": "Feature", "properties": { "year": "2023", "month": "07", "day": "10", "Bombus species": "huntii", "date": "2023-07-10", "julian_day": 191.0, "source": "UtahPP" }, "geometry": { "type": "Point", "coordinates": [ -109.1775901, 40.89935206 ] } },
{ "type": "Feature", "properties": { "year": "2023", "month": "07", "day": "10", "Bombus species": "huntii", "date": "2023-07-10", "julian_day": 191.0, "source": "UtahPP" }, "geometry": { "type": "Point", "coordinates": [ -109.1775948, 40.89937082 ] } },
{ "type": "Feature", "properties": { "year": "2023", "month": "07", "day": "10", "Bombus species": "huntii", "date": "2023-07-10", "julian_day": 191.0, "source": "UtahPP" }, "geometry": { "type": "Point", "coordinates": [ -109.1776165, 40.89944064 ] } },
{ "type": "Feature", "properties": { "year": "2021", "month": "09", "day": "15", "Bombus species": "nevadensis", "date": "2021-09-15", "julian_day": 258.0, "source": "UtahPP" }, "geometry": { "type": "Point", "coordinates": [ -109.178, 40.89942 ] } },
{ "type": "Feature", "properties": { "year": "2021", "month": "09", "day": "15", "Bombus species": "nevadensis", "date": "2021-09-15", "julian_day": 258.0, "source": "UtahPP" }, "geometry": { "type": "Point", "coordinates": [ -109.178, 40.89942 ] } },
{ "type": "Feature", "properties": { "year": "2021", "month": "09", "day": "15", "Bombus species": "nevadensis", "date": "2021-09-15", "julian_day": 258.0, "source": "UtahPP" }, "geometry": { "type": "Point", "coordinates": [ -109.178, 40.89943 ] } },
{ "type": "Feature", "properties": { "year": "2021", "month": "09", "day": "15", "Bombus species": "nevadensis", "date": "2021-09-15", "julian_day": 258.0, "source": "UtahPP" }, "geometry": { "type": "Point", "coordinates": [ -109.178, 40.89943 ] } },
{ "type": "Feature", "properties": { "year": "2021", "month": "09", "day": "15", "Bombus species": "nevadensis", "date": "2021-09-15", "julian_day": 258.0, "source": "UtahPP" }, "geometry": { "type": "Point", "coordinates": [ -109.178, 40.89943 ] } },
{ "type": "Feature", "properties": { "year": "2021", "month": "09", "day": "15", "Bombus species": "nevadensis", "date": "2021-09-15", "julian_day": 258.0, "source": "UtahPP" }, "geometry": { "type": "Point", "coordinates": [ -109.178, 40.89946 ] } },
{ "type": "Feature", "properties": { "year": "2023", "month": "07", "day": "06", "Bombus species": "huntii", "date": "2023-07-06", "julian_day": 187.0, "source": "UtahPP" }, "geometry": { "type": "Point", "coordinates": [ -109.1877271, 40.65029613 ] } },
{ "type": "Feature", "properties": { "year": "2021", "month": "07", "day": "08", "Bombus species": "fervidus", "date": "2021-07-08", "julian_day": 189.0, "source": "UtahPP" }, "geometry": { "type": "Point", "coordinates": [ -109.19, 40.6058 ] } },
{ "type": "Feature", "properties": { "year": "2021", "month": "08", "day": "01", "Bombus species": "vancouverensis/bifarius", "date": "2021-08-01", "julian_day": 213.0, "source": "UtahPP" }, "geometry": { "type": "Point", "coordinates": [ -109.19, 38.43539 ] } },
{ "type": "Feature", "properties": { "year": "2021", "month": "08", "day": "01", "Bombus species": "vancouverensis/bifarius", "date": "2021-08-01", "julian_day": 213.0, "source": "UtahPP" }, "geometry": { "type": "Point", "coordinates": [ -109.19, 38.43539 ] } },
{ "type": "Feature", "properties": { "year": "2021", "month": "08", "day": "01", "Bombus species": "rufocinctus", "date": "2021-08-01", "julian_day": 213.0, "source": "UtahPP" }, "geometry": { "type": "Point", "coordinates": [ -109.19, 38.43539 ] } },
{ "type": "Feature", "properties": { "year": "2021", "month": "08", "day": "01", "Bombus species": "vancouverensis/bifarius", "date": "2021-08-01", "julian_day": 213.0, "source": "UtahPP" }, "geometry": { "type": "Point", "coordinates": [ -109.191, 38.43736 ] } },
{ "type": "Feature", "properties": { "year": "2021", "month": "08", "day": "01", "Bombus species": "vancouverensis/bifarius", "date": "2021-08-01", "julian_day": 213.0, "source": "UtahPP" }, "geometry": { "type": "Point", "coordinates": [ -109.191, 38.43736 ] } },
{ "type": "Feature", "properties": { "year": "2021", "month": "08", "day": "01", "Bombus species": "huntii", "date": "2021-08-01", "julian_day": 213.0, "source": "UtahPP" }, "geometry": { "type": "Point", "coordinates": [ -109.191, 38.43736 ] } },
{ "type": "Feature", "properties": { "year": "2023", "month": "07", "day": "06", "Bombus species": "nevadensis", "date": "2023-07-06", "julian_day": 187.0, "source": "UtahPP" }, "geometry": { "type": "Point", "coordinates": [ -109.2003457, 40.65213178 ] } },
{ "type": "Feature", "properties": { "year": "2021", "month": "08", "day": "01", "Bombus species": "vancouverensis/bifarius", "date": "2021-08-01", "julian_day": 213.0, "source": "UtahPP" }, "geometry": { "type": "Point", "coordinates": [ -109.21, 38.4542 ] } },
{ "type": "Feature", "properties": { "year": "2021", "month": "08", "day": "01", "Bombus species": "vancouverensis/bifarius", "date": "2021-08-01", "julian_day": 213.0, "source": "UtahPP" }, "geometry": { "type": "Point", "coordinates": [ -109.21, 38.4542 ] } },
{ "type": "Feature", "properties": { "year": "2021", "month": "08", "day": "01", "Bombus species": "centralis", "date": "2021-08-01", "julian_day": 213.0, "source": "UtahPP" }, "geometry": { "type": "Point", "coordinates": [ -109.21, 38.4542 ] } },
{ "type": "Feature", "properties": { "year": "2021", "month": "08", "day": "01", "Bombus species": "centralis", "date": "2021-08-01", "julian_day": 213.0, "source": "UtahPP" }, "geometry": { "type": "Point", "coordinates": [ -109.21, 38.4542 ] } },
{ "type": "Feature", "properties": { "year": "2021", "month": "08", "day": "01", "Bombus species": "centralis", "date": "2021-08-01", "julian_day": 213.0, "source": "UtahPP" }, "geometry": { "type": "Point", "coordinates": [ -109.21, 38.4542 ] } },
{ "type": "Feature", "properties": { "year": "2021", "month": "08", "day": "01", "Bombus species": "centralis", "date": "2021-08-01", "julian_day": 213.0, "source": "UtahPP" }, "geometry": { "type": "Point", "coordinates": [ -109.21, 38.4542 ] } },
{ "type": "Feature", "properties": { "year": "2021", "month": "08", "day": "01", "Bombus species": "flavifrons", "date": "2021-08-01", "julian_day": 213.0, "source": "UtahPP" }, "geometry": { "type": "Point", "coordinates": [ -109.21, 38.4542 ] } },
{ "type": "Feature", "properties": { "year": "2021", "month": "08", "day": "01", "Bombus species": "flavifrons", "date": "2021-08-01", "julian_day": 213.0, "source": "UtahPP" }, "geometry": { "type": "Point", "coordinates": [ -109.21, 38.4542 ] } },
{ "type": "Feature", "properties": { "year": "2021", "month": "08", "day": "01", "Bombus species": "huntii", "date": "2021-08-01", "julian_day": 213.0, "source": "UtahPP" }, "geometry": { "type": "Point", "coordinates": [ -109.21, 38.4542 ] } },
{ "type": "Feature", "properties": { "year": "2021", "month": "08", "day": "01", "Bombus species": "rufocinctus", "date": "2021-08-01", "julian_day": 213.0, "source": "UtahPP" }, "geometry": { "type": "Point", "coordinates": [ -109.21, 38.4542 ] } },
{ "type": "Feature", "properties": { "year": "2021", "month": "08", "day": "01", "Bombus species": "rufocinctus", "date": "2021-08-01", "julian_day": 213.0, "source": "UtahPP" }, "geometry": { "type": "Point", "coordinates": [ -109.21, 38.4542 ] } },
{ "type": "Feature", "properties": { "year": "2021", "month": "08", "day": "01", "Bombus species": "sylvicola", "date": "2021-08-01", "julian_day": 213.0, "source": "UtahPP" }, "geometry": { "type": "Point", "coordinates": [ -109.21, 38.4542 ] } },
{ "type": "Feature", "properties": { "year": "2021", "month": "08", "day": "01", "Bombus species": "sylvicola", "date": "2021-08-01", "julian_day": 213.0, "source": "UtahPP" }, "geometry": { "type": "Point", "coordinates": [ -109.21, 38.4542 ] } },
{ "type": "Feature", "properties": { "year": "2021", "month": "08", "day": "01", "Bombus species": "sylvicola", "date": "2021-08-01", "julian_day": 213.0, "source": "UtahPP" }, "geometry": { "type": "Point", "coordinates": [ -109.21, 38.4542 ] } },
{ "type": "Feature", "properties": { "year": "2021", "month": "08", "day": "01", "Bombus species": "centralis", "date": "2021-08-01", "julian_day": 213.0, "source": "UtahPP" }, "geometry": { "type": "Point", "coordinates": [ -109.212, 38.45487 ] } },
{ "type": "Feature", "properties": { "year": "2021", "month": "08", "day": "01", "Bombus species": "centralis", "date": "2021-08-01", "julian_day": 213.0, "source": "UtahPP" }, "geometry": { "type": "Point", "coordinates": [ -109.212, 38.45487 ] } },
{ "type": "Feature", "properties": { "year": "2021", "month": "08", "day": "01", "Bombus species": "nevadensis", "date": "2021-08-01", "julian_day": 213.0, "source": "UtahPP" }, "geometry": { "type": "Point", "coordinates": [ -109.212, 38.45487 ] } },
{ "type": "Feature", "properties": { "year": "2021", "month": "08", "day": "01", "Bombus species": "sylvicola", "date": "2021-08-01", "julian_day": 213.0, "source": "UtahPP" }, "geometry": { "type": "Point", "coordinates": [ -109.212, 38.45487 ] } },
{ "type": "Feature", "properties": { "year": "2021", "month": "08", "day": "15", "Bombus species": "centralis", "date": "2021-08-15", "julian_day": 227.0, "source": "UtahPP" }, "geometry": { "type": "Point", "coordinates": [ -109.212, 38.5588 ] } },
{ "type": "Feature", "properties": { "year": "2023", "month": "06", "day": "14", "Bombus species": "fervidus", "date": "2023-06-14", "julian_day": 165.0, "source": "UtahPP" }, "geometry": { "type": "Point", "coordinates": [ -109.21225, 40.349556 ] } },
{ "type": "Feature", "properties": { "year": "2022", "month": "09", "day": "07", "Bombus species": "huntii", "date": "2022-09-07", "julian_day": 250.0, "source": "UtahPP" }, "geometry": { "type": "Point", "coordinates": [ -109.2187607, 40.58733836 ] } },
{ "type": "Feature", "properties": { "year": "2022", "month": "07", "day": "07", "Bombus species": "vancouverensis/bifarius", "date": "2022-07-07", "julian_day": 188.0, "source": "UtahPP" }, "geometry": { "type": "Point", "coordinates": [ -109.220168, 38.529763 ] } },
{ "type": "Feature", "properties": { "year": "2022", "month": "07", "day": "07", "Bombus species": "morrisoni", "date": "2022-07-07", "julian_day": 188.0, "source": "UtahPP" }, "geometry": { "type": "Point", "coordinates": [ -109.220168, 38.529763 ] } },
{ "type": "Feature", "properties": { "year": "2023", "month": "08", "day": "22", "Bombus species": "vancouverensis/bifarius", "date": "2023-08-22", "julian_day": 234.0, "source": "UtahPP" }, "geometry": { "type": "Point", "coordinates": [ -109.222, 38.366 ] } },
{ "type": "Feature", "properties": { "year": "2023", "month": "08", "day": "22", "Bombus species": "centralis", "date": "2023-08-22", "julian_day": 234.0, "source": "UtahPP" }, "geometry": { "type": "Point", "coordinates": [ -109.222193, 38.365657 ] } },
{ "type": "Feature", "properties": { "year": "2023", "month": "08", "day": "22", "Bombus species": "fervidus", "date": "2023-08-22", "julian_day": 234.0, "source": "UtahPP" }, "geometry": { "type": "Point", "coordinates": [ -109.222203, 38.365658 ] } },
{ "type": "Feature", "properties": { "year": "2023", "month": "08", "day": "22", "Bombus species": "fervidus", "date": "2023-08-22", "julian_day": 234.0, "source": "UtahPP" }, "geometry": { "type": "Point", "coordinates": [ -109.222204, 38.365662 ] } },
{ "type": "Feature", "properties": { "year": "2021", "month": "08", "day": "28", "Bombus species": "occidentalis", "date": "2021-08-28", "julian_day": 240.0, "source": "UtahPP" }, "geometry": { "type": "Point", "coordinates": [ -109.2232475, 38.50929279 ] } },
{ "type": "Feature", "properties": { "year": "2022", "month": "07", "day": "28", "Bombus species": "vancouverensis/bifarius", "date": "2022-07-28", "julian_day": 209.0, "source": "UtahPP" }, "geometry": { "type": "Point", "coordinates": [ -109.2247203, 38.5084196 ] } },
{ "type": "Feature", "properties": { "year": "2022", "month": "07", "day": "29", "Bombus species": "flavifrons", "date": "2022-07-29", "julian_day": 210.0, "source": "UtahPP" }, "geometry": { "type": "Point", "coordinates": [ -109.2248272, 38.50860443 ] } },
{ "type": "Feature", "properties": { "year": "2022", "month": "07", "day": "28", "Bombus species": "vancouverensis/bifarius", "date": "2022-07-28", "julian_day": 209.0, "source": "UtahPP" }, "geometry": { "type": "Point", "coordinates": [ -109.2248587, 38.50846478 ] } },
{ "type": "Feature", "properties": { "year": "2022", "month": "08", "day": "11", "Bombus species": "vancouverensis/bifarius", "date": "2022-08-11", "julian_day": 223.0, "source": "UtahPP" }, "geometry": { "type": "Point", "coordinates": [ -109.224871, 38.50851946 ] } },
{ "type": "Feature", "properties": { "year": "2022", "month": "07", "day": "29", "Bombus species": "vancouverensis/bifarius", "date": "2022-07-29", "julian_day": 210.0, "source": "UtahPP" }, "geometry": { "type": "Point", "coordinates": [ -109.2248959, 38.50866711 ] } },
{ "type": "Feature", "properties": { "year": "2022", "month": "07", "day": "29", "Bombus species": "vancouverensis/bifarius", "date": "2022-07-29", "julian_day": 210.0, "source": "UtahPP" }, "geometry": { "type": "Point", "coordinates": [ -109.2249258, 38.50851105 ] } },
{ "type": "Feature", "properties": { "year": "2022", "month": "08", "day": "03", "Bombus species": "vancouverensis/bifarius", "date": "2022-08-03", "julian_day": 215.0, "source": "UtahPP" }, "geometry": { "type": "Point", "coordinates": [ -109.2249449, 38.50864751 ] } },
{ "type": "Feature", "properties": { "year": "2022", "month": "07", "day": "29", "Bombus species": "vancouverensis/bifarius", "date": "2022-07-29", "julian_day": 210.0, "source": "UtahPP" }, "geometry": { "type": "Point", "coordinates": [ -109.2249591, 38.5087687 ] } },
{ "type": "Feature", "properties": { "year": "2022", "month": "08", "day": "03", "Bombus species": "vancouverensis/bifarius", "date": "2022-08-03", "julian_day": 215.0, "source": "UtahPP" }, "geometry": { "type": "Point", "coordinates": [ -109.2249591, 38.5087687 ] } },
{ "type": "Feature", "properties": { "year": "2022", "month": "07", "day": "29", "Bombus species": "vancouverensis/bifarius", "date": "2022-07-29", "julian_day": 210.0, "source": "UtahPP" }, "geometry": { "type": "Point", "coordinates": [ -109.225023, 38.50857392 ] } },
{ "type": "Feature", "properties": { "year": "2022", "month": "07", "day": "29", "Bombus species": "vancouverensis/bifarius", "date": "2022-07-29", "julian_day": 210.0, "source": "UtahPP" }, "geometry": { "type": "Point", "coordinates": [ -109.2250361, 38.50867819 ] } },
{ "type": "Feature", "properties": { "year": "2023", "month": "07", "day": "31", "Bombus species": "huntii", "date": "2023-07-31", "julian_day": 212.0, "source": "UtahPP" }, "geometry": { "type": "Point", "coordinates": [ -109.225069, 40.59128941 ] } },
{ "type": "Feature", "properties": { "year": "2022", "month": "07", "day": "28", "Bombus species": "vancouverensis/bifarius", "date": "2022-07-28", "julian_day": 209.0, "source": "UtahPP" }, "geometry": { "type": "Point", "coordinates": [ -109.2250735, 38.50845881 ] } },
{ "type": "Feature", "properties": { "year": "2022", "month": "07", "day": "29", "Bombus species": "sylvicola", "date": "2022-07-29", "julian_day": 210.0, "source": "UtahPP" }, "geometry": { "type": "Point", "coordinates": [ -109.2251075, 38.50863785 ] } },
{ "type": "Feature", "properties": { "year": "2023", "month": "07", "day": "31", "Bombus species": "morrisoni", "date": "2023-07-31", "julian_day": 212.0, "source": "UtahPP" }, "geometry": { "type": "Point", "coordinates": [ -109.2251318, 40.59124347 ] } },
{ "type": "Feature", "properties": { "year": "2022", "month": "07", "day": "29", "Bombus species": "flavifrons", "date": "2022-07-29", "julian_day": 210.0, "source": "UtahPP" }, "geometry": { "type": "Point", "coordinates": [ -109.2251381, 38.50861994 ] } },
{ "type": "Feature", "properties": { "year": "2022", "month": "07", "day": "29", "Bombus species": "melanopygus", "date": "2022-07-29", "julian_day": 210.0, "source": "UtahPP" }, "geometry": { "type": "Point", "coordinates": [ -109.2251478, 38.51390303 ] } },
{ "type": "Feature", "properties": { "year": "2022", "month": "07", "day": "28", "Bombus species": "vancouverensis/bifarius", "date": "2022-07-28", "julian_day": 209.0, "source": "UtahPP" }, "geometry": { "type": "Point", "coordinates": [ -109.2252262, 38.50860299 ] } },
{ "type": "Feature", "properties": { "year": "2022", "month": "07", "day": "28", "Bombus species": "vancouverensis/bifarius", "date": "2022-07-28", "julian_day": 209.0, "source": "UtahPP" }, "geometry": { "type": "Point", "coordinates": [ -109.2252286, 38.50840595 ] } },
{ "type": "Feature", "properties": { "year": "2022", "month": "07", "day": "28", "Bombus species": "vancouverensis/bifarius", "date": "2022-07-28", "julian_day": 209.0, "source": "UtahPP" }, "geometry": { "type": "Point", "coordinates": [ -109.2252399, 38.50844435 ] } },
{ "type": "Feature", "properties": { "year": "2022", "month": "07", "day": "29", "Bombus species": "flavifrons", "date": "2022-07-29", "julian_day": 210.0, "source": "UtahPP" }, "geometry": { "type": "Point", "coordinates": [ -109.2252582, 38.51376978 ] } },
{ "type": "Feature", "properties": { "year": "2022", "month": "07", "day": "29", "Bombus species": "vancouverensis/bifarius", "date": "2022-07-29", "julian_day": 210.0, "source": "UtahPP" }, "geometry": { "type": "Point", "coordinates": [ -109.2253441, 38.5139041 ] } },
{ "type": "Feature", "properties": { "year": "2022", "month": "07", "day": "28", "Bombus species": "vancouverensis/bifarius", "date": "2022-07-28", "julian_day": 209.0, "source": "UtahPP" }, "geometry": { "type": "Point", "coordinates": [ -109.2253689, 38.50845359 ] } },
{ "type": "Feature", "properties": { "year": "2023", "month": "07", "day": "05", "Bombus species": "nevadensis", "date": "2023-07-05", "julian_day": 186.0, "source": "UtahPP" }, "geometry": { "type": "Point", "coordinates": [ -109.2255146, 40.59161072 ] } },
{ "type": "Feature", "properties": { "year": "2022", "month": "07", "day": "29", "Bombus species": "vancouverensis/bifarius", "date": "2022-07-29", "julian_day": 210.0, "source": "UtahPP" }, "geometry": { "type": "Point", "coordinates": [ -109.2255157, 38.51336683 ] } },
{ "type": "Feature", "properties": { "year": "2022", "month": "07", "day": "29", "Bombus species": "vancouverensis/bifarius", "date": "2022-07-29", "julian_day": 210.0, "source": "UtahPP" }, "geometry": { "type": "Point", "coordinates": [ -109.2256874, 38.514072 ] } },
{ "type": "Feature", "properties": { "year": "2022", "month": "07", "day": "29", "Bombus species": "flavifrons", "date": "2022-07-29", "julian_day": 210.0, "source": "UtahPP" }, "geometry": { "type": "Point", "coordinates": [ -109.2259449, 38.5139041 ] } },
{ "type": "Feature", "properties": { "year": "2022", "month": "07", "day": "29", "Bombus species": "sylvicola", "date": "2022-07-29", "julian_day": 210.0, "source": "UtahPP" }, "geometry": { "type": "Point", "coordinates": [ -109.2260307, 38.51427347 ] } },
{ "type": "Feature", "properties": { "year": "2023", "month": "08", "day": "22", "Bombus species": "huntii", "date": "2023-08-22", "julian_day": 234.0, "source": "UtahPP" }, "geometry": { "type": "Point", "coordinates": [ -109.226312, 38.364991 ] } },
{ "type": "Feature", "properties": { "year": "2023", "month": "08", "day": "22", "Bombus species": "huntii", "date": "2023-08-22", "julian_day": 234.0, "source": "UtahPP" }, "geometry": { "type": "Point", "coordinates": [ -109.226312, 38.364991 ] } },
{ "type": "Feature", "properties": { "year": "2023", "month": "07", "day": "31", "Bombus species": "nevadensis", "date": "2023-07-31", "julian_day": 212.0, "source": "UtahPP" }, "geometry": { "type": "Point", "coordinates": [ -109.2263576, 40.59265574 ] } },
{ "type": "Feature", "properties": { "year": "2023", "month": "07", "day": "31", "Bombus species": "nevadensis", "date": "2023-07-31", "julian_day": 212.0, "source": "UtahPP" }, "geometry": { "type": "Point", "coordinates": [ -109.2264387, 40.59274229 ] } },
{ "type": "Feature", "properties": { "year": "2022", "month": "09", "day": "07", "Bombus species": "morrisoni", "date": "2022-09-07", "julian_day": 250.0, "source": "UtahPP" }, "geometry": { "type": "Point", "coordinates": [ -109.2281506, 40.5899567 ] } },
{ "type": "Feature", "properties": { "year": "2022", "month": "09", "day": "07", "Bombus species": "morrisoni", "date": "2022-09-07", "julian_day": 250.0, "source": "UtahPP" }, "geometry": { "type": "Point", "coordinates": [ -109.2282772, 40.5899387 ] } },
{ "type": "Feature", "properties": { "year": "2021", "month": "08", "day": "01", "Bombus species": "vancouverensis/bifarius", "date": "2021-08-01", "julian_day": 213.0, "source": "UtahPP" }, "geometry": { "type": "Point", "coordinates": [ -109.231, 38.48599 ] } },
{ "type": "Feature", "properties": { "year": "2021", "month": "08", "day": "01", "Bombus species": "centralis", "date": "2021-08-01", "julian_day": 213.0, "source": "UtahPP" }, "geometry": { "type": "Point", "coordinates": [ -109.232, 38.48638 ] } },
{ "type": "Feature", "properties": { "year": "2022", "month": "09", "day": "07", "Bombus species": "vancouverensis/bifarius", "date": "2022-09-07", "julian_day": 250.0, "source": "UtahPP" }, "geometry": { "type": "Point", "coordinates": [ -109.2328893, 40.5871937 ] } },
{ "type": "Feature", "properties": { "year": "2022", "month": "07", "day": "30", "Bombus species": "vancouverensis/bifarius", "date": "2022-07-30", "julian_day": 211.0, "source": "UtahPP" }, "geometry": { "type": "Point", "coordinates": [ -109.2329954, 38.48914792 ] } },
{ "type": "Feature", "properties": { "year": "2023", "month": "07", "day": "05", "Bombus species": "centralis", "date": "2023-07-05", "julian_day": 186.0, "source": "UtahPP" }, "geometry": { "type": "Point", "coordinates": [ -109.2331915, 40.571901 ] } },
{ "type": "Feature", "properties": { "year": "2022", "month": "07", "day": "30", "Bombus species": "appositus", "date": "2022-07-30", "julian_day": 211.0, "source": "UtahPP" }, "geometry": { "type": "Point", "coordinates": [ -109.2333649, 38.48992746 ] } },
{ "type": "Feature", "properties": { "year": "2022", "month": "08", "day": "04", "Bombus species": "vancouverensis/bifarius", "date": "2022-08-04", "julian_day": 216.0, "source": "UtahPP" }, "geometry": { "type": "Point", "coordinates": [ -109.2336074, 38.48880569 ] } },
{ "type": "Feature", "properties": { "year": "2022", "month": "07", "day": "30", "Bombus species": "vancouverensis/bifarius", "date": "2022-07-30", "julian_day": 211.0, "source": "UtahPP" }, "geometry": { "type": "Point", "coordinates": [ -109.23364, 38.48917 ] } },
{ "type": "Feature", "properties": { "year": "2022", "month": "07", "day": "30", "Bombus species": "nevadensis", "date": "2022-07-30", "julian_day": 211.0, "source": "UtahPP" }, "geometry": { "type": "Point", "coordinates": [ -109.23364, 38.48917 ] } },
{ "type": "Feature", "properties": { "year": "2022", "month": "07", "day": "30", "Bombus species": "sylvicola", "date": "2022-07-30", "julian_day": 211.0, "source": "UtahPP" }, "geometry": { "type": "Point", "coordinates": [ -109.2336599, 38.48861158 ] } },
{ "type": "Feature", "properties": { "year": "2022", "month": "07", "day": "30", "Bombus species": "flavifrons", "date": "2022-07-30", "julian_day": 211.0, "source": "UtahPP" }, "geometry": { "type": "Point", "coordinates": [ -109.2339708, 38.48994473 ] } },
{ "type": "Feature", "properties": { "year": "2022", "month": "07", "day": "30", "Bombus species": "nevadensis", "date": "2022-07-30", "julian_day": 211.0, "source": "UtahPP" }, "geometry": { "type": "Point", "coordinates": [ -109.2341871, 38.48870025 ] } },
{ "type": "Feature", "properties": { "year": "2023", "month": "07", "day": "31", "Bombus species": "griseocollis", "date": "2023-07-31", "julian_day": 212.0, "source": "UtahPP" }, "geometry": { "type": "Point", "coordinates": [ -109.2351022, 40.58798857 ] } },
{ "type": "Feature", "properties": { "year": "2023", "month": "07", "day": "31", "Bombus species": "nevadensis", "date": "2023-07-31", "julian_day": 212.0, "source": "UtahPP" }, "geometry": { "type": "Point", "coordinates": [ -109.2351233, 40.58800359 ] } },
{ "type": "Feature", "properties": { "year": "2022", "month": "07", "day": "18", "Bombus species": "huntii", "date": "2022-07-18", "julian_day": 199.0, "source": "UtahPP" }, "geometry": { "type": "Point", "coordinates": [ -109.2354568, 40.58438991 ] } },
{ "type": "Feature", "properties": { "year": "2023", "month": "07", "day": "24", "Bombus species": "griseocollis", "date": "2023-07-24", "julian_day": 205.0, "source": "UtahPP" }, "geometry": { "type": "Point", "coordinates": [ -109.2354648, 40.58479583 ] } },
{ "type": "Feature", "properties": { "year": "2023", "month": "07", "day": "31", "Bombus species": "morrisoni", "date": "2023-07-31", "julian_day": 212.0, "source": "UtahPP" }, "geometry": { "type": "Point", "coordinates": [ -109.2354658, 40.58455489 ] } },
{ "type": "Feature", "properties": { "year": "2023", "month": "07", "day": "12", "Bombus species": "nevadensis", "date": "2023-07-12", "julian_day": 193.0, "source": "UtahPP" }, "geometry": { "type": "Point", "coordinates": [ -109.2355229, 40.58434181 ] } },
{ "type": "Feature", "properties": { "year": "2021", "month": "07", "day": "12", "Bombus species": "fervidus", "date": "2021-07-12", "julian_day": 193.0, "source": "UtahPP" }, "geometry": { "type": "Point", "coordinates": [ -109.24, 40.59475 ] } },
{ "type": "Feature", "properties": { "year": "2021", "month": "07", "day": "28", "Bombus species": "morrisoni", "date": "2021-07-28", "julian_day": 209.0, "source": "UtahPP" }, "geometry": { "type": "Point", "coordinates": [ -109.24, 40.59463 ] } },
{ "type": "Feature", "properties": { "year": "2023", "month": "07", "day": "31", "Bombus species": "griseocollis", "date": "2023-07-31", "julian_day": 212.0, "source": "UtahPP" }, "geometry": { "type": "Point", "coordinates": [ -109.2400844, 40.59457053 ] } },
{ "type": "Feature", "properties": { "year": "2023", "month": "07", "day": "31", "Bombus species": "vancouverensis/bifarius", "date": "2023-07-31", "julian_day": 212.0, "source": "UtahPP" }, "geometry": { "type": "Point", "coordinates": [ -109.2401057, 40.59459529 ] } },
{ "type": "Feature", "properties": { "year": "2023", "month": "07", "day": "31", "Bombus species": "griseocollis", "date": "2023-07-31", "julian_day": 212.0, "source": "UtahPP" }, "geometry": { "type": "Point", "coordinates": [ -109.2403706, 40.59472529 ] } },
{ "type": "Feature", "properties": { "year": "2022", "month": "07", "day": "18", "Bombus species": "griseocollis", "date": "2022-07-18", "julian_day": 199.0, "source": "UtahPP" }, "geometry": { "type": "Point", "coordinates": [ -109.2403713, 40.59472202 ] } },
{ "type": "Feature", "properties": { "year": "2023", "month": "07", "day": "31", "Bombus species": "huntii", "date": "2023-07-31", "julian_day": 212.0, "source": "UtahPP" }, "geometry": { "type": "Point", "coordinates": [ -109.2403784, 40.59472252 ] } },
{ "type": "Feature", "properties": { "year": "2023", "month": "07", "day": "31", "Bombus species": "morrisoni", "date": "2023-07-31", "julian_day": 212.0, "source": "UtahPP" }, "geometry": { "type": "Point", "coordinates": [ -109.2403927, 40.5947689 ] } },
{ "type": "Feature", "properties": { "year": "2023", "month": "07", "day": "31", "Bombus species": "huntii", "date": "2023-07-31", "julian_day": 212.0, "source": "UtahPP" }, "geometry": { "type": "Point", "coordinates": [ -109.2404413, 40.59417421 ] } },
{ "type": "Feature", "properties": { "year": "2021", "month": "07", "day": "28", "Bombus species": "griseocollis", "date": "2021-07-28", "julian_day": 209.0, "source": "UtahPP" }, "geometry": { "type": "Point", "coordinates": [ -109.241, 40.59499 ] } },
{ "type": "Feature", "properties": { "year": "2021", "month": "07", "day": "28", "Bombus species": "flavifrons", "date": "2021-07-28", "julian_day": 209.0, "source": "UtahPP" }, "geometry": { "type": "Point", "coordinates": [ -109.2507655, 38.41972563 ] } },
{ "type": "Feature", "properties": { "year": "2022", "month": "07", "day": "28", "Bombus species": "morrisoni", "date": "2022-07-28", "julian_day": 209.0, "source": "UtahPP" }, "geometry": { "type": "Point", "coordinates": [ -109.2508365, 38.42024078 ] } },
{ "type": "Feature", "properties": { "year": "2022", "month": "08", "day": "09", "Bombus species": "morrisoni", "date": "2022-08-09", "julian_day": 221.0, "source": "UtahPP" }, "geometry": { "type": "Point", "coordinates": [ -109.2509417, 38.41994809 ] } },
{ "type": "Feature", "properties": { "year": "2022", "month": "07", "day": "28", "Bombus species": "flavifrons", "date": "2022-07-28", "julian_day": 209.0, "source": "UtahPP" }, "geometry": { "type": "Point", "coordinates": [ -109.25096, 38.420912 ] } },
{ "type": "Feature", "properties": { "year": "2022", "month": "07", "day": "28", "Bombus species": "appositus", "date": "2022-07-28", "julian_day": 209.0, "source": "UtahPP" }, "geometry": { "type": "Point", "coordinates": [ -109.250965, 38.42091 ] } },
{ "type": "Feature", "properties": { "year": "2022", "month": "07", "day": "28", "Bombus species": "flavifrons", "date": "2022-07-28", "julian_day": 209.0, "source": "UtahPP" }, "geometry": { "type": "Point", "coordinates": [ -109.250965, 38.42091 ] } },
{ "type": "Feature", "properties": { "year": "2022", "month": "08", "day": "02", "Bombus species": "appositus", "date": "2022-08-02", "julian_day": 214.0, "source": "UtahPP" }, "geometry": { "type": "Point", "coordinates": [ -109.2509838, 38.4198579 ] } },
{ "type": "Feature", "properties": { "year": "2022", "month": "07", "day": "28", "Bombus species": "flavifrons", "date": "2022-07-28", "julian_day": 209.0, "source": "UtahPP" }, "geometry": { "type": "Point", "coordinates": [ -109.2510798, 38.41950162 ] } },
{ "type": "Feature", "properties": { "year": "2022", "month": "07", "day": "28", "Bombus species": "flavifrons", "date": "2022-07-28", "julian_day": 209.0, "source": "UtahPP" }, "geometry": { "type": "Point", "coordinates": [ -109.2511301, 38.42093763 ] } },
{ "type": "Feature", "properties": { "year": "2022", "month": "07", "day": "28", "Bombus species": "nevadensis", "date": "2022-07-28", "julian_day": 209.0, "source": "UtahPP" }, "geometry": { "type": "Point", "coordinates": [ -109.2511377, 38.41993268 ] } },
{ "type": "Feature", "properties": { "year": "2021", "month": "07", "day": "28", "Bombus species": "morrisoni", "date": "2021-07-28", "julian_day": 209.0, "source": "UtahPP" }, "geometry": { "type": "Point", "coordinates": [ -109.2512543, 38.42051105 ] } },
{ "type": "Feature", "properties": { "year": "2022", "month": "07", "day": "28", "Bombus species": "flavifrons", "date": "2022-07-28", "julian_day": 209.0, "source": "UtahPP" }, "geometry": { "type": "Point", "coordinates": [ -109.2512558, 38.4191764 ] } },
{ "type": "Feature", "properties": { "year": "2022", "month": "07", "day": "28", "Bombus species": "nevadensis", "date": "2022-07-28", "julian_day": 209.0, "source": "UtahPP" }, "geometry": { "type": "Point", "coordinates": [ -109.2512593, 38.42021697 ] } },
{ "type": "Feature", "properties": { "year": "2022", "month": "08", "day": "09", "Bombus species": "flavifrons", "date": "2022-08-09", "julian_day": 221.0, "source": "UtahPP" }, "geometry": { "type": "Point", "coordinates": [ -109.2513197, 38.41976944 ] } },
{ "type": "Feature", "properties": { "year": "2022", "month": "07", "day": "28", "Bombus species": "appositus", "date": "2022-07-28", "julian_day": 209.0, "source": "UtahPP" }, "geometry": { "type": "Point", "coordinates": [ -109.2515962, 38.42057355 ] } },
{ "type": "Feature", "properties": { "year": "2022", "month": "07", "day": "28", "Bombus species": "flavifrons", "date": "2022-07-28", "julian_day": 209.0, "source": "UtahPP" }, "geometry": { "type": "Point", "coordinates": [ -109.2517283, 38.42061559 ] } },
{ "type": "Feature", "properties": { "year": "2022", "month": "07", "day": "28", "Bombus species": "flavifrons", "date": "2022-07-28", "julian_day": 209.0, "source": "UtahPP" }, "geometry": { "type": "Point", "coordinates": [ -109.2517306, 38.42020519 ] } },
{ "type": "Feature", "properties": { "year": "2022", "month": "07", "day": "28", "Bombus species": "appositus", "date": "2022-07-28", "julian_day": 209.0, "source": "UtahPP" }, "geometry": { "type": "Point", "coordinates": [ -109.251845, 38.42054 ] } },
{ "type": "Feature", "properties": { "year": "2022", "month": "07", "day": "28", "Bombus species": "flavifrons", "date": "2022-07-28", "julian_day": 209.0, "source": "UtahPP" }, "geometry": { "type": "Point", "coordinates": [ -109.2518703, 38.42037062 ] } },
{ "type": "Feature", "properties": { "year": "2022", "month": "07", "day": "28", "Bombus species": "flavifrons", "date": "2022-07-28", "julian_day": 209.0, "source": "UtahPP" }, "geometry": { "type": "Point", "coordinates": [ -109.2519343, 38.42031214 ] } },
{ "type": "Feature", "properties": { "year": "2022", "month": "07", "day": "28", "Bombus species": "appositus", "date": "2022-07-28", "julian_day": 209.0, "source": "UtahPP" }, "geometry": { "type": "Point", "coordinates": [ -109.2520472, 38.42036505 ] } },
{ "type": "Feature", "properties": { "year": "2022", "month": "07", "day": "28", "Bombus species": "appositus", "date": "2022-07-28", "julian_day": 209.0, "source": "UtahPP" }, "geometry": { "type": "Point", "coordinates": [ -109.25206, 38.41943 ] } },
{ "type": "Feature", "properties": { "year": "2022", "month": "07", "day": "28", "Bombus species": "flavifrons", "date": "2022-07-28", "julian_day": 209.0, "source": "UtahPP" }, "geometry": { "type": "Point", "coordinates": [ -109.252091, 38.4203569 ] } },
{ "type": "Feature", "properties": { "year": "2022", "month": "07", "day": "28", "Bombus species": "appositus", "date": "2022-07-28", "julian_day": 209.0, "source": "UtahPP" }, "geometry": { "type": "Point", "coordinates": [ -109.252174, 38.42087 ] } },
{ "type": "Feature", "properties": { "year": "2022", "month": "07", "day": "28", "Bombus species": "fervidus", "date": "2022-07-28", "julian_day": 209.0, "source": "UtahPP" }, "geometry": { "type": "Point", "coordinates": [ -109.252174, 38.42087 ] } },
{ "type": "Feature", "properties": { "year": "2022", "month": "07", "day": "28", "Bombus species": "vancouverensis/bifarius", "date": "2022-07-28", "julian_day": 209.0, "source": "UtahPP" }, "geometry": { "type": "Point", "coordinates": [ -109.252328, 38.42119 ] } },
{ "type": "Feature", "properties": { "year": "2022", "month": "07", "day": "28", "Bombus species": "flavifrons", "date": "2022-07-28", "julian_day": 209.0, "source": "UtahPP" }, "geometry": { "type": "Point", "coordinates": [ -109.252328, 38.59421 ] } },
{ "type": "Feature", "properties": { "year": "2022", "month": "07", "day": "28", "Bombus species": "vancouverensis/bifarius", "date": "2022-07-28", "julian_day": 209.0, "source": "UtahPP" }, "geometry": { "type": "Point", "coordinates": [ -109.252585, 38.4213 ] } },
{ "type": "Feature", "properties": { "year": "2023", "month": "05", "day": "04", "Bombus species": "nevadensis", "date": "2023-05-04", "julian_day": 124.0, "source": "UtahPP" }, "geometry": { "type": "Point", "coordinates": [ -109.2638251, 40.43529919 ] } },
{ "type": "Feature", "properties": { "year": "2022", "month": "07", "day": "29", "Bombus species": "appositus", "date": "2022-07-29", "julian_day": 210.0, "source": "UtahPP" }, "geometry": { "type": "Point", "coordinates": [ -109.2786053, 38.47701 ] } },
{ "type": "Feature", "properties": { "year": "2022", "month": "07", "day": "29", "Bombus species": "appositus", "date": "2022-07-29", "julian_day": 210.0, "source": "UtahPP" }, "geometry": { "type": "Point", "coordinates": [ -109.2786053, 38.477012 ] } },
{ "type": "Feature", "properties": { "year": "2022", "month": "07", "day": "29", "Bombus species": "vancouverensis/bifarius", "date": "2022-07-29", "julian_day": 210.0, "source": "UtahPP" }, "geometry": { "type": "Point", "coordinates": [ -109.2786053, 38.47701 ] } },
{ "type": "Feature", "properties": { "year": "2022", "month": "07", "day": "29", "Bombus species": "vancouverensis/bifarius", "date": "2022-07-29", "julian_day": 210.0, "source": "UtahPP" }, "geometry": { "type": "Point", "coordinates": [ -109.2786053, 38.47701 ] } },
{ "type": "Feature", "properties": { "year": "2022", "month": "07", "day": "29", "Bombus species": "flavifrons", "date": "2022-07-29", "julian_day": 210.0, "source": "UtahPP" }, "geometry": { "type": "Point", "coordinates": [ -109.2786053, 38.47701 ] } },
{ "type": "Feature", "properties": { "year": "2022", "month": "07", "day": "29", "Bombus species": "occidentalis", "date": "2022-07-29", "julian_day": 210.0, "source": "UtahPP" }, "geometry": { "type": "Point", "coordinates": [ -109.2786053, 38.47701 ] } },
{ "type": "Feature", "properties": { "year": "2022", "month": "07", "day": "29", "Bombus species": "sylvicola", "date": "2022-07-29", "julian_day": 210.0, "source": "UtahPP" }, "geometry": { "type": "Point", "coordinates": [ -109.2786053, 38.47701 ] } },
{ "type": "Feature", "properties": { "year": "2022", "month": "07", "day": "29", "Bombus species": "sylvicola", "date": "2022-07-29", "julian_day": 210.0, "source": "UtahPP" }, "geometry": { "type": "Point", "coordinates": [ -109.2786053, 38.47701 ] } },
{ "type": "Feature", "properties": { "year": "2022", "month": "07", "day": "30", "Bombus species": "occidentalis", "date": "2022-07-30", "julian_day": 211.0, "source": "UtahPP" }, "geometry": { "type": "Point", "coordinates": [ -109.2786053, 38.477012 ] } },
{ "type": "Feature", "properties": { "year": "2022", "month": "08", "day": "02", "Bombus species": "flavifrons", "date": "2022-08-02", "julian_day": 214.0, "source": "UtahPP" }, "geometry": { "type": "Point", "coordinates": [ -109.2786053, 38.477012 ] } },
{ "type": "Feature", "properties": { "year": "2022", "month": "07", "day": "29", "Bombus species": "appositus", "date": "2022-07-29", "julian_day": 210.0, "source": "UtahPP" }, "geometry": { "type": "Point", "coordinates": [ -109.2786361, 38.47701757 ] } },
{ "type": "Feature", "properties": { "year": "2022", "month": "07", "day": "30", "Bombus species": "appositus", "date": "2022-07-30", "julian_day": 211.0, "source": "UtahPP" }, "geometry": { "type": "Point", "coordinates": [ -109.2788227, 38.47696812 ] } },
{ "type": "Feature", "properties": { "year": "2023", "month": "05", "day": "17", "Bombus species": "huntii", "date": "2023-05-17", "julian_day": 137.0, "source": "UtahPP" }, "geometry": { "type": "Point", "coordinates": [ -109.3125903, 40.91095472 ] } },
{ "type": "Feature", "properties": { "year": "2022", "month": "09", "day": "09", "Bombus species": "vancouverensis/bifarius", "date": "2022-09-09", "julian_day": 252.0, "source": "UtahPP" }, "geometry": { "type": "Point", "coordinates": [ -109.3136356, 40.91101611 ] } },
{ "type": "Feature", "properties": { "year": "2022", "month": "09", "day": "09", "Bombus species": "griseocollis", "date": "2022-09-09", "julian_day": 252.0, "source": "UtahPP" }, "geometry": { "type": "Point", "coordinates": [ -109.3136356, 40.91101611 ] } },
{ "type": "Feature", "properties": { "year": "2023", "month": "09", "day": "14", "Bombus species": "vancouverensis/bifarius", "date": "2023-09-14", "julian_day": 257.0, "source": "UtahPP" }, "geometry": { "type": "Point", "coordinates": [ -109.3141018, 40.91136251 ] } },
{ "type": "Feature", "properties": { "year": "2023", "month": "07", "day": "27", "Bombus species": "morrisoni", "date": "2023-07-27", "julian_day": 208.0, "source": "UtahPP" }, "geometry": { "type": "Point", "coordinates": [ -109.3166285, 40.91073582 ] } },
{ "type": "Feature", "properties": { "year": "2022", "month": "07", "day": "27", "Bombus species": "nevadensis", "date": "2022-07-27", "julian_day": 208.0, "source": "UtahPP" }, "geometry": { "type": "Point", "coordinates": [ -109.319388, 40.90876031 ] } },
{ "type": "Feature", "properties": { "year": "2023", "month": "07", "day": "27", "Bombus species": "griseocollis", "date": "2023-07-27", "julian_day": 208.0, "source": "UtahPP" }, "geometry": { "type": "Point", "coordinates": [ -109.3216425, 40.90820776 ] } },
{ "type": "Feature", "properties": { "year": "2023", "month": "07", "day": "27", "Bombus species": "huntii", "date": "2023-07-27", "julian_day": 208.0, "source": "UtahPP" }, "geometry": { "type": "Point", "coordinates": [ -109.3225573, 40.90814176 ] } },
{ "type": "Feature", "properties": { "year": "2023", "month": "07", "day": "27", "Bombus species": "nevadensis", "date": "2023-07-27", "julian_day": 208.0, "source": "UtahPP" }, "geometry": { "type": "Point", "coordinates": [ -109.3247104, 40.90921927 ] } },
{ "type": "Feature", "properties": { "year": "2023", "month": "05", "day": "03", "Bombus species": "huntii", "date": "2023-05-03", "julian_day": 123.0, "source": "UtahPP" }, "geometry": { "type": "Point", "coordinates": [ -109.3254369, 40.90981645 ] } },
{ "type": "Feature", "properties": { "year": "2023", "month": "05", "day": "03", "Bombus species": "fervidus", "date": "2023-05-03", "julian_day": 123.0, "source": "UtahPP" }, "geometry": { "type": "Point", "coordinates": [ -109.3254817, 40.90981122 ] } },
{ "type": "Feature", "properties": { "year": "2023", "month": "08", "day": "15", "Bombus species": "huntii", "date": "2023-08-15", "julian_day": 227.0, "source": "UtahPP" }, "geometry": { "type": "Point", "coordinates": [ -109.3286134, 40.91162058 ] } },
{ "type": "Feature", "properties": { "year": "2023", "month": "08", "day": "15", "Bombus species": "fervidus", "date": "2023-08-15", "julian_day": 227.0, "source": "UtahPP" }, "geometry": { "type": "Point", "coordinates": [ -109.3286247, 40.91162106 ] } },
{ "type": "Feature", "properties": { "year": "2023", "month": "05", "day": "06", "Bombus species": "huntii", "date": "2023-05-06", "julian_day": 126.0, "source": "UtahPP" }, "geometry": { "type": "Point", "coordinates": [ -109.3459769, 40.35566268 ] } },
{ "type": "Feature", "properties": { "year": "2020", "month": "08", "day": "11", "Bombus species": "griseocollis", "date": "2020-08-11", "julian_day": 224.0, "source": "UtahPP" }, "geometry": { "type": "Point", "coordinates": [ -109.3483062, 40.35467541 ] } },
{ "type": "Feature", "properties": { "year": "2023", "month": "06", "day": "14", "Bombus species": "fervidus", "date": "2023-06-14", "julian_day": 165.0, "source": "UtahPP" }, "geometry": { "type": "Point", "coordinates": [ -109.35375, 40.349556 ] } },
{ "type": "Feature", "properties": { "year": "2023", "month": "07", "day": "27", "Bombus species": "nevadensis", "date": "2023-07-27", "julian_day": 208.0, "source": "UtahPP" }, "geometry": { "type": "Point", "coordinates": [ -109.3547056, 40.9222394 ] } },
{ "type": "Feature", "properties": { "year": "2023", "month": "07", "day": "27", "Bombus species": "huntii", "date": "2023-07-27", "julian_day": 208.0, "source": "UtahPP" }, "geometry": { "type": "Point", "coordinates": [ -109.3547365, 40.9222255 ] } },
{ "type": "Feature", "properties": { "year": "2023", "month": "09", "day": "14", "Bombus species": "griseocollis", "date": "2023-09-14", "julian_day": 257.0, "source": "UtahPP" }, "geometry": { "type": "Point", "coordinates": [ -109.3547974, 40.92210338 ] } },
{ "type": "Feature", "properties": { "year": "2023", "month": "09", "day": "14", "Bombus species": "huntii", "date": "2023-09-14", "julian_day": 257.0, "source": "UtahPP" }, "geometry": { "type": "Point", "coordinates": [ -109.354804, 40.92210566 ] } },
{ "type": "Feature", "properties": { "year": "2023", "month": "09", "day": "14", "Bombus species": "vancouverensis/bifarius", "date": "2023-09-14", "julian_day": 257.0, "source": "UtahPP" }, "geometry": { "type": "Point", "coordinates": [ -109.3548074, 40.92211278 ] } },
{ "type": "Feature", "properties": { "year": "2023", "month": "08", "day": "15", "Bombus species": "huntii", "date": "2023-08-15", "julian_day": 227.0, "source": "UtahPP" }, "geometry": { "type": "Point", "coordinates": [ -109.3556711, 40.92235985 ] } },
{ "type": "Feature", "properties": { "year": "2023", "month": "08", "day": "15", "Bombus species": "griseocollis", "date": "2023-08-15", "julian_day": 227.0, "source": "UtahPP" }, "geometry": { "type": "Point", "coordinates": [ -109.3557319, 40.92231646 ] } },
{ "type": "Feature", "properties": { "year": "2023", "month": "07", "day": "27", "Bombus species": "griseocollis", "date": "2023-07-27", "julian_day": 208.0, "source": "UtahPP" }, "geometry": { "type": "Point", "coordinates": [ -109.3557952, 40.92250199 ] } },
{ "type": "Feature", "properties": { "year": "2023", "month": "08", "day": "31", "Bombus species": "huntii", "date": "2023-08-31", "julian_day": 243.0, "source": "UtahPP" }, "geometry": { "type": "Point", "coordinates": [ -109.3561005, 40.92268745 ] } },
{ "type": "Feature", "properties": { "year": "2023", "month": "06", "day": "14", "Bombus species": "nevadensis", "date": "2023-06-14", "julian_day": 165.0, "source": "UtahPP" }, "geometry": { "type": "Point", "coordinates": [ -109.3584694, 40.353837 ] } },
{ "type": "Feature", "properties": { "year": "2022", "month": "09", "day": "06", "Bombus species": "nevadensis", "date": "2022-09-06", "julian_day": 249.0, "source": "UtahPP" }, "geometry": { "type": "Point", "coordinates": [ -109.3603546, 40.34666219 ] } },
{ "type": "Feature", "properties": { "year": "2022", "month": "09", "day": "06", "Bombus species": "griseocollis", "date": "2022-09-06", "julian_day": 249.0, "source": "UtahPP" }, "geometry": { "type": "Point", "coordinates": [ -109.3613459, 40.34639092 ] } },
{ "type": "Feature", "properties": { "year": "2023", "month": "08", "day": "09", "Bombus species": "occidentalis", "date": "2023-08-09", "julian_day": 221.0, "source": "UtahPP" }, "geometry": { "type": "Point", "coordinates": [ -109.4264006, 40.83085056 ] } },
{ "type": "Feature", "properties": { "year": "2023", "month": "08", "day": "09", "Bombus species": "centralis", "date": "2023-08-09", "julian_day": 221.0, "source": "UtahPP" }, "geometry": { "type": "Point", "coordinates": [ -109.4264106, 40.83070654 ] } },
{ "type": "Feature", "properties": { "year": "2023", "month": "08", "day": "09", "Bombus species": "appositus", "date": "2023-08-09", "julian_day": 221.0, "source": "UtahPP" }, "geometry": { "type": "Point", "coordinates": [ -109.4264768, 40.83076886 ] } },
{ "type": "Feature", "properties": { "year": "2023", "month": "06", "day": "06", "Bombus species": "centralis", "date": "2023-06-06", "julian_day": 157.0, "source": "UtahPP" }, "geometry": { "type": "Point", "coordinates": [ -109.4306629, 40.82833179 ] } },
{ "type": "Feature", "properties": { "year": "2023", "month": "06", "day": "06", "Bombus species": "occidentalis", "date": "2023-06-06", "julian_day": 157.0, "source": "UtahPP" }, "geometry": { "type": "Point", "coordinates": [ -109.4308243, 40.82841088 ] } },
{ "type": "Feature", "properties": { "year": "2023", "month": "05", "day": "23", "Bombus species": "huntii", "date": "2023-05-23", "julian_day": 143.0, "source": "UtahPP" }, "geometry": { "type": "Point", "coordinates": [ -109.4668954, 40.96809449 ] } },
{ "type": "Feature", "properties": { "year": "2022", "month": "09", "day": "17", "Bombus species": "pensylvanicus", "date": "2022-09-17", "julian_day": 260.0, "source": "UtahPP" }, "geometry": { "type": "Point", "coordinates": [ -109.4780295, 38.56279685 ] } },
{ "type": "Feature", "properties": { "year": "2023", "month": "07", "day": "29", "Bombus species": "griseocollis", "date": "2023-07-29", "julian_day": 210.0, "source": "UtahPP" }, "geometry": { "type": "Point", "coordinates": [ -109.4866577, 40.64077194 ] } },
{ "type": "Feature", "properties": { "year": "2022", "month": "08", "day": "11", "Bombus species": "griseocollis", "date": "2022-08-11", "julian_day": 223.0, "source": "UtahPP" }, "geometry": { "type": "Point", "coordinates": [ -109.5012427, 40.61085516 ] } },
{ "type": "Feature", "properties": { "year": "2022", "month": "08", "day": "11", "Bombus species": "morrisoni", "date": "2022-08-11", "julian_day": 223.0, "source": "UtahPP" }, "geometry": { "type": "Point", "coordinates": [ -109.5012427, 40.61085516 ] } },
{ "type": "Feature", "properties": { "year": "2023", "month": "06", "day": "01", "Bombus species": "vancouverensis/bifarius", "date": "2023-06-01", "julian_day": 152.0, "source": "UtahPP" }, "geometry": { "type": "Point", "coordinates": [ -109.5112098, 40.66806664 ] } },
{ "type": "Feature", "properties": { "year": "2023", "month": "09", "day": "04", "Bombus species": "morrisoni", "date": "2023-09-04", "julian_day": 247.0, "source": "UtahPP" }, "geometry": { "type": "Point", "coordinates": [ -109.5159767, 40.55524684 ] } },
{ "type": "Feature", "properties": { "year": "2022", "month": "05", "day": "01", "Bombus species": "huntii", "date": "2022-05-01", "julian_day": 121.0, "source": "UtahPP" }, "geometry": { "type": "Point", "coordinates": [ -109.5176204, 40.41893704 ] } },
{ "type": "Feature", "properties": { "year": "2022", "month": "06", "day": "19", "Bombus species": "griseocollis", "date": "2022-06-19", "julian_day": 170.0, "source": "UtahPP" }, "geometry": { "type": "Point", "coordinates": [ -109.5178262, 40.41880364 ] } },
{ "type": "Feature", "properties": { "year": "2023", "month": "07", "day": "29", "Bombus species": "occidentalis", "date": "2023-07-29", "julian_day": 210.0, "source": "UtahPP" }, "geometry": { "type": "Point", "coordinates": [ -109.5178482, 40.41871242 ] } },
{ "type": "Feature", "properties": { "year": "2021", "month": "08", "day": "01", "Bombus species": "huntii", "date": "2021-08-01", "julian_day": 213.0, "source": "UtahPP" }, "geometry": { "type": "Point", "coordinates": [ -109.518, 40.41889 ] } },
{ "type": "Feature", "properties": { "year": "2022", "month": "05", "day": "13", "Bombus species": "huntii", "date": "2022-05-13", "julian_day": 133.0, "source": "UtahPP" }, "geometry": { "type": "Point", "coordinates": [ -109.5182861, 40.41899106 ] } },
{ "type": "Feature", "properties": { "year": "2020", "month": "07", "day": "24", "Bombus species": "fervidus", "date": "2020-07-24", "julian_day": 206.0, "source": "UtahPP" }, "geometry": { "type": "Point", "coordinates": [ -109.5358801, 40.45129922 ] } },
{ "type": "Feature", "properties": { "year": "2023", "month": "07", "day": "29", "Bombus species": "occidentalis", "date": "2023-07-29", "julian_day": 210.0, "source": "UtahPP" }, "geometry": { "type": "Point", "coordinates": [ -109.5403978, 40.87322794 ] } },
{ "type": "Feature", "properties": { "year": "2023", "month": "07", "day": "29", "Bombus species": "occidentalis", "date": "2023-07-29", "julian_day": 210.0, "source": "UtahPP" }, "geometry": { "type": "Point", "coordinates": [ -109.5406482, 40.87318815 ] } },
{ "type": "Feature", "properties": { "year": "2023", "month": "08", "day": "02", "Bombus species": "occidentalis", "date": "2023-08-02", "julian_day": 214.0, "source": "UtahPP" }, "geometry": { "type": "Point", "coordinates": [ -109.5409068, 40.87342715 ] } },
{ "type": "Feature", "properties": { "year": "2022", "month": "08", "day": "22", "Bombus species": "huntii", "date": "2022-08-22", "julian_day": 234.0, "source": "UtahPP" }, "geometry": { "type": "Point", "coordinates": [ -109.541033, 40.87338043 ] } },
{ "type": "Feature", "properties": { "year": "2023", "month": "07", "day": "15", "Bombus species": "huntii", "date": "2023-07-15", "julian_day": 196.0, "source": "UtahPP" }, "geometry": { "type": "Point", "coordinates": [ -109.5422436, 40.51301727 ] } },
{ "type": "Feature", "properties": { "year": "2023", "month": "07", "day": "15", "Bombus species": "nevadensis", "date": "2023-07-15", "julian_day": 196.0, "source": "UtahPP" }, "geometry": { "type": "Point", "coordinates": [ -109.5428648, 40.51255188 ] } },
{ "type": "Feature", "properties": { "year": "2023", "month": "07", "day": "15", "Bombus species": "griseocollis", "date": "2023-07-15", "julian_day": 196.0, "source": "UtahPP" }, "geometry": { "type": "Point", "coordinates": [ -109.5482327, 40.43336176 ] } },
{ "type": "Feature", "properties": { "year": "2022", "month": "09", "day": "23", "Bombus species": "pensylvanicus", "date": "2022-09-23", "julian_day": 266.0, "source": "UtahPP" }, "geometry": { "type": "Point", "coordinates": [ -109.54921, 38.57327 ] } },
{ "type": "Feature", "properties": { "year": "2022", "month": "09", "day": "23", "Bombus species": "pensylvanicus", "date": "2022-09-23", "julian_day": 266.0, "source": "UtahPP" }, "geometry": { "type": "Point", "coordinates": [ -109.54921, 38.57327 ] } },
{ "type": "Feature", "properties": { "year": "2022", "month": "09", "day": "26", "Bombus species": "pensylvanicus", "date": "2022-09-26", "julian_day": 269.0, "source": "UtahPP" }, "geometry": { "type": "Point", "coordinates": [ -109.54921, 38.57327 ] } },
{ "type": "Feature", "properties": { "year": "2023", "month": "08", "day": "25", "Bombus species": "pensylvanicus", "date": "2023-08-25", "julian_day": 237.0, "source": "UtahPP" }, "geometry": { "type": "Point", "coordinates": [ -109.550508, 38.573045 ] } },
{ "type": "Feature", "properties": { "year": "2023", "month": "08", "day": "25", "Bombus species": "pensylvanicus", "date": "2023-08-25", "julian_day": 237.0, "source": "UtahPP" }, "geometry": { "type": "Point", "coordinates": [ -109.550508, 38.573045 ] } },
{ "type": "Feature", "properties": { "year": "2023", "month": "08", "day": "25", "Bombus species": "pensylvanicus", "date": "2023-08-25", "julian_day": 237.0, "source": "UtahPP" }, "geometry": { "type": "Point", "coordinates": [ -109.55054, 38.57302104 ] } },
{ "type": "Feature", "properties": { "year": "2023", "month": "06", "day": "01", "Bombus species": "huntii", "date": "2023-06-01", "julian_day": 152.0, "source": "UtahPP" }, "geometry": { "type": "Point", "coordinates": [ -109.5596116, 40.39055783 ] } },
{ "type": "Feature", "properties": { "year": "2023", "month": "07", "day": "26", "Bombus species": "vancouverensis/bifarius", "date": "2023-07-26", "julian_day": 207.0, "source": "UtahPP" }, "geometry": { "type": "Point", "coordinates": [ -109.5618412, 40.653085 ] } },
{ "type": "Feature", "properties": { "year": "2023", "month": "07", "day": "26", "Bombus species": "vancouverensis/bifarius", "date": "2023-07-26", "julian_day": 207.0, "source": "UtahPP" }, "geometry": { "type": "Point", "coordinates": [ -109.564727, 40.652716 ] } },
{ "type": "Feature", "properties": { "year": "2023", "month": "07", "day": "26", "Bombus species": "huntii", "date": "2023-07-26", "julian_day": 207.0, "source": "UtahPP" }, "geometry": { "type": "Point", "coordinates": [ -109.564727, 40.652716 ] } },
{ "type": "Feature", "properties": { "year": "2023", "month": "07", "day": "26", "Bombus species": "occidentalis", "date": "2023-07-26", "julian_day": 207.0, "source": "UtahPP" }, "geometry": { "type": "Point", "coordinates": [ -109.564727, 40.652716 ] } },
{ "type": "Feature", "properties": { "year": "2023", "month": "07", "day": "19", "Bombus species": "huntii", "date": "2023-07-19", "julian_day": 200.0, "source": "UtahPP" }, "geometry": { "type": "Point", "coordinates": [ -109.5694604, 40.56125537 ] } },
{ "type": "Feature", "properties": { "year": "2023", "month": "07", "day": "19", "Bombus species": "morrisoni", "date": "2023-07-19", "julian_day": 200.0, "source": "UtahPP" }, "geometry": { "type": "Point", "coordinates": [ -109.5695101, 40.56118375 ] } },
{ "type": "Feature", "properties": { "year": "2022", "month": "07", "day": "11", "Bombus species": "centralis", "date": "2022-07-11", "julian_day": 192.0, "source": "UtahPP" }, "geometry": { "type": "Point", "coordinates": [ -109.577722, 40.8626338 ] } },
{ "type": "Feature", "properties": { "year": "2020", "month": "06", "day": "28", "Bombus species": "morrisoni", "date": "2020-06-28", "julian_day": 180.0, "source": "UtahPP" }, "geometry": { "type": "Point", "coordinates": [ -109.5792029, 38.60986438 ] } },
{ "type": "Feature", "properties": { "year": "2022", "month": "08", "day": "03", "Bombus species": "huntii", "date": "2022-08-03", "julian_day": 215.0, "source": "UtahPP" }, "geometry": { "type": "Point", "coordinates": [ -109.57957, 39.4758 ] } },
{ "type": "Feature", "properties": { "year": "2022", "month": "08", "day": "01", "Bombus species": "morrisoni", "date": "2022-08-01", "julian_day": 213.0, "source": "UtahPP" }, "geometry": { "type": "Point", "coordinates": [ -109.5860982, 39.47299458 ] } },
{ "type": "Feature", "properties": { "year": "2021", "month": "06", "day": "22", "Bombus species": "fervidus", "date": "2021-06-22", "julian_day": 173.0, "source": "UtahPP" }, "geometry": { "type": "Point", "coordinates": [ -109.618, 40.68902 ] } },
{ "type": "Feature", "properties": { "year": "2023", "month": "05", "day": "26", "Bombus species": "griseocollis", "date": "2023-05-26", "julian_day": 146.0, "source": "UtahPP" }, "geometry": { "type": "Point", "coordinates": [ -109.6253031, 40.15892614 ] } },
{ "type": "Feature", "properties": { "year": "2020", "month": "07", "day": "20", "Bombus species": "griseocollis", "date": "2020-07-20", "julian_day": 202.0, "source": "UtahPP" }, "geometry": { "type": "Point", "coordinates": [ -109.6352469, 40.54395398 ] } },
{ "type": "Feature", "properties": { "year": "2020", "month": "07", "day": "01", "Bombus species": "griseocollis", "date": "2020-07-01", "julian_day": 183.0, "source": "UtahPP" }, "geometry": { "type": "Point", "coordinates": [ -109.6352524, 40.54407381 ] } },
{ "type": "Feature", "properties": { "year": "2020", "month": "05", "day": "25", "Bombus species": "morrisoni", "date": "2020-05-25", "julian_day": 146.0, "source": "UtahPP" }, "geometry": { "type": "Point", "coordinates": [ -109.6360719, 40.54362823 ] } },
{ "type": "Feature", "properties": { "year": "2020", "month": "05", "day": "25", "Bombus species": "huntii", "date": "2020-05-25", "julian_day": 146.0, "source": "UtahPP" }, "geometry": { "type": "Point", "coordinates": [ -109.6361319, 40.54376843 ] } },
{ "type": "Feature", "properties": { "year": "2021", "month": "07", "day": "22", "Bombus species": "occidentalis", "date": "2021-07-22", "julian_day": 203.0, "source": "UtahPP" }, "geometry": { "type": "Point", "coordinates": [ -109.637, 40.54278 ] } },
{ "type": "Feature", "properties": { "year": "2021", "month": "08", "day": "26", "Bombus species": "griseocollis", "date": "2021-08-26", "julian_day": 238.0, "source": "UtahPP" }, "geometry": { "type": "Point", "coordinates": [ -109.637, 40.54277 ] } },
{ "type": "Feature", "properties": { "year": "2021", "month": "08", "day": "26", "Bombus species": "griseocollis", "date": "2021-08-26", "julian_day": 238.0, "source": "UtahPP" }, "geometry": { "type": "Point", "coordinates": [ -109.637, 40.54277 ] } },
{ "type": "Feature", "properties": { "year": "2021", "month": "08", "day": "26", "Bombus species": "griseocollis", "date": "2021-08-26", "julian_day": 238.0, "source": "UtahPP" }, "geometry": { "type": "Point", "coordinates": [ -109.637, 40.54278 ] } },
{ "type": "Feature", "properties": { "year": "2021", "month": "08", "day": "26", "Bombus species": "griseocollis", "date": "2021-08-26", "julian_day": 238.0, "source": "UtahPP" }, "geometry": { "type": "Point", "coordinates": [ -109.637, 40.54278 ] } },
{ "type": "Feature", "properties": { "year": "2021", "month": "08", "day": "26", "Bombus species": "griseocollis", "date": "2021-08-26", "julian_day": 238.0, "source": "UtahPP" }, "geometry": { "type": "Point", "coordinates": [ -109.637, 40.54279 ] } },
{ "type": "Feature", "properties": { "year": "2021", "month": "08", "day": "26", "Bombus species": "griseocollis", "date": "2021-08-26", "julian_day": 238.0, "source": "UtahPP" }, "geometry": { "type": "Point", "coordinates": [ -109.637, 40.5428 ] } },
{ "type": "Feature", "properties": { "year": "2021", "month": "08", "day": "26", "Bombus species": "griseocollis", "date": "2021-08-26", "julian_day": 238.0, "source": "UtahPP" }, "geometry": { "type": "Point", "coordinates": [ -109.637, 40.54281 ] } },
{ "type": "Feature", "properties": { "year": "2021", "month": "08", "day": "26", "Bombus species": "griseocollis", "date": "2021-08-26", "julian_day": 238.0, "source": "UtahPP" }, "geometry": { "type": "Point", "coordinates": [ -109.637, 40.54281 ] } },
{ "type": "Feature", "properties": { "year": "2021", "month": "08", "day": "26", "Bombus species": "griseocollis", "date": "2021-08-26", "julian_day": 238.0, "source": "UtahPP" }, "geometry": { "type": "Point", "coordinates": [ -109.637, 40.54282 ] } },
{ "type": "Feature", "properties": { "year": "2021", "month": "08", "day": "26", "Bombus species": "griseocollis", "date": "2021-08-26", "julian_day": 238.0, "source": "UtahPP" }, "geometry": { "type": "Point", "coordinates": [ -109.637, 40.54283 ] } },
{ "type": "Feature", "properties": { "year": "2021", "month": "08", "day": "26", "Bombus species": "griseocollis", "date": "2021-08-26", "julian_day": 238.0, "source": "UtahPP" }, "geometry": { "type": "Point", "coordinates": [ -109.637, 40.54288 ] } },
{ "type": "Feature", "properties": { "year": "2021", "month": "08", "day": "26", "Bombus species": "huntii", "date": "2021-08-26", "julian_day": 238.0, "source": "UtahPP" }, "geometry": { "type": "Point", "coordinates": [ -109.637, 40.54274 ] } },
{ "type": "Feature", "properties": { "year": "2021", "month": "08", "day": "26", "Bombus species": "huntii", "date": "2021-08-26", "julian_day": 238.0, "source": "UtahPP" }, "geometry": { "type": "Point", "coordinates": [ -109.637, 40.54276 ] } },
{ "type": "Feature", "properties": { "year": "2021", "month": "08", "day": "26", "Bombus species": "huntii", "date": "2021-08-26", "julian_day": 238.0, "source": "UtahPP" }, "geometry": { "type": "Point", "coordinates": [ -109.637, 40.54277 ] } },
{ "type": "Feature", "properties": { "year": "2021", "month": "08", "day": "26", "Bombus species": "huntii", "date": "2021-08-26", "julian_day": 238.0, "source": "UtahPP" }, "geometry": { "type": "Point", "coordinates": [ -109.637, 40.5428 ] } },
{ "type": "Feature", "properties": { "year": "2021", "month": "08", "day": "26", "Bombus species": "huntii", "date": "2021-08-26", "julian_day": 238.0, "source": "UtahPP" }, "geometry": { "type": "Point", "coordinates": [ -109.637, 40.5428 ] } },
{ "type": "Feature", "properties": { "year": "2021", "month": "08", "day": "26", "Bombus species": "huntii", "date": "2021-08-26", "julian_day": 238.0, "source": "UtahPP" }, "geometry": { "type": "Point", "coordinates": [ -109.637, 40.54281 ] } },
{ "type": "Feature", "properties": { "year": "2021", "month": "08", "day": "26", "Bombus species": "huntii", "date": "2021-08-26", "julian_day": 238.0, "source": "UtahPP" }, "geometry": { "type": "Point", "coordinates": [ -109.637, 40.54281 ] } },
{ "type": "Feature", "properties": { "year": "2021", "month": "08", "day": "26", "Bombus species": "huntii", "date": "2021-08-26", "julian_day": 238.0, "source": "UtahPP" }, "geometry": { "type": "Point", "coordinates": [ -109.637, 40.54282 ] } },
{ "type": "Feature", "properties": { "year": "2021", "month": "08", "day": "26", "Bombus species": "huntii", "date": "2021-08-26", "julian_day": 238.0, "source": "UtahPP" }, "geometry": { "type": "Point", "coordinates": [ -109.637, 40.54283 ] } },
{ "type": "Feature", "properties": { "year": "2023", "month": "08", "day": "04", "Bombus species": "nevadensis", "date": "2023-08-04", "julian_day": 216.0, "source": "UtahPP" }, "geometry": { "type": "Point", "coordinates": [ -109.6370754, 40.54280173 ] } },
{ "type": "Feature", "properties": { "year": "2023", "month": "08", "day": "04", "Bombus species": "huntii", "date": "2023-08-04", "julian_day": 216.0, "source": "UtahPP" }, "geometry": { "type": "Point", "coordinates": [ -109.6370991, 40.54279598 ] } },
{ "type": "Feature", "properties": { "year": "2022", "month": "09", "day": "21", "Bombus species": "huntii", "date": "2022-09-21", "julian_day": 264.0, "source": "UtahPP" }, "geometry": { "type": "Point", "coordinates": [ -109.6483194, 40.99330524 ] } },
{ "type": "Feature", "properties": { "year": "2023", "month": "08", "day": "08", "Bombus species": "huntii", "date": "2023-08-08", "julian_day": 220.0, "source": "UtahPP" }, "geometry": { "type": "Point", "coordinates": [ -109.6483201, 40.99322274 ] } },
{ "type": "Feature", "properties": { "year": "2023", "month": "08", "day": "08", "Bombus species": "appositus", "date": "2023-08-08", "julian_day": 220.0, "source": "UtahPP" }, "geometry": { "type": "Point", "coordinates": [ -109.6483294, 40.99322493 ] } },
{ "type": "Feature", "properties": { "year": "2023", "month": "08", "day": "08", "Bombus species": "occidentalis", "date": "2023-08-08", "julian_day": 220.0, "source": "UtahPP" }, "geometry": { "type": "Point", "coordinates": [ -109.6483305, 40.99321965 ] } },
{ "type": "Feature", "properties": { "year": "2023", "month": "08", "day": "08", "Bombus species": "griseocollis", "date": "2023-08-08", "julian_day": 220.0, "source": "UtahPP" }, "geometry": { "type": "Point", "coordinates": [ -109.6483449, 40.99320757 ] } },
{ "type": "Feature", "properties": { "year": "2023", "month": "08", "day": "08", "Bombus species": "morrisoni", "date": "2023-08-08", "julian_day": 220.0, "source": "UtahPP" }, "geometry": { "type": "Point", "coordinates": [ -109.6483481, 40.99322507 ] } },
{ "type": "Feature", "properties": { "year": "2023", "month": "08", "day": "08", "Bombus species": "nevadensis", "date": "2023-08-08", "julian_day": 220.0, "source": "UtahPP" }, "geometry": { "type": "Point", "coordinates": [ -109.64835, 40.99321639 ] } },
{ "type": "Feature", "properties": { "year": "2022", "month": "07", "day": "11", "Bombus species": "griseocollis", "date": "2022-07-11", "julian_day": 192.0, "source": "UtahPP" }, "geometry": { "type": "Point", "coordinates": [ -109.6570096, 40.12722514 ] } },
{ "type": "Feature", "properties": { "year": "2021", "month": "08", "day": "20", "Bombus species": "griseocollis", "date": "2021-08-20", "julian_day": 232.0, "source": "UtahPP" }, "geometry": { "type": "Point", "coordinates": [ -109.69, 40.18312 ] } },
{ "type": "Feature", "properties": { "year": "2023", "month": "07", "day": "26", "Bombus species": "insularis", "date": "2023-07-26", "julian_day": 207.0, "source": "UtahPP" }, "geometry": { "type": "Point", "coordinates": [ -109.6926813, 40.84758832 ] } },
{ "type": "Feature", "properties": { "year": "2023", "month": "07", "day": "26", "Bombus species": "fervidus", "date": "2023-07-26", "julian_day": 207.0, "source": "UtahPP" }, "geometry": { "type": "Point", "coordinates": [ -109.6929465, 40.84599186 ] } },
{ "type": "Feature", "properties": { "year": "2023", "month": "07", "day": "26", "Bombus species": "huntii", "date": "2023-07-26", "julian_day": 207.0, "source": "UtahPP" }, "geometry": { "type": "Point", "coordinates": [ -109.6929622, 40.84604474 ] } },
{ "type": "Feature", "properties": { "year": "2023", "month": "05", "day": "25", "Bombus species": "huntii", "date": "2023-05-25", "julian_day": 145.0, "source": "UtahPP" }, "geometry": { "type": "Point", "coordinates": [ -109.6930208, 40.84801501 ] } },
{ "type": "Feature", "properties": { "year": "2020", "month": "06", "day": "03", "Bombus species": "griseocollis", "date": "2020-06-03", "julian_day": 155.0, "source": "UtahPP" }, "geometry": { "type": "Point", "coordinates": [ -109.6977626, 40.18154507 ] } },
{ "type": "Feature", "properties": { "year": "2020", "month": "06", "day": "18", "Bombus species": "griseocollis", "date": "2020-06-18", "julian_day": 170.0, "source": "UtahPP" }, "geometry": { "type": "Point", "coordinates": [ -109.6983791, 40.18170885 ] } },
{ "type": "Feature", "properties": { "year": "2023", "month": "07", "day": "05", "Bombus species": "centralis", "date": "2023-07-05", "julian_day": 186.0, "source": "UtahPP" }, "geometry": { "type": "Point", "coordinates": [ -109.702384, 40.571901 ] } },
{ "type": "Feature", "properties": { "year": "2023", "month": "07", "day": "05", "Bombus species": "huntii", "date": "2023-07-05", "julian_day": 186.0, "source": "UtahPP" }, "geometry": { "type": "Point", "coordinates": [ -109.702384, 40.571901 ] } },
{ "type": "Feature", "properties": { "year": "2023", "month": "08", "day": "21", "Bombus species": "vancouverensis/bifarius", "date": "2023-08-21", "julian_day": 233.0, "source": "UtahPP" }, "geometry": { "type": "Point", "coordinates": [ -109.7093228, 40.68529073 ] } },
{ "type": "Feature", "properties": { "year": "2022", "month": "08", "day": "18", "Bombus species": "centralis", "date": "2022-08-18", "julian_day": 230.0, "source": "UtahPP" }, "geometry": { "type": "Point", "coordinates": [ -109.7093281, 40.6852631 ] } },
{ "type": "Feature", "properties": { "year": "2023", "month": "08", "day": "21", "Bombus species": "vancouverensis/bifarius", "date": "2023-08-21", "julian_day": 233.0, "source": "UtahPP" }, "geometry": { "type": "Point", "coordinates": [ -109.7093358, 40.68530501 ] } },
{ "type": "Feature", "properties": { "year": "2023", "month": "08", "day": "21", "Bombus species": "vancouverensis/bifarius", "date": "2023-08-21", "julian_day": 233.0, "source": "UtahPP" }, "geometry": { "type": "Point", "coordinates": [ -109.7093391, 40.68528389 ] } },
{ "type": "Feature", "properties": { "year": "2023", "month": "08", "day": "21", "Bombus species": "fervidus", "date": "2023-08-21", "julian_day": 233.0, "source": "UtahPP" }, "geometry": { "type": "Point", "coordinates": [ -109.7093586, 40.68529548 ] } },
{ "type": "Feature", "properties": { "year": "2023", "month": "08", "day": "21", "Bombus species": "occidentalis", "date": "2023-08-21", "julian_day": 233.0, "source": "UtahPP" }, "geometry": { "type": "Point", "coordinates": [ -109.7093681, 40.6853176 ] } },
{ "type": "Feature", "properties": { "year": "2023", "month": "08", "day": "21", "Bombus species": "vancouverensis/bifarius", "date": "2023-08-21", "julian_day": 233.0, "source": "UtahPP" }, "geometry": { "type": "Point", "coordinates": [ -109.7093683, 40.68532261 ] } },
{ "type": "Feature", "properties": { "year": "2023", "month": "08", "day": "21", "Bombus species": "vancouverensis/bifarius", "date": "2023-08-21", "julian_day": 233.0, "source": "UtahPP" }, "geometry": { "type": "Point", "coordinates": [ -109.7093767, 40.68528845 ] } },
{ "type": "Feature", "properties": { "year": "2023", "month": "08", "day": "21", "Bombus species": "vancouverensis/bifarius", "date": "2023-08-21", "julian_day": 233.0, "source": "UtahPP" }, "geometry": { "type": "Point", "coordinates": [ -109.7093823, 40.68530834 ] } },
{ "type": "Feature", "properties": { "year": "2022", "month": "08", "day": "18", "Bombus species": "vancouverensis/bifarius", "date": "2022-08-18", "julian_day": 230.0, "source": "UtahPP" }, "geometry": { "type": "Point", "coordinates": [ -109.7093866, 40.6853265 ] } },
{ "type": "Feature", "properties": { "year": "2023", "month": "06", "day": "26", "Bombus species": "huntii", "date": "2023-06-26", "julian_day": 177.0, "source": "UtahPP" }, "geometry": { "type": "Point", "coordinates": [ -109.7094775, 40.68547687 ] } },
{ "type": "Feature", "properties": { "year": "2023", "month": "06", "day": "26", "Bombus species": "vancouverensis/bifarius", "date": "2023-06-26", "julian_day": 177.0, "source": "UtahPP" }, "geometry": { "type": "Point", "coordinates": [ -109.7094885, 40.68543446 ] } },
{ "type": "Feature", "properties": { "year": "2023", "month": "06", "day": "26", "Bombus species": "mixtus", "date": "2023-06-26", "julian_day": 177.0, "source": "UtahPP" }, "geometry": { "type": "Point", "coordinates": [ -109.7094971, 40.68545759 ] } },
{ "type": "Feature", "properties": { "year": "2023", "month": "06", "day": "26", "Bombus species": "vancouverensis/bifarius", "date": "2023-06-26", "julian_day": 177.0, "source": "UtahPP" }, "geometry": { "type": "Point", "coordinates": [ -109.7095005, 40.68543661 ] } },
{ "type": "Feature", "properties": { "year": "2023", "month": "06", "day": "26", "Bombus species": "vancouverensis/bifarius", "date": "2023-06-26", "julian_day": 177.0, "source": "UtahPP" }, "geometry": { "type": "Point", "coordinates": [ -109.7095081, 40.68540914 ] } },
{ "type": "Feature", "properties": { "year": "2023", "month": "06", "day": "26", "Bombus species": "rufocinctus", "date": "2023-06-26", "julian_day": 177.0, "source": "UtahPP" }, "geometry": { "type": "Point", "coordinates": [ -109.7095173, 40.68546138 ] } },
{ "type": "Feature", "properties": { "year": "2023", "month": "07", "day": "20", "Bombus species": "flavifrons", "date": "2023-07-20", "julian_day": 201.0, "source": "UtahPP" }, "geometry": { "type": "Point", "coordinates": [ -109.7095422, 40.68540967 ] } },
{ "type": "Feature", "properties": { "year": "2023", "month": "06", "day": "26", "Bombus species": "huntii", "date": "2023-06-26", "julian_day": 177.0, "source": "UtahPP" }, "geometry": { "type": "Point", "coordinates": [ -109.7095607, 40.68543541 ] } },
{ "type": "Feature", "properties": { "year": "2022", "month": "07", "day": "21", "Bombus species": "insularis", "date": "2022-07-21", "julian_day": 202.0, "source": "UtahPP" }, "geometry": { "type": "Point", "coordinates": [ -109.7100972, 40.68579957 ] } },
{ "type": "Feature", "properties": { "year": "2022", "month": "07", "day": "21", "Bombus species": "melanopygus", "date": "2022-07-21", "julian_day": 202.0, "source": "UtahPP" }, "geometry": { "type": "Point", "coordinates": [ -109.7101119, 40.68576598 ] } },
{ "type": "Feature", "properties": { "year": "2022", "month": "07", "day": "21", "Bombus species": "melanopygus", "date": "2022-07-21", "julian_day": 202.0, "source": "UtahPP" }, "geometry": { "type": "Point", "coordinates": [ -109.7101208, 40.6858053 ] } },
{ "type": "Feature", "properties": { "year": "2022", "month": "07", "day": "21", "Bombus species": "centralis", "date": "2022-07-21", "julian_day": 202.0, "source": "UtahPP" }, "geometry": { "type": "Point", "coordinates": [ -109.710136, 40.68573679 ] } },
{ "type": "Feature", "properties": { "year": "2022", "month": "06", "day": "28", "Bombus species": "nevadensis", "date": "2022-06-28", "julian_day": 179.0, "source": "UtahPP" }, "geometry": { "type": "Point", "coordinates": [ -109.7101588, 40.68602366 ] } },
{ "type": "Feature", "properties": { "year": "2022", "month": "06", "day": "28", "Bombus species": "nevadensis", "date": "2022-06-28", "julian_day": 179.0, "source": "UtahPP" }, "geometry": { "type": "Point", "coordinates": [ -109.710166, 40.68602529 ] } },
{ "type": "Feature", "properties": { "year": "2022", "month": "06", "day": "28", "Bombus species": "mixtus", "date": "2022-06-28", "julian_day": 179.0, "source": "UtahPP" }, "geometry": { "type": "Point", "coordinates": [ -109.7101748, 40.68603615 ] } },
{ "type": "Feature", "properties": { "year": "2022", "month": "06", "day": "28", "Bombus species": "mixtus", "date": "2022-06-28", "julian_day": 179.0, "source": "UtahPP" }, "geometry": { "type": "Point", "coordinates": [ -109.7101773, 40.68602412 ] } },
{ "type": "Feature", "properties": { "year": "2022", "month": "06", "day": "28", "Bombus species": "centralis", "date": "2022-06-28", "julian_day": 179.0, "source": "UtahPP" }, "geometry": { "type": "Point", "coordinates": [ -109.710186, 40.68602969 ] } },
{ "type": "Feature", "properties": { "year": "2022", "month": "06", "day": "28", "Bombus species": "huntii", "date": "2022-06-28", "julian_day": 179.0, "source": "UtahPP" }, "geometry": { "type": "Point", "coordinates": [ -109.710186, 40.68602969 ] } },
{ "type": "Feature", "properties": { "year": "2022", "month": "06", "day": "28", "Bombus species": "mixtus", "date": "2022-06-28", "julian_day": 179.0, "source": "UtahPP" }, "geometry": { "type": "Point", "coordinates": [ -109.7101873, 40.68603669 ] } },
{ "type": "Feature", "properties": { "year": "2022", "month": "06", "day": "28", "Bombus species": "melanopygus", "date": "2022-06-28", "julian_day": 179.0, "source": "UtahPP" }, "geometry": { "type": "Point", "coordinates": [ -109.7101902, 40.68601289 ] } },
{ "type": "Feature", "properties": { "year": "2022", "month": "06", "day": "28", "Bombus species": "centralis", "date": "2022-06-28", "julian_day": 179.0, "source": "UtahPP" }, "geometry": { "type": "Point", "coordinates": [ -109.7101904, 40.6860356 ] } },
{ "type": "Feature", "properties": { "year": "2022", "month": "06", "day": "28", "Bombus species": "melanopygus", "date": "2022-06-28", "julian_day": 179.0, "source": "UtahPP" }, "geometry": { "type": "Point", "coordinates": [ -109.7101987, 40.68602534 ] } },
{ "type": "Feature", "properties": { "year": "2022", "month": "06", "day": "28", "Bombus species": "centralis", "date": "2022-06-28", "julian_day": 179.0, "source": "UtahPP" }, "geometry": { "type": "Point", "coordinates": [ -109.7102077, 40.68604839 ] } },
{ "type": "Feature", "properties": { "year": "2022", "month": "06", "day": "28", "Bombus species": "melanopygus", "date": "2022-06-28", "julian_day": 179.0, "source": "UtahPP" }, "geometry": { "type": "Point", "coordinates": [ -109.7102109, 40.68604449 ] } },
{ "type": "Feature", "properties": { "year": "2022", "month": "06", "day": "28", "Bombus species": "nevadensis", "date": "2022-06-28", "julian_day": 179.0, "source": "UtahPP" }, "geometry": { "type": "Point", "coordinates": [ -109.7102166, 40.68605237 ] } },
{ "type": "Feature", "properties": { "year": "2022", "month": "06", "day": "28", "Bombus species": "vancouverensis/bifarius", "date": "2022-06-28", "julian_day": 179.0, "source": "UtahPP" }, "geometry": { "type": "Point", "coordinates": [ -109.7102248, 40.68603351 ] } },
{ "type": "Feature", "properties": { "year": "2022", "month": "06", "day": "28", "Bombus species": "vancouverensis/bifarius", "date": "2022-06-28", "julian_day": 179.0, "source": "UtahPP" }, "geometry": { "type": "Point", "coordinates": [ -109.7102259, 40.68603405 ] } },
{ "type": "Feature", "properties": { "year": "2022", "month": "06", "day": "28", "Bombus species": "melanopygus", "date": "2022-06-28", "julian_day": 179.0, "source": "UtahPP" }, "geometry": { "type": "Point", "coordinates": [ -109.7102311, 40.68603958 ] } },
{ "type": "Feature", "properties": { "year": "2022", "month": "07", "day": "21", "Bombus species": "melanopygus", "date": "2022-07-21", "julian_day": 202.0, "source": "UtahPP" }, "geometry": { "type": "Point", "coordinates": [ -109.710391, 40.68588275 ] } },
{ "type": "Feature", "properties": { "year": "2021", "month": "06", "day": "12", "Bombus species": "vancouverensis/bifarius", "date": "2021-06-12", "julian_day": 163.0, "source": "UtahPP" }, "geometry": { "type": "Point", "coordinates": [ -109.711, 40.686 ] } },
{ "type": "Feature", "properties": { "year": "2021", "month": "06", "day": "12", "Bombus species": "vancouverensis/bifarius", "date": "2021-06-12", "julian_day": 163.0, "source": "UtahPP" }, "geometry": { "type": "Point", "coordinates": [ -109.711, 40.686 ] } },
{ "type": "Feature", "properties": { "year": "2021", "month": "06", "day": "12", "Bombus species": "vancouverensis/bifarius", "date": "2021-06-12", "julian_day": 163.0, "source": "UtahPP" }, "geometry": { "type": "Point", "coordinates": [ -109.711, 40.686 ] } },
{ "type": "Feature", "properties": { "year": "2021", "month": "06", "day": "12", "Bombus species": "centralis", "date": "2021-06-12", "julian_day": 163.0, "source": "UtahPP" }, "geometry": { "type": "Point", "coordinates": [ -109.711, 40.686 ] } },
{ "type": "Feature", "properties": { "year": "2021", "month": "06", "day": "12", "Bombus species": "melanopygus", "date": "2021-06-12", "julian_day": 163.0, "source": "UtahPP" }, "geometry": { "type": "Point", "coordinates": [ -109.711, 40.686 ] } },
{ "type": "Feature", "properties": { "year": "2021", "month": "07", "day": "16", "Bombus species": "vancouverensis/bifarius", "date": "2021-07-16", "julian_day": 197.0, "source": "UtahPP" }, "geometry": { "type": "Point", "coordinates": [ -109.711, 40.686 ] } },
{ "type": "Feature", "properties": { "year": "2021", "month": "07", "day": "16", "Bombus species": "centralis", "date": "2021-07-16", "julian_day": 197.0, "source": "UtahPP" }, "geometry": { "type": "Point", "coordinates": [ -109.711, 40.686 ] } },
{ "type": "Feature", "properties": { "year": "2021", "month": "07", "day": "16", "Bombus species": "huntii", "date": "2021-07-16", "julian_day": 197.0, "source": "UtahPP" }, "geometry": { "type": "Point", "coordinates": [ -109.711, 40.686 ] } },
{ "type": "Feature", "properties": { "year": "2021", "month": "07", "day": "16", "Bombus species": "mixtus", "date": "2021-07-16", "julian_day": 197.0, "source": "UtahPP" }, "geometry": { "type": "Point", "coordinates": [ -109.711, 40.686 ] } },
{ "type": "Feature", "properties": { "year": "2021", "month": "07", "day": "16", "Bombus species": "sylvicola", "date": "2021-07-16", "julian_day": 197.0, "source": "UtahPP" }, "geometry": { "type": "Point", "coordinates": [ -109.711, 40.686 ] } },
{ "type": "Feature", "properties": { "year": "2023", "month": "08", "day": "21", "Bombus species": "occidentalis", "date": "2023-08-21", "julian_day": 233.0, "source": "UtahPP" }, "geometry": { "type": "Point", "coordinates": [ -109.71372, 40.6808057 ] } },
{ "type": "Feature", "properties": { "year": "2021", "month": "07", "day": "20", "Bombus species": "mixtus", "date": "2021-07-20", "julian_day": 201.0, "source": "UtahPP" }, "geometry": { "type": "Point", "coordinates": [ -109.719, 40.76247 ] } },
{ "type": "Feature", "properties": { "year": "2021", "month": "07", "day": "20", "Bombus species": "rufocinctus", "date": "2021-07-20", "julian_day": 201.0, "source": "UtahPP" }, "geometry": { "type": "Point", "coordinates": [ -109.719, 40.76237 ] } },
{ "type": "Feature", "properties": { "year": "2021", "month": "07", "day": "20", "Bombus species": "rufocinctus", "date": "2021-07-20", "julian_day": 201.0, "source": "UtahPP" }, "geometry": { "type": "Point", "coordinates": [ -109.719, 40.76238 ] } },
{ "type": "Feature", "properties": { "year": "2021", "month": "07", "day": "20", "Bombus species": "rufocinctus", "date": "2021-07-20", "julian_day": 201.0, "source": "UtahPP" }, "geometry": { "type": "Point", "coordinates": [ -109.719, 40.76239 ] } },
{ "type": "Feature", "properties": { "year": "2021", "month": "07", "day": "20", "Bombus species": "rufocinctus", "date": "2021-07-20", "julian_day": 201.0, "source": "UtahPP" }, "geometry": { "type": "Point", "coordinates": [ -109.719, 40.7624 ] } },
{ "type": "Feature", "properties": { "year": "2021", "month": "07", "day": "20", "Bombus species": "rufocinctus", "date": "2021-07-20", "julian_day": 201.0, "source": "UtahPP" }, "geometry": { "type": "Point", "coordinates": [ -109.719, 40.7624 ] } },
{ "type": "Feature", "properties": { "year": "2021", "month": "07", "day": "20", "Bombus species": "rufocinctus", "date": "2021-07-20", "julian_day": 201.0, "source": "UtahPP" }, "geometry": { "type": "Point", "coordinates": [ -109.719, 40.7624 ] } },
{ "type": "Feature", "properties": { "year": "2021", "month": "07", "day": "20", "Bombus species": "rufocinctus", "date": "2021-07-20", "julian_day": 201.0, "source": "UtahPP" }, "geometry": { "type": "Point", "coordinates": [ -109.719, 40.76241 ] } },
{ "type": "Feature", "properties": { "year": "2021", "month": "07", "day": "20", "Bombus species": "rufocinctus", "date": "2021-07-20", "julian_day": 201.0, "source": "UtahPP" }, "geometry": { "type": "Point", "coordinates": [ -109.719, 40.76242 ] } },
{ "type": "Feature", "properties": { "year": "2021", "month": "07", "day": "20", "Bombus species": "rufocinctus", "date": "2021-07-20", "julian_day": 201.0, "source": "UtahPP" }, "geometry": { "type": "Point", "coordinates": [ -109.719, 40.76244 ] } },
{ "type": "Feature", "properties": { "year": "2022", "month": "06", "day": "23", "Bombus species": "vancouverensis/bifarius", "date": "2022-06-23", "julian_day": 174.0, "source": "UtahPP" }, "geometry": { "type": "Point", "coordinates": [ -109.7190401, 40.76236457 ] } },
{ "type": "Feature", "properties": { "year": "2022", "month": "06", "day": "23", "Bombus species": "vancouverensis/bifarius", "date": "2022-06-23", "julian_day": 174.0, "source": "UtahPP" }, "geometry": { "type": "Point", "coordinates": [ -109.7190589, 40.76234403 ] } },
{ "type": "Feature", "properties": { "year": "2022", "month": "06", "day": "23", "Bombus species": "huntii", "date": "2022-06-23", "julian_day": 174.0, "source": "UtahPP" }, "geometry": { "type": "Point", "coordinates": [ -109.719082, 40.76235673 ] } },
{ "type": "Feature", "properties": { "year": "2022", "month": "07", "day": "13", "Bombus species": "melanopygus", "date": "2022-07-13", "julian_day": 194.0, "source": "UtahPP" }, "geometry": { "type": "Point", "coordinates": [ -109.719147, 40.76226187 ] } },
{ "type": "Feature", "properties": { "year": "2023", "month": "07", "day": "25", "Bombus species": "huntii", "date": "2023-07-25", "julian_day": 206.0, "source": "UtahPP" }, "geometry": { "type": "Point", "coordinates": [ -109.7191659, 40.76225124 ] } },
{ "type": "Feature", "properties": { "year": "2023", "month": "06", "day": "28", "Bombus species": "huntii", "date": "2023-06-28", "julian_day": 179.0, "source": "UtahPP" }, "geometry": { "type": "Point", "coordinates": [ -109.7191685, 40.76229669 ] } },
{ "type": "Feature", "properties": { "year": "2023", "month": "06", "day": "28", "Bombus species": "centralis", "date": "2023-06-28", "julian_day": 179.0, "source": "UtahPP" }, "geometry": { "type": "Point", "coordinates": [ -109.7191696, 40.76229371 ] } },
{ "type": "Feature", "properties": { "year": "2023", "month": "06", "day": "28", "Bombus species": "mixtus", "date": "2023-06-28", "julian_day": 179.0, "source": "UtahPP" }, "geometry": { "type": "Point", "coordinates": [ -109.7191741, 40.76231246 ] } },
{ "type": "Feature", "properties": { "year": "2022", "month": "07", "day": "13", "Bombus species": "melanopygus", "date": "2022-07-13", "julian_day": 194.0, "source": "UtahPP" }, "geometry": { "type": "Point", "coordinates": [ -109.7191744, 40.76225489 ] } },
{ "type": "Feature", "properties": { "year": "2022", "month": "07", "day": "13", "Bombus species": "melanopygus", "date": "2022-07-13", "julian_day": 194.0, "source": "UtahPP" }, "geometry": { "type": "Point", "coordinates": [ -109.719176, 40.76225738 ] } },
{ "type": "Feature", "properties": { "year": "2022", "month": "07", "day": "13", "Bombus species": "sylvicola", "date": "2022-07-13", "julian_day": 194.0, "source": "UtahPP" }, "geometry": { "type": "Point", "coordinates": [ -109.7191775, 40.76227119 ] } },
{ "type": "Feature", "properties": { "year": "2023", "month": "07", "day": "25", "Bombus species": "sylvicola", "date": "2023-07-25", "julian_day": 206.0, "source": "UtahPP" }, "geometry": { "type": "Point", "coordinates": [ -109.7191808, 40.76229106 ] } },
{ "type": "Feature", "properties": { "year": "2023", "month": "07", "day": "25", "Bombus species": "melanopygus", "date": "2023-07-25", "julian_day": 206.0, "source": "UtahPP" }, "geometry": { "type": "Point", "coordinates": [ -109.7191817, 40.76229497 ] } },
{ "type": "Feature", "properties": { "year": "2023", "month": "07", "day": "25", "Bombus species": "melanopygus", "date": "2023-07-25", "julian_day": 206.0, "source": "UtahPP" }, "geometry": { "type": "Point", "coordinates": [ -109.7191845, 40.76227279 ] } },
{ "type": "Feature", "properties": { "year": "2023", "month": "06", "day": "28", "Bombus species": "mixtus", "date": "2023-06-28", "julian_day": 179.0, "source": "UtahPP" }, "geometry": { "type": "Point", "coordinates": [ -109.7191873, 40.76229922 ] } },
{ "type": "Feature", "properties": { "year": "2023", "month": "06", "day": "28", "Bombus species": "centralis", "date": "2023-06-28", "julian_day": 179.0, "source": "UtahPP" }, "geometry": { "type": "Point", "coordinates": [ -109.7191875, 40.76229061 ] } },
{ "type": "Feature", "properties": { "year": "2023", "month": "06", "day": "28", "Bombus species": "mixtus", "date": "2023-06-28", "julian_day": 179.0, "source": "UtahPP" }, "geometry": { "type": "Point", "coordinates": [ -109.7191879, 40.76230417 ] } },
{ "type": "Feature", "properties": { "year": "2023", "month": "06", "day": "28", "Bombus species": "rufocinctus", "date": "2023-06-28", "julian_day": 179.0, "source": "UtahPP" }, "geometry": { "type": "Point", "coordinates": [ -109.7191919, 40.76229971 ] } },
{ "type": "Feature", "properties": { "year": "2023", "month": "06", "day": "28", "Bombus species": "huntii", "date": "2023-06-28", "julian_day": 179.0, "source": "UtahPP" }, "geometry": { "type": "Point", "coordinates": [ -109.719194, 40.76229499 ] } },
{ "type": "Feature", "properties": { "year": "2023", "month": "07", "day": "25", "Bombus species": "melanopygus", "date": "2023-07-25", "julian_day": 206.0, "source": "UtahPP" }, "geometry": { "type": "Point", "coordinates": [ -109.7191945, 40.76227014 ] } },
{ "type": "Feature", "properties": { "year": "2023", "month": "06", "day": "28", "Bombus species": "rufocinctus", "date": "2023-06-28", "julian_day": 179.0, "source": "UtahPP" }, "geometry": { "type": "Point", "coordinates": [ -109.7191955, 40.76230004 ] } },
{ "type": "Feature", "properties": { "year": "2023", "month": "06", "day": "28", "Bombus species": "rufocinctus", "date": "2023-06-28", "julian_day": 179.0, "source": "UtahPP" }, "geometry": { "type": "Point", "coordinates": [ -109.7191959, 40.76227231 ] } },
{ "type": "Feature", "properties": { "year": "2023", "month": "06", "day": "28", "Bombus species": "huntii", "date": "2023-06-28", "julian_day": 179.0, "source": "UtahPP" }, "geometry": { "type": "Point", "coordinates": [ -109.7191999, 40.762293 ] } },
{ "type": "Feature", "properties": { "year": "2023", "month": "07", "day": "25", "Bombus species": "melanopygus", "date": "2023-07-25", "julian_day": 206.0, "source": "UtahPP" }, "geometry": { "type": "Point", "coordinates": [ -109.7192028, 40.76230719 ] } },
{ "type": "Feature", "properties": { "year": "2023", "month": "07", "day": "25", "Bombus species": "melanopygus", "date": "2023-07-25", "julian_day": 206.0, "source": "UtahPP" }, "geometry": { "type": "Point", "coordinates": [ -109.7192094, 40.76228123 ] } },
{ "type": "Feature", "properties": { "year": "2023", "month": "07", "day": "25", "Bombus species": "melanopygus", "date": "2023-07-25", "julian_day": 206.0, "source": "UtahPP" }, "geometry": { "type": "Point", "coordinates": [ -109.7192124, 40.76226563 ] } },
{ "type": "Feature", "properties": { "year": "2023", "month": "06", "day": "28", "Bombus species": "melanopygus", "date": "2023-06-28", "julian_day": 179.0, "source": "UtahPP" }, "geometry": { "type": "Point", "coordinates": [ -109.719222, 40.76228685 ] } },
{ "type": "Feature", "properties": { "year": "2023", "month": "07", "day": "25", "Bombus species": "melanopygus", "date": "2023-07-25", "julian_day": 206.0, "source": "UtahPP" }, "geometry": { "type": "Point", "coordinates": [ -109.7192318, 40.76229405 ] } },
{ "type": "Feature", "properties": { "year": "2023", "month": "07", "day": "25", "Bombus species": "huntii", "date": "2023-07-25", "julian_day": 206.0, "source": "UtahPP" }, "geometry": { "type": "Point", "coordinates": [ -109.7192383, 40.7622549 ] } },
{ "type": "Feature", "properties": { "year": "2023", "month": "06", "day": "28", "Bombus species": "rufocinctus", "date": "2023-06-28", "julian_day": 179.0, "source": "UtahPP" }, "geometry": { "type": "Point", "coordinates": [ -109.7192547, 40.76232605 ] } },
{ "type": "Feature", "properties": { "year": "2022", "month": "06", "day": "23", "Bombus species": "sylvicola", "date": "2022-06-23", "julian_day": 174.0, "source": "UtahPP" }, "geometry": { "type": "Point", "coordinates": [ -109.7196625, 40.76234131 ] } },
{ "type": "Feature", "properties": { "year": "2023", "month": "07", "day": "25", "Bombus species": "melanopygus", "date": "2023-07-25", "julian_day": 206.0, "source": "UtahPP" }, "geometry": { "type": "Point", "coordinates": [ -109.720028, 40.76378904 ] } },
{ "type": "Feature", "properties": { "year": "2023", "month": "07", "day": "25", "Bombus species": "sylvicola", "date": "2023-07-25", "julian_day": 206.0, "source": "UtahPP" }, "geometry": { "type": "Point", "coordinates": [ -109.7200334, 40.76379074 ] } },
{ "type": "Feature", "properties": { "year": "2023", "month": "07", "day": "25", "Bombus species": "flavifrons", "date": "2023-07-25", "julian_day": 206.0, "source": "UtahPP" }, "geometry": { "type": "Point", "coordinates": [ -109.7200386, 40.76378729 ] } },
{ "type": "Feature", "properties": { "year": "2023", "month": "07", "day": "25", "Bombus species": "melanopygus", "date": "2023-07-25", "julian_day": 206.0, "source": "UtahPP" }, "geometry": { "type": "Point", "coordinates": [ -109.7200427, 40.7638564 ] } },
{ "type": "Feature", "properties": { "year": "2023", "month": "07", "day": "25", "Bombus species": "rufocinctus", "date": "2023-07-25", "julian_day": 206.0, "source": "UtahPP" }, "geometry": { "type": "Point", "coordinates": [ -109.7200727, 40.7637875 ] } },
{ "type": "Feature", "properties": { "year": "2023", "month": "07", "day": "25", "Bombus species": "sylvicola", "date": "2023-07-25", "julian_day": 206.0, "source": "UtahPP" }, "geometry": { "type": "Point", "coordinates": [ -109.7200836, 40.76378607 ] } },
{ "type": "Feature", "properties": { "year": "2023", "month": "07", "day": "25", "Bombus species": "melanopygus", "date": "2023-07-25", "julian_day": 206.0, "source": "UtahPP" }, "geometry": { "type": "Point", "coordinates": [ -109.7200893, 40.76378151 ] } },
{ "type": "Feature", "properties": { "year": "2023", "month": "07", "day": "25", "Bombus species": "sylvicola", "date": "2023-07-25", "julian_day": 206.0, "source": "UtahPP" }, "geometry": { "type": "Point", "coordinates": [ -109.7200903, 40.76379436 ] } },
{ "type": "Feature", "properties": { "year": "2023", "month": "07", "day": "25", "Bombus species": "melanopygus", "date": "2023-07-25", "julian_day": 206.0, "source": "UtahPP" }, "geometry": { "type": "Point", "coordinates": [ -109.7200978, 40.76378209 ] } },
{ "type": "Feature", "properties": { "year": "2023", "month": "06", "day": "12", "Bombus species": "fervidus", "date": "2023-06-12", "julian_day": 163.0, "source": "UtahPP" }, "geometry": { "type": "Point", "coordinates": [ -109.7388973, 40.6266258 ] } },
{ "type": "Feature", "properties": { "year": "2023", "month": "06", "day": "12", "Bombus species": "huntii", "date": "2023-06-12", "julian_day": 163.0, "source": "UtahPP" }, "geometry": { "type": "Point", "coordinates": [ -109.7395983, 40.62813993 ] } },
{ "type": "Feature", "properties": { "year": "2023", "month": "06", "day": "12", "Bombus species": "vancouverensis/bifarius", "date": "2023-06-12", "julian_day": 163.0, "source": "UtahPP" }, "geometry": { "type": "Point", "coordinates": [ -109.7401388, 40.62815599 ] } },
{ "type": "Feature", "properties": { "year": "2023", "month": "07", "day": "25", "Bombus species": "nevadensis", "date": "2023-07-25", "julian_day": 206.0, "source": "UtahPP" }, "geometry": { "type": "Point", "coordinates": [ -109.757922, 40.0393518 ] } },
{ "type": "Feature", "properties": { "year": "2023", "month": "07", "day": "25", "Bombus species": "huntii", "date": "2023-07-25", "julian_day": 206.0, "source": "UtahPP" }, "geometry": { "type": "Point", "coordinates": [ -109.7581058, 40.03922136 ] } },
{ "type": "Feature", "properties": { "year": "2021", "month": "07", "day": "23", "Bombus species": "mixtus", "date": "2021-07-23", "julian_day": 204.0, "source": "UtahPP" }, "geometry": { "type": "Point", "coordinates": [ -109.765, 40.77457 ] } },
{ "type": "Feature", "properties": { "year": "2021", "month": "07", "day": "23", "Bombus species": "mixtus", "date": "2021-07-23", "julian_day": 204.0, "source": "UtahPP" }, "geometry": { "type": "Point", "coordinates": [ -109.765, 40.77458 ] } },
{ "type": "Feature", "properties": { "year": "2021", "month": "07", "day": "23", "Bombus species": "mixtus", "date": "2021-07-23", "julian_day": 204.0, "source": "UtahPP" }, "geometry": { "type": "Point", "coordinates": [ -109.765, 40.7746 ] } },
{ "type": "Feature", "properties": { "year": "2021", "month": "07", "day": "23", "Bombus species": "mixtus", "date": "2021-07-23", "julian_day": 204.0, "source": "UtahPP" }, "geometry": { "type": "Point", "coordinates": [ -109.765, 40.77466 ] } },
{ "type": "Feature", "properties": { "year": "2021", "month": "07", "day": "23", "Bombus species": "mixtus", "date": "2021-07-23", "julian_day": 204.0, "source": "UtahPP" }, "geometry": { "type": "Point", "coordinates": [ -109.765, 40.77469 ] } },
{ "type": "Feature", "properties": { "year": "2021", "month": "07", "day": "23", "Bombus species": "rufocinctus", "date": "2021-07-23", "julian_day": 204.0, "source": "UtahPP" }, "geometry": { "type": "Point", "coordinates": [ -109.765, 40.77458 ] } },
{ "type": "Feature", "properties": { "year": "2021", "month": "07", "day": "23", "Bombus species": "sylvicola", "date": "2021-07-23", "julian_day": 204.0, "source": "UtahPP" }, "geometry": { "type": "Point", "coordinates": [ -109.765, 40.77458 ] } },
{ "type": "Feature", "properties": { "year": "2021", "month": "07", "day": "23", "Bombus species": "sylvicola", "date": "2021-07-23", "julian_day": 204.0, "source": "UtahPP" }, "geometry": { "type": "Point", "coordinates": [ -109.765, 40.7746 ] } },
{ "type": "Feature", "properties": { "year": "2021", "month": "08", "day": "24", "Bombus species": "rufocinctus", "date": "2021-08-24", "julian_day": 236.0, "source": "UtahPP" }, "geometry": { "type": "Point", "coordinates": [ -109.765, 40.77458 ] } },
{ "type": "Feature", "properties": { "year": "2023", "month": "08", "day": "29", "Bombus species": "mixtus", "date": "2023-08-29", "julian_day": 241.0, "source": "UtahPP" }, "geometry": { "type": "Point", "coordinates": [ -109.7650299, 40.77430278 ] } },
{ "type": "Feature", "properties": { "year": "2023", "month": "08", "day": "29", "Bombus species": "huntii", "date": "2023-08-29", "julian_day": 241.0, "source": "UtahPP" }, "geometry": { "type": "Point", "coordinates": [ -109.7651234, 40.774354 ] } },
{ "type": "Feature", "properties": { "year": "2023", "month": "08", "day": "28", "Bombus species": "huntii", "date": "2023-08-28", "julian_day": 240.0, "source": "UtahPP" }, "geometry": { "type": "Point", "coordinates": [ -109.7686802, 40.03154965 ] } },
{ "type": "Feature", "properties": { "year": "2023", "month": "07", "day": "25", "Bombus species": "huntii", "date": "2023-07-25", "julian_day": 206.0, "source": "UtahPP" }, "geometry": { "type": "Point", "coordinates": [ -109.773527, 40.04047906 ] } },
{ "type": "Feature", "properties": { "year": "2023", "month": "08", "day": "02", "Bombus species": "huntii", "date": "2023-08-02", "julian_day": 214.0, "source": "UtahPP" }, "geometry": { "type": "Point", "coordinates": [ -109.7840497, 40.87741807 ] } },
{ "type": "Feature", "properties": { "year": "2023", "month": "08", "day": "02", "Bombus species": "appositus", "date": "2023-08-02", "julian_day": 214.0, "source": "UtahPP" }, "geometry": { "type": "Point", "coordinates": [ -109.7840826, 40.87742487 ] } },
{ "type": "Feature", "properties": { "year": "2023", "month": "08", "day": "30", "Bombus species": "nevadensis", "date": "2023-08-30", "julian_day": 242.0, "source": "UtahPP" }, "geometry": { "type": "Point", "coordinates": [ -109.8351, 40.78313683 ] } },
{ "type": "Feature", "properties": { "year": "2023", "month": "06", "day": "07", "Bombus species": "vancouverensis/bifarius", "date": "2023-06-07", "julian_day": 158.0, "source": "UtahPP" }, "geometry": { "type": "Point", "coordinates": [ -109.8502876, 40.8854591 ] } },
{ "type": "Feature", "properties": { "year": "2020", "month": "05", "day": "13", "Bombus species": "nevadensis", "date": "2020-05-13", "julian_day": 134.0, "source": "UtahPP" }, "geometry": { "type": "Point", "coordinates": [ -109.8777323, 40.24301652 ] } },
{ "type": "Feature", "properties": { "year": "2023", "month": "05", "day": "31", "Bombus species": "vancouverensis/bifarius", "date": "2023-05-31", "julian_day": 151.0, "source": "UtahPP" }, "geometry": { "type": "Point", "coordinates": [ -109.9006769, 40.89333339 ] } },
{ "type": "Feature", "properties": { "year": "2023", "month": "07", "day": "10", "Bombus species": "griseocollis", "date": "2023-07-10", "julian_day": 191.0, "source": "UtahPP" }, "geometry": { "type": "Point", "coordinates": [ -109.93086, 40.346114 ] } },
{ "type": "Feature", "properties": { "year": "2023", "month": "07", "day": "10", "Bombus species": "nevadensis", "date": "2023-07-10", "julian_day": 191.0, "source": "UtahPP" }, "geometry": { "type": "Point", "coordinates": [ -109.93086, 40.346114 ] } },
{ "type": "Feature", "properties": { "year": "2020", "month": "07", "day": "04", "Bombus species": "fervidus", "date": "2020-07-04", "julian_day": 186.0, "source": "UtahPP" }, "geometry": { "type": "Point", "coordinates": [ -109.9442655, 40.18309373 ] } },
{ "type": "Feature", "properties": { "year": "2020", "month": "05", "day": "13", "Bombus species": "fervidus", "date": "2020-05-13", "julian_day": 134.0, "source": "UtahPP" }, "geometry": { "type": "Point", "coordinates": [ -109.9442771, 40.1829238 ] } },
{ "type": "Feature", "properties": { "year": "2020", "month": "05", "day": "03", "Bombus species": "huntii", "date": "2020-05-03", "julian_day": 124.0, "source": "UtahPP" }, "geometry": { "type": "Point", "coordinates": [ -109.9442904, 40.18290385 ] } },
{ "type": "Feature", "properties": { "year": "2022", "month": "05", "day": "27", "Bombus species": "griseocollis", "date": "2022-05-27", "julian_day": 147.0, "source": "UtahPP" }, "geometry": { "type": "Point", "coordinates": [ -109.9824375, 40.27276109 ] } },
{ "type": "Feature", "properties": { "year": "2020", "month": "05", "day": "11", "Bombus species": "huntii", "date": "2020-05-11", "julian_day": 132.0, "source": "UtahPP" }, "geometry": { "type": "Point", "coordinates": [ -109.9824853, 40.2727696 ] } },
{ "type": "Feature", "properties": { "year": "2020", "month": "05", "day": "15", "Bombus species": "huntii", "date": "2020-05-15", "julian_day": 136.0, "source": "UtahPP" }, "geometry": { "type": "Point", "coordinates": [ -109.9825211, 40.27269127 ] } },
{ "type": "Feature", "properties": { "year": "2020", "month": "04", "day": "28", "Bombus species": "nevadensis", "date": "2020-04-28", "julian_day": 119.0, "source": "UtahPP" }, "geometry": { "type": "Point", "coordinates": [ -109.9825274, 40.27269605 ] } },
{ "type": "Feature", "properties": { "year": "2020", "month": "04", "day": "28", "Bombus species": "huntii", "date": "2020-04-28", "julian_day": 119.0, "source": "UtahPP" }, "geometry": { "type": "Point", "coordinates": [ -109.9825533, 40.27262602 ] } },
{ "type": "Feature", "properties": { "year": "2020", "month": "05", "day": "10", "Bombus species": "fervidus", "date": "2020-05-10", "julian_day": 131.0, "source": "UtahPP" }, "geometry": { "type": "Point", "coordinates": [ -109.982572, 40.27271759 ] } },
{ "type": "Feature", "properties": { "year": "2020", "month": "04", "day": "28", "Bombus species": "griseocollis", "date": "2020-04-28", "julian_day": 119.0, "source": "UtahPP" }, "geometry": { "type": "Point", "coordinates": [ -109.9827277, 40.27257845 ] } },
{ "type": "Feature", "properties": { "year": "2020", "month": "06", "day": "16", "Bombus species": "huntii", "date": "2020-06-16", "julian_day": 168.0, "source": "UtahPP" }, "geometry": { "type": "Point", "coordinates": [ -109.9827292, 40.27251403 ] } },
{ "type": "Feature", "properties": { "year": "2020", "month": "05", "day": "11", "Bombus species": "griseocollis", "date": "2020-05-11", "julian_day": 132.0, "source": "UtahPP" }, "geometry": { "type": "Point", "coordinates": [ -109.9828109, 40.27333057 ] } },
{ "type": "Feature", "properties": { "year": "2020", "month": "05", "day": "11", "Bombus species": "griseocollis", "date": "2020-05-11", "julian_day": 132.0, "source": "UtahPP" }, "geometry": { "type": "Point", "coordinates": [ -109.9829623, 40.27346832 ] } },
{ "type": "Feature", "properties": { "year": "2020", "month": "04", "day": "29", "Bombus species": "huntii", "date": "2020-04-29", "julian_day": 120.0, "source": "UtahPP" }, "geometry": { "type": "Point", "coordinates": [ -109.9954349, 40.28439106 ] } },
{ "type": "Feature", "properties": { "year": "2023", "month": "08", "day": "02", "Bombus species": "centralis", "date": "2023-08-02", "julian_day": 214.0, "source": "UtahPP" }, "geometry": { "type": "Point", "coordinates": [ -110.0031958, 40.83851723 ] } },
{ "type": "Feature", "properties": { "year": "2020", "month": "07", "day": "04", "Bombus species": "griseocollis", "date": "2020-07-04", "julian_day": 186.0, "source": "UtahPP" }, "geometry": { "type": "Point", "coordinates": [ -110.1425394, 40.18922015 ] } },
{ "type": "Feature", "properties": { "year": "2022", "month": "06", "day": "30", "Bombus species": "griseocollis", "date": "2022-06-30", "julian_day": 181.0, "source": "UtahPP" }, "geometry": { "type": "Point", "coordinates": [ -110.3126016, 40.4134979 ] } },
{ "type": "Feature", "properties": { "year": "2023", "month": "07", "day": "13", "Bombus species": "fervidus", "date": "2023-07-13", "julian_day": 194.0, "source": "UtahPP" }, "geometry": { "type": "Point", "coordinates": [ -110.3397581, 39.6418701 ] } },
{ "type": "Feature", "properties": { "year": "2023", "month": "07", "day": "18", "Bombus species": "vancouverensis/bifarius", "date": "2023-07-18", "julian_day": 199.0, "source": "UtahPP" }, "geometry": { "type": "Point", "coordinates": [ -110.428508, 40.610017 ] } },
{ "type": "Feature", "properties": { "year": "2022", "month": "08", "day": "23", "Bombus species": "vancouverensis/bifarius", "date": "2022-08-23", "julian_day": 235.0, "source": "UtahPP" }, "geometry": { "type": "Point", "coordinates": [ -110.440972, 40.58840969 ] } },
{ "type": "Feature", "properties": { "year": "2022", "month": "08", "day": "23", "Bombus species": "vancouverensis/bifarius", "date": "2022-08-23", "julian_day": 235.0, "source": "UtahPP" }, "geometry": { "type": "Point", "coordinates": [ -110.4409828, 40.58839565 ] } },
{ "type": "Feature", "properties": { "year": "2022", "month": "08", "day": "23", "Bombus species": "fervidus", "date": "2022-08-23", "julian_day": 235.0, "source": "UtahPP" }, "geometry": { "type": "Point", "coordinates": [ -110.4409885, 40.5884307 ] } },
{ "type": "Feature", "properties": { "year": "2022", "month": "08", "day": "23", "Bombus species": "flavifrons", "date": "2022-08-23", "julian_day": 235.0, "source": "UtahPP" }, "geometry": { "type": "Point", "coordinates": [ -110.4409989, 40.58841049 ] } },
{ "type": "Feature", "properties": { "year": "2022", "month": "08", "day": "23", "Bombus species": "vancouverensis/bifarius", "date": "2022-08-23", "julian_day": 235.0, "source": "UtahPP" }, "geometry": { "type": "Point", "coordinates": [ -110.4409997, 40.58840299 ] } },
{ "type": "Feature", "properties": { "year": "2022", "month": "08", "day": "23", "Bombus species": "sylvicola", "date": "2022-08-23", "julian_day": 235.0, "source": "UtahPP" }, "geometry": { "type": "Point", "coordinates": [ -110.4410005, 40.58839938 ] } },
{ "type": "Feature", "properties": { "year": "2022", "month": "08", "day": "23", "Bombus species": "vancouverensis/bifarius", "date": "2022-08-23", "julian_day": 235.0, "source": "UtahPP" }, "geometry": { "type": "Point", "coordinates": [ -110.4410011, 40.58840282 ] } },
{ "type": "Feature", "properties": { "year": "2022", "month": "08", "day": "23", "Bombus species": "rufocinctus", "date": "2022-08-23", "julian_day": 235.0, "source": "UtahPP" }, "geometry": { "type": "Point", "coordinates": [ -110.4410017, 40.58839477 ] } },
{ "type": "Feature", "properties": { "year": "2022", "month": "08", "day": "23", "Bombus species": "rufocinctus", "date": "2022-08-23", "julian_day": 235.0, "source": "UtahPP" }, "geometry": { "type": "Point", "coordinates": [ -110.4410017, 40.58840143 ] } },
{ "type": "Feature", "properties": { "year": "2022", "month": "08", "day": "23", "Bombus species": "vancouverensis/bifarius", "date": "2022-08-23", "julian_day": 235.0, "source": "UtahPP" }, "geometry": { "type": "Point", "coordinates": [ -110.4410025, 40.58841229 ] } },
{ "type": "Feature", "properties": { "year": "2022", "month": "08", "day": "23", "Bombus species": "flavifrons", "date": "2022-08-23", "julian_day": 235.0, "source": "UtahPP" }, "geometry": { "type": "Point", "coordinates": [ -110.4410033, 40.58839938 ] } },
{ "type": "Feature", "properties": { "year": "2022", "month": "08", "day": "23", "Bombus species": "vancouverensis/bifarius", "date": "2022-08-23", "julian_day": 235.0, "source": "UtahPP" }, "geometry": { "type": "Point", "coordinates": [ -110.4410052, 40.5884218 ] } },
{ "type": "Feature", "properties": { "year": "2022", "month": "08", "day": "23", "Bombus species": "vancouverensis/bifarius", "date": "2022-08-23", "julian_day": 235.0, "source": "UtahPP" }, "geometry": { "type": "Point", "coordinates": [ -110.4410069, 40.58839888 ] } },
{ "type": "Feature", "properties": { "year": "2022", "month": "08", "day": "23", "Bombus species": "vancouverensis/bifarius", "date": "2022-08-23", "julian_day": 235.0, "source": "UtahPP" }, "geometry": { "type": "Point", "coordinates": [ -110.4410084, 40.58839393 ] } },
{ "type": "Feature", "properties": { "year": "2021", "month": "08", "day": "17", "Bombus species": "huntii", "date": "2021-08-17", "julian_day": 229.0, "source": "UtahPP" }, "geometry": { "type": "Point", "coordinates": [ -110.561, 40.29637 ] } },
{ "type": "Feature", "properties": { "year": "2023", "month": "08", "day": "29", "Bombus species": "huntii", "date": "2023-08-29", "julian_day": 241.0, "source": "UtahPP" }, "geometry": { "type": "Point", "coordinates": [ -110.8225173, 40.20198061 ] } },
{ "type": "Feature", "properties": { "year": "2023", "month": "07", "day": "10", "Bombus species": "fervidus", "date": "2023-07-10", "julian_day": 191.0, "source": "UtahPP" }, "geometry": { "type": "Point", "coordinates": [ -110.8226458, 40.20097681 ] } },
{ "type": "Feature", "properties": { "year": "2021", "month": "06", "day": "27", "Bombus species": "huntii", "date": "2021-06-27", "julian_day": 178.0, "source": "UtahPP" }, "geometry": { "type": "Point", "coordinates": [ -110.838, 39.74309 ] } },
{ "type": "Feature", "properties": { "year": "2021", "month": "08", "day": "06", "Bombus species": "sylvicola", "date": "2021-08-06", "julian_day": 218.0, "source": "UtahPP" }, "geometry": { "type": "Point", "coordinates": [ -110.886, 40.70795 ] } },
{ "type": "Feature", "properties": { "year": "2023", "month": "08", "day": "07", "Bombus species": "mixtus", "date": "2023-08-07", "julian_day": 219.0, "source": "UtahPP" }, "geometry": { "type": "Point", "coordinates": [ -110.886316, 40.702446 ] } },
{ "type": "Feature", "properties": { "year": "2021", "month": "08", "day": "06", "Bombus species": "occidentalis", "date": "2021-08-06", "julian_day": 218.0, "source": "UtahPP" }, "geometry": { "type": "Point", "coordinates": [ -110.887, 40.70112 ] } },
{ "type": "Feature", "properties": { "year": "2021", "month": "08", "day": "06", "Bombus species": "occidentalis", "date": "2021-08-06", "julian_day": 218.0, "source": "UtahPP" }, "geometry": { "type": "Point", "coordinates": [ -110.887, 40.70113 ] } },
{ "type": "Feature", "properties": { "year": "2023", "month": "08", "day": "07", "Bombus species": "vancouverensis/bifarius", "date": "2023-08-07", "julian_day": 219.0, "source": "UtahPP" }, "geometry": { "type": "Point", "coordinates": [ -110.887051, 40.701543 ] } },
{ "type": "Feature", "properties": { "year": "2023", "month": "08", "day": "07", "Bombus species": "mixtus", "date": "2023-08-07", "julian_day": 219.0, "source": "UtahPP" }, "geometry": { "type": "Point", "coordinates": [ -110.887051, 40.701543 ] } },
{ "type": "Feature", "properties": { "year": "2023", "month": "08", "day": "07", "Bombus species": "mixtus", "date": "2023-08-07", "julian_day": 219.0, "source": "UtahPP" }, "geometry": { "type": "Point", "coordinates": [ -110.887269, 40.702198 ] } },
{ "type": "Feature", "properties": { "year": "2023", "month": "08", "day": "07", "Bombus species": "mixtus", "date": "2023-08-07", "julian_day": 219.0, "source": "UtahPP" }, "geometry": { "type": "Point", "coordinates": [ -110.887513, 40.700439 ] } },
{ "type": "Feature", "properties": { "year": "2023", "month": "08", "day": "07", "Bombus species": "mixtus", "date": "2023-08-07", "julian_day": 219.0, "source": "UtahPP" }, "geometry": { "type": "Point", "coordinates": [ -110.887519, 40.700424 ] } },
{ "type": "Feature", "properties": { "year": "2023", "month": "08", "day": "07", "Bombus species": "huntii", "date": "2023-08-07", "julian_day": 219.0, "source": "UtahPP" }, "geometry": { "type": "Point", "coordinates": [ -110.887528, 40.700479 ] } },
{ "type": "Feature", "properties": { "year": "2023", "month": "08", "day": "07", "Bombus species": "mixtus", "date": "2023-08-07", "julian_day": 219.0, "source": "UtahPP" }, "geometry": { "type": "Point", "coordinates": [ -110.88755, 40.700452 ] } },
{ "type": "Feature", "properties": { "year": "2023", "month": "08", "day": "07", "Bombus species": "mixtus", "date": "2023-08-07", "julian_day": 219.0, "source": "UtahPP" }, "geometry": { "type": "Point", "coordinates": [ -110.88755, 40.700452 ] } },
{ "type": "Feature", "properties": { "year": "2023", "month": "08", "day": "07", "Bombus species": "vancouverensis/bifarius", "date": "2023-08-07", "julian_day": 219.0, "source": "UtahPP" }, "geometry": { "type": "Point", "coordinates": [ -110.888051, 40.700389 ] } },
{ "type": "Feature", "properties": { "year": "2023", "month": "08", "day": "08", "Bombus species": "vancouverensis/bifarius", "date": "2023-08-08", "julian_day": 220.0, "source": "UtahPP" }, "geometry": { "type": "Point", "coordinates": [ -110.888285, 40.700225 ] } },
{ "type": "Feature", "properties": { "year": "2023", "month": "08", "day": "08", "Bombus species": "vancouverensis/bifarius", "date": "2023-08-08", "julian_day": 220.0, "source": "UtahPP" }, "geometry": { "type": "Point", "coordinates": [ -110.88836, 40.700195 ] } },
{ "type": "Feature", "properties": { "year": "2023", "month": "08", "day": "08", "Bombus species": "centralis", "date": "2023-08-08", "julian_day": 220.0, "source": "UtahPP" }, "geometry": { "type": "Point", "coordinates": [ -110.88836, 40.700195 ] } },
{ "type": "Feature", "properties": { "year": "2023", "month": "08", "day": "08", "Bombus species": "fervidus", "date": "2023-08-08", "julian_day": 220.0, "source": "UtahPP" }, "geometry": { "type": "Point", "coordinates": [ -110.888421, 40.70013 ] } },
{ "type": "Feature", "properties": { "year": "2023", "month": "08", "day": "08", "Bombus species": "flavifrons", "date": "2023-08-08", "julian_day": 220.0, "source": "UtahPP" }, "geometry": { "type": "Point", "coordinates": [ -110.888458, 40.700146 ] } },
{ "type": "Feature", "properties": { "year": "2021", "month": "08", "day": "06", "Bombus species": "vancouverensis/bifarius", "date": "2021-08-06", "julian_day": 218.0, "source": "UtahPP" }, "geometry": { "type": "Point", "coordinates": [ -110.891, 40.70491 ] } },
{ "type": "Feature", "properties": { "year": "2022", "month": "08", "day": "16", "Bombus species": "centralis", "date": "2022-08-16", "julian_day": 228.0, "source": "UtahPP" }, "geometry": { "type": "Point", "coordinates": [ -110.9168691, 40.74251152 ] } },
{ "type": "Feature", "properties": { "year": "2022", "month": "08", "day": "17", "Bombus species": "sylvicola", "date": "2022-08-17", "julian_day": 229.0, "source": "UtahPP" }, "geometry": { "type": "Point", "coordinates": [ -110.9174868, 40.74224807 ] } },
{ "type": "Feature", "properties": { "year": "2023", "month": "07", "day": "21", "Bombus species": "huntii", "date": "2023-07-21", "julian_day": 202.0, "source": "UtahPP" }, "geometry": { "type": "Point", "coordinates": [ -110.9337356, 39.80830429 ] } },
{ "type": "Feature", "properties": { "year": "2022", "month": "07", "day": "07", "Bombus species": "morrisoni", "date": "2022-07-07", "julian_day": 188.0, "source": "UtahPP" }, "geometry": { "type": "Point", "coordinates": [ -110.9384074, 39.91860887 ] } },
{ "type": "Feature", "properties": { "year": "2020", "month": "05", "day": "31", "Bombus species": "vancouverensis/bifarius", "date": "2020-05-31", "julian_day": 152.0, "source": "UtahPP" }, "geometry": { "type": "Point", "coordinates": [ -110.9389715, 40.63284378 ] } },
{ "type": "Feature", "properties": { "year": "2021", "month": "08", "day": "06", "Bombus species": "centralis", "date": "2021-08-06", "julian_day": 218.0, "source": "UtahPP" }, "geometry": { "type": "Point", "coordinates": [ -110.945, 40.65661 ] } },
{ "type": "Feature", "properties": { "year": "2020", "month": "06", "day": "10", "Bombus species": "griseocollis", "date": "2020-06-10", "julian_day": 162.0, "source": "UtahPP" }, "geometry": { "type": "Point", "coordinates": [ -110.9679146, 39.35458398 ] } },
{ "type": "Feature", "properties": { "year": "2021", "month": "08", "day": "06", "Bombus species": "fervidus", "date": "2021-08-06", "julian_day": 218.0, "source": "UtahPP" }, "geometry": { "type": "Point", "coordinates": [ -111.0, 40.54642 ] } },
{ "type": "Feature", "properties": { "year": "2021", "month": "08", "day": "06", "Bombus species": "vancouverensis/bifarius", "date": "2021-08-06", "julian_day": 218.0, "source": "UtahPP" }, "geometry": { "type": "Point", "coordinates": [ -111.008, 40.54635 ] } },
{ "type": "Feature", "properties": { "year": "2023", "month": "08", "day": "07", "Bombus species": "vancouverensis/bifarius", "date": "2023-08-07", "julian_day": 219.0, "source": "UtahPP" }, "geometry": { "type": "Point", "coordinates": [ -111.0218, 40.5427 ] } },
{ "type": "Feature", "properties": { "year": "2023", "month": "08", "day": "07", "Bombus species": "vancouverensis/bifarius", "date": "2023-08-07", "julian_day": 219.0, "source": "UtahPP" }, "geometry": { "type": "Point", "coordinates": [ -111.0218, 40.5427 ] } },
{ "type": "Feature", "properties": { "year": "2023", "month": "08", "day": "07", "Bombus species": "vancouverensis/bifarius", "date": "2023-08-07", "julian_day": 219.0, "source": "UtahPP" }, "geometry": { "type": "Point", "coordinates": [ -111.0218, 40.5427 ] } },
{ "type": "Feature", "properties": { "year": "2023", "month": "08", "day": "07", "Bombus species": "vancouverensis/bifarius", "date": "2023-08-07", "julian_day": 219.0, "source": "UtahPP" }, "geometry": { "type": "Point", "coordinates": [ -111.0218, 40.5427 ] } },
{ "type": "Feature", "properties": { "year": "2023", "month": "08", "day": "07", "Bombus species": "vancouverensis/bifarius", "date": "2023-08-07", "julian_day": 219.0, "source": "UtahPP" }, "geometry": { "type": "Point", "coordinates": [ -111.0218, 40.5427 ] } },
{ "type": "Feature", "properties": { "year": "2023", "month": "08", "day": "07", "Bombus species": "vancouverensis/bifarius", "date": "2023-08-07", "julian_day": 219.0, "source": "UtahPP" }, "geometry": { "type": "Point", "coordinates": [ -111.0218, 40.5427 ] } },
{ "type": "Feature", "properties": { "year": "2023", "month": "08", "day": "07", "Bombus species": "vancouverensis/bifarius", "date": "2023-08-07", "julian_day": 219.0, "source": "UtahPP" }, "geometry": { "type": "Point", "coordinates": [ -111.0218, 40.5427 ] } },
{ "type": "Feature", "properties": { "year": "2023", "month": "08", "day": "07", "Bombus species": "vancouverensis/bifarius", "date": "2023-08-07", "julian_day": 219.0, "source": "UtahPP" }, "geometry": { "type": "Point", "coordinates": [ -111.0218, 40.5427 ] } },
{ "type": "Feature", "properties": { "year": "2023", "month": "08", "day": "07", "Bombus species": "vancouverensis/bifarius", "date": "2023-08-07", "julian_day": 219.0, "source": "UtahPP" }, "geometry": { "type": "Point", "coordinates": [ -111.0218, 40.5427 ] } },
{ "type": "Feature", "properties": { "year": "2023", "month": "08", "day": "07", "Bombus species": "vancouverensis/bifarius", "date": "2023-08-07", "julian_day": 219.0, "source": "UtahPP" }, "geometry": { "type": "Point", "coordinates": [ -111.0218, 40.5427 ] } },
{ "type": "Feature", "properties": { "year": "2023", "month": "08", "day": "07", "Bombus species": "vancouverensis/bifarius", "date": "2023-08-07", "julian_day": 219.0, "source": "UtahPP" }, "geometry": { "type": "Point", "coordinates": [ -111.0218, 40.5427 ] } },
{ "type": "Feature", "properties": { "year": "2023", "month": "08", "day": "07", "Bombus species": "vancouverensis/bifarius", "date": "2023-08-07", "julian_day": 219.0, "source": "UtahPP" }, "geometry": { "type": "Point", "coordinates": [ -111.0218, 40.5427 ] } },
{ "type": "Feature", "properties": { "year": "2023", "month": "08", "day": "07", "Bombus species": "vancouverensis/bifarius", "date": "2023-08-07", "julian_day": 219.0, "source": "UtahPP" }, "geometry": { "type": "Point", "coordinates": [ -111.0218, 40.5427 ] } },
{ "type": "Feature", "properties": { "year": "2023", "month": "08", "day": "07", "Bombus species": "vancouverensis/bifarius", "date": "2023-08-07", "julian_day": 219.0, "source": "UtahPP" }, "geometry": { "type": "Point", "coordinates": [ -111.0218, 40.5427 ] } },
{ "type": "Feature", "properties": { "year": "2023", "month": "08", "day": "07", "Bombus species": "vancouverensis/bifarius", "date": "2023-08-07", "julian_day": 219.0, "source": "UtahPP" }, "geometry": { "type": "Point", "coordinates": [ -111.0218, 40.5427 ] } },
{ "type": "Feature", "properties": { "year": "2023", "month": "08", "day": "07", "Bombus species": "vancouverensis/bifarius", "date": "2023-08-07", "julian_day": 219.0, "source": "UtahPP" }, "geometry": { "type": "Point", "coordinates": [ -111.0218, 40.5427 ] } },
{ "type": "Feature", "properties": { "year": "2023", "month": "08", "day": "07", "Bombus species": "centralis", "date": "2023-08-07", "julian_day": 219.0, "source": "UtahPP" }, "geometry": { "type": "Point", "coordinates": [ -111.0218, 40.5427 ] } },
{ "type": "Feature", "properties": { "year": "2023", "month": "08", "day": "07", "Bombus species": "centralis", "date": "2023-08-07", "julian_day": 219.0, "source": "UtahPP" }, "geometry": { "type": "Point", "coordinates": [ -111.0218, 40.5427 ] } },
{ "type": "Feature", "properties": { "year": "2023", "month": "08", "day": "07", "Bombus species": "centralis", "date": "2023-08-07", "julian_day": 219.0, "source": "UtahPP" }, "geometry": { "type": "Point", "coordinates": [ -111.0218, 40.5427 ] } },
{ "type": "Feature", "properties": { "year": "2023", "month": "08", "day": "07", "Bombus species": "fervidus", "date": "2023-08-07", "julian_day": 219.0, "source": "UtahPP" }, "geometry": { "type": "Point", "coordinates": [ -111.0218, 40.5427 ] } },
{ "type": "Feature", "properties": { "year": "2023", "month": "08", "day": "07", "Bombus species": "occidentalis", "date": "2023-08-07", "julian_day": 219.0, "source": "UtahPP" }, "geometry": { "type": "Point", "coordinates": [ -111.0218, 40.5427 ] } },
{ "type": "Feature", "properties": { "year": "2023", "month": "08", "day": "07", "Bombus species": "sylvicola", "date": "2023-08-07", "julian_day": 219.0, "source": "UtahPP" }, "geometry": { "type": "Point", "coordinates": [ -111.0218, 40.5427 ] } },
{ "type": "Feature", "properties": { "year": "2023", "month": "08", "day": "07", "Bombus species": "sylvicola", "date": "2023-08-07", "julian_day": 219.0, "source": "UtahPP" }, "geometry": { "type": "Point", "coordinates": [ -111.0218, 40.5427 ] } },
{ "type": "Feature", "properties": { "year": "2022", "month": "07", "day": "08", "Bombus species": "vancouverensis/bifarius", "date": "2022-07-08", "julian_day": 189.0, "source": "UtahPP" }, "geometry": { "type": "Point", "coordinates": [ -111.0389885, 40.54147536 ] } },
{ "type": "Feature", "properties": { "year": "2022", "month": "07", "day": "08", "Bombus species": "melanopygus", "date": "2022-07-08", "julian_day": 189.0, "source": "UtahPP" }, "geometry": { "type": "Point", "coordinates": [ -111.0391049, 40.54157474 ] } },
{ "type": "Feature", "properties": { "year": "2022", "month": "07", "day": "08", "Bombus species": "vancouverensis/bifarius", "date": "2022-07-08", "julian_day": 189.0, "source": "UtahPP" }, "geometry": { "type": "Point", "coordinates": [ -111.0391118, 40.54166488 ] } },
{ "type": "Feature", "properties": { "year": "2022", "month": "07", "day": "08", "Bombus species": "vancouverensis/bifarius", "date": "2022-07-08", "julian_day": 189.0, "source": "UtahPP" }, "geometry": { "type": "Point", "coordinates": [ -111.0392039, 40.5414548 ] } },
{ "type": "Feature", "properties": { "year": "2022", "month": "07", "day": "08", "Bombus species": "vancouverensis/bifarius", "date": "2022-07-08", "julian_day": 189.0, "source": "UtahPP" }, "geometry": { "type": "Point", "coordinates": [ -111.039722, 40.541494 ] } },
{ "type": "Feature", "properties": { "year": "2022", "month": "07", "day": "08", "Bombus species": "vancouverensis/bifarius", "date": "2022-07-08", "julian_day": 189.0, "source": "UtahPP" }, "geometry": { "type": "Point", "coordinates": [ -111.039722, 40.541494 ] } },
{ "type": "Feature", "properties": { "year": "2022", "month": "07", "day": "08", "Bombus species": "vancouverensis/bifarius", "date": "2022-07-08", "julian_day": 189.0, "source": "UtahPP" }, "geometry": { "type": "Point", "coordinates": [ -111.039722, 40.541494 ] } },
{ "type": "Feature", "properties": { "year": "2023", "month": "08", "day": "07", "Bombus species": "fervidus", "date": "2023-08-07", "julian_day": 219.0, "source": "UtahPP" }, "geometry": { "type": "Point", "coordinates": [ -111.041, 40.5715 ] } },
{ "type": "Feature", "properties": { "year": "2023", "month": "08", "day": "07", "Bombus species": "appositus", "date": "2023-08-07", "julian_day": 219.0, "source": "UtahPP" }, "geometry": { "type": "Point", "coordinates": [ -111.041442, 40.571477 ] } },
{ "type": "Feature", "properties": { "year": "2023", "month": "08", "day": "07", "Bombus species": "insularis", "date": "2023-08-07", "julian_day": 219.0, "source": "UtahPP" }, "geometry": { "type": "Point", "coordinates": [ -111.041448, 40.571488 ] } },
{ "type": "Feature", "properties": { "year": "2023", "month": "08", "day": "07", "Bombus species": "fervidus", "date": "2023-08-07", "julian_day": 219.0, "source": "UtahPP" }, "geometry": { "type": "Point", "coordinates": [ -111.041889, 40.5715 ] } },
{ "type": "Feature", "properties": { "year": "2023", "month": "08", "day": "07", "Bombus species": "insularis", "date": "2023-08-07", "julian_day": 219.0, "source": "UtahPP" }, "geometry": { "type": "Point", "coordinates": [ -111.041889, 40.5715 ] } },
{ "type": "Feature", "properties": { "year": "2023", "month": "08", "day": "07", "Bombus species": "occidentalis", "date": "2023-08-07", "julian_day": 219.0, "source": "UtahPP" }, "geometry": { "type": "Point", "coordinates": [ -111.041889, 40.5715 ] } },
{ "type": "Feature", "properties": { "year": "2023", "month": "07", "day": "20", "Bombus species": "centralis", "date": "2023-07-20", "julian_day": 201.0, "source": "UtahPP" }, "geometry": { "type": "Point", "coordinates": [ -111.0450135, 39.63504866 ] } },
{ "type": "Feature", "properties": { "year": "2023", "month": "08", "day": "07", "Bombus species": "vancouverensis/bifarius", "date": "2023-08-07", "julian_day": 219.0, "source": "UtahPP" }, "geometry": { "type": "Point", "coordinates": [ -111.045476, 40.572735 ] } },
{ "type": "Feature", "properties": { "year": "2023", "month": "08", "day": "07", "Bombus species": "fervidus", "date": "2023-08-07", "julian_day": 219.0, "source": "UtahPP" }, "geometry": { "type": "Point", "coordinates": [ -111.045487, 40.572742 ] } },
{ "type": "Feature", "properties": { "year": "2023", "month": "08", "day": "07", "Bombus species": "vancouverensis/bifarius", "date": "2023-08-07", "julian_day": 219.0, "source": "UtahPP" }, "geometry": { "type": "Point", "coordinates": [ -111.045488, 40.572917 ] } },
{ "type": "Feature", "properties": { "year": "2023", "month": "08", "day": "07", "Bombus species": "vancouverensis/bifarius", "date": "2023-08-07", "julian_day": 219.0, "source": "UtahPP" }, "geometry": { "type": "Point", "coordinates": [ -111.045489, 40.572914 ] } },
{ "type": "Feature", "properties": { "year": "2023", "month": "08", "day": "07", "Bombus species": "insularis", "date": "2023-08-07", "julian_day": 219.0, "source": "UtahPP" }, "geometry": { "type": "Point", "coordinates": [ -111.045489, 40.57292 ] } },
{ "type": "Feature", "properties": { "year": "2023", "month": "08", "day": "07", "Bombus species": "insularis", "date": "2023-08-07", "julian_day": 219.0, "source": "UtahPP" }, "geometry": { "type": "Point", "coordinates": [ -111.045557, 40.573249 ] } },
{ "type": "Feature", "properties": { "year": "2023", "month": "08", "day": "07", "Bombus species": "vancouverensis/bifarius", "date": "2023-08-07", "julian_day": 219.0, "source": "UtahPP" }, "geometry": { "type": "Point", "coordinates": [ -111.045588, 40.573162 ] } },
{ "type": "Feature", "properties": { "year": "2023", "month": "08", "day": "07", "Bombus species": "vancouverensis/bifarius", "date": "2023-08-07", "julian_day": 219.0, "source": "UtahPP" }, "geometry": { "type": "Point", "coordinates": [ -111.045683, 40.573072 ] } },
{ "type": "Feature", "properties": { "year": "2023", "month": "06", "day": "26", "Bombus species": "insularis", "date": "2023-06-26", "julian_day": 177.0, "source": "UtahPP" }, "geometry": { "type": "Point", "coordinates": [ -111.0726445, 40.10876383 ] } },
{ "type": "Feature", "properties": { "year": "2023", "month": "06", "day": "26", "Bombus species": "huntii", "date": "2023-06-26", "julian_day": 177.0, "source": "UtahPP" }, "geometry": { "type": "Point", "coordinates": [ -111.0726923, 40.10866123 ] } },
{ "type": "Feature", "properties": { "year": "2023", "month": "06", "day": "27", "Bombus species": "rufocinctus", "date": "2023-06-27", "julian_day": 178.0, "source": "UtahPP" }, "geometry": { "type": "Point", "coordinates": [ -111.0750376, 40.33074855 ] } },
{ "type": "Feature", "properties": { "year": "2023", "month": "09", "day": "10", "Bombus species": "occidentalis", "date": "2023-09-10", "julian_day": 253.0, "source": "UtahPP" }, "geometry": { "type": "Point", "coordinates": [ -111.0751967, 40.47663409 ] } },
{ "type": "Feature", "properties": { "year": "2020", "month": "05", "day": "31", "Bombus species": "vancouverensis/bifarius", "date": "2020-05-31", "julian_day": 152.0, "source": "UtahPP" }, "geometry": { "type": "Point", "coordinates": [ -111.0808066, 40.54590378 ] } },
{ "type": "Feature", "properties": { "year": "2021", "month": "05", "day": "16", "Bombus species": "vancouverensis/bifarius", "date": "2021-05-16", "julian_day": 136.0, "source": "UtahPP" }, "geometry": { "type": "Point", "coordinates": [ -111.0821542, 40.54538345 ] } },
{ "type": "Feature", "properties": { "year": "2020", "month": "05", "day": "31", "Bombus species": "insularis", "date": "2020-05-31", "julian_day": 152.0, "source": "UtahPP" }, "geometry": { "type": "Point", "coordinates": [ -111.0825827, 40.54791188 ] } },
{ "type": "Feature", "properties": { "year": "2020", "month": "05", "day": "31", "Bombus species": "vancouverensis/bifarius", "date": "2020-05-31", "julian_day": 152.0, "source": "UtahPP" }, "geometry": { "type": "Point", "coordinates": [ -111.0908712, 40.54619755 ] } },
{ "type": "Feature", "properties": { "year": "2023", "month": "06", "day": "27", "Bombus species": "vancouverensis/bifarius", "date": "2023-06-27", "julian_day": 178.0, "source": "UtahPP" }, "geometry": { "type": "Point", "coordinates": [ -111.096163, 40.08003737 ] } },
{ "type": "Feature", "properties": { "year": "2023", "month": "06", "day": "09", "Bombus species": "huntii", "date": "2023-06-09", "julian_day": 160.0, "source": "UtahPP" }, "geometry": { "type": "Point", "coordinates": [ -111.1018663, 41.58656005 ] } },
{ "type": "Feature", "properties": { "year": "2023", "month": "09", "day": "09", "Bombus species": "occidentalis", "date": "2023-09-09", "julian_day": 252.0, "source": "UtahPP" }, "geometry": { "type": "Point", "coordinates": [ -111.1086528, 40.76394778 ] } },
{ "type": "Feature", "properties": { "year": "2023", "month": "09", "day": "09", "Bombus species": "occidentalis", "date": "2023-09-09", "julian_day": 252.0, "source": "UtahPP" }, "geometry": { "type": "Point", "coordinates": [ -111.1087139, 40.76398985 ] } },
{ "type": "Feature", "properties": { "year": "2023", "month": "09", "day": "07", "Bombus species": "appositus", "date": "2023-09-07", "julian_day": 250.0, "source": "UtahPP" }, "geometry": { "type": "Point", "coordinates": [ -111.112495, 40.788445 ] } },
{ "type": "Feature", "properties": { "year": "2023", "month": "09", "day": "07", "Bombus species": "occidentalis", "date": "2023-09-07", "julian_day": 250.0, "source": "UtahPP" }, "geometry": { "type": "Point", "coordinates": [ -111.112495, 40.788445 ] } },
{ "type": "Feature", "properties": { "year": "2023", "month": "09", "day": "07", "Bombus species": "occidentalis", "date": "2023-09-07", "julian_day": 250.0, "source": "UtahPP" }, "geometry": { "type": "Point", "coordinates": [ -111.112495, 40.788445 ] } },
{ "type": "Feature", "properties": { "year": "2023", "month": "07", "day": "24", "Bombus species": "morrisoni", "date": "2023-07-24", "julian_day": 205.0, "source": "UtahPP" }, "geometry": { "type": "Point", "coordinates": [ -111.1150174, 40.22461466 ] } },
{ "type": "Feature", "properties": { "year": "2023", "month": "07", "day": "24", "Bombus species": "vancouverensis/bifarius", "date": "2023-07-24", "julian_day": 205.0, "source": "UtahPP" }, "geometry": { "type": "Point", "coordinates": [ -111.1253955, 40.22518908 ] } },
{ "type": "Feature", "properties": { "year": "2023", "month": "09", "day": "07", "Bombus species": "centralis", "date": "2023-09-07", "julian_day": 250.0, "source": "UtahPP" }, "geometry": { "type": "Point", "coordinates": [ -111.127892, 40.71788834 ] } },
{ "type": "Feature", "properties": { "year": "2023", "month": "08", "day": "30", "Bombus species": "vancouverensis/bifarius", "date": "2023-08-30", "julian_day": 242.0, "source": "UtahPP" }, "geometry": { "type": "Point", "coordinates": [ -111.1371676, 40.36209086 ] } },
{ "type": "Feature", "properties": { "year": "2021", "month": "07", "day": "04", "Bombus species": "centralis", "date": "2021-07-04", "julian_day": 185.0, "source": "UtahPP" }, "geometry": { "type": "Point", "coordinates": [ -111.148, 40.54727 ] } },
{ "type": "Feature", "properties": { "year": "2021", "month": "08", "day": "01", "Bombus species": "vancouverensis/bifarius", "date": "2021-08-01", "julian_day": 213.0, "source": "UtahPP" }, "geometry": { "type": "Point", "coordinates": [ -111.158, 40.15461 ] } },
{ "type": "Feature", "properties": { "year": "2022", "month": "09", "day": "01", "Bombus species": "huntii", "date": "2022-09-01", "julian_day": 244.0, "source": "UtahPP" }, "geometry": { "type": "Point", "coordinates": [ -111.1622132, 39.71806643 ] } },
{ "type": "Feature", "properties": { "year": "2021", "month": "06", "day": "17", "Bombus species": "vancouverensis/bifarius", "date": "2021-06-17", "julian_day": 168.0, "source": "UtahPP" }, "geometry": { "type": "Point", "coordinates": [ -111.187116, 40.90790023 ] } },
{ "type": "Feature", "properties": { "year": "2023", "month": "09", "day": "23", "Bombus species": "fervidus", "date": "2023-09-23", "julian_day": 266.0, "source": "UtahPP" }, "geometry": { "type": "Point", "coordinates": [ -111.1878307, 40.21751392 ] } },
{ "type": "Feature", "properties": { "year": "2021", "month": "08", "day": "11", "Bombus species": "appositus", "date": "2021-08-11", "julian_day": 223.0, "source": "UtahPP" }, "geometry": { "type": "Point", "coordinates": [ -111.189, 40.17741 ] } },
{ "type": "Feature", "properties": { "year": "2023", "month": "06", "day": "22", "Bombus species": "vancouverensis/bifarius", "date": "2023-06-22", "julian_day": 173.0, "source": "UtahPP" }, "geometry": { "type": "Point", "coordinates": [ -111.1900297, 40.24632569 ] } },
{ "type": "Feature", "properties": { "year": "2021", "month": "06", "day": "10", "Bombus species": "melanopygus", "date": "2021-06-10", "julian_day": 161.0, "source": "UtahPP" }, "geometry": { "type": "Point", "coordinates": [ -111.1930169, 40.90603148 ] } },
{ "type": "Feature", "properties": { "year": "2021", "month": "07", "day": "28", "Bombus species": "appositus", "date": "2021-07-28", "julian_day": 209.0, "source": "UtahPP" }, "geometry": { "type": "Point", "coordinates": [ -111.238, 40.90108 ] } },
{ "type": "Feature", "properties": { "year": "2021", "month": "08", "day": "04", "Bombus species": "nevadensis", "date": "2021-08-04", "julian_day": 216.0, "source": "UtahPP" }, "geometry": { "type": "Point", "coordinates": [ -111.238, 40.89976 ] } },
{ "type": "Feature", "properties": { "year": "2022", "month": "08", "day": "10", "Bombus species": "nevadensis", "date": "2022-08-10", "julian_day": 222.0, "source": "UtahPP" }, "geometry": { "type": "Point", "coordinates": [ -111.244957, 40.47060641 ] } },
{ "type": "Feature", "properties": { "year": "2022", "month": "08", "day": "08", "Bombus species": "nevadensis", "date": "2022-08-08", "julian_day": 220.0, "source": "UtahPP" }, "geometry": { "type": "Point", "coordinates": [ -111.2450072, 40.47053951 ] } },
{ "type": "Feature", "properties": { "year": "2022", "month": "08", "day": "08", "Bombus species": "nevadensis", "date": "2022-08-08", "julian_day": 220.0, "source": "UtahPP" }, "geometry": { "type": "Point", "coordinates": [ -111.2450642, 40.47051433 ] } },
{ "type": "Feature", "properties": { "year": "2021", "month": "06", "day": "20", "Bombus species": "fervidus", "date": "2021-06-20", "julian_day": 171.0, "source": "UtahPP" }, "geometry": { "type": "Point", "coordinates": [ -111.254, 42.0549 ] } },
{ "type": "Feature", "properties": { "year": "2023", "month": "07", "day": "27", "Bombus species": "nevadensis", "date": "2023-07-27", "julian_day": 208.0, "source": "UtahPP" }, "geometry": { "type": "Point", "coordinates": [ -111.260985, 40.46948479 ] } },
{ "type": "Feature", "properties": { "year": "2021", "month": "08", "day": "01", "Bombus species": "vancouverensis/bifarius", "date": "2021-08-01", "julian_day": 213.0, "source": "UtahPP" }, "geometry": { "type": "Point", "coordinates": [ -111.323, 40.29687 ] } },
{ "type": "Feature", "properties": { "year": "2023", "month": "08", "day": "07", "Bombus species": "vancouverensis/bifarius", "date": "2023-08-07", "julian_day": 219.0, "source": "UtahPP" }, "geometry": { "type": "Point", "coordinates": [ -111.3234977, 40.63237374 ] } },
{ "type": "Feature", "properties": { "year": "2022", "month": "08", "day": "09", "Bombus species": "rufocinctus", "date": "2022-08-09", "julian_day": 221.0, "source": "UtahPP" }, "geometry": { "type": "Point", "coordinates": [ -111.3300289, 38.03777895 ] } },
{ "type": "Feature", "properties": { "year": "2022", "month": "08", "day": "09", "Bombus species": "vancouverensis/bifarius", "date": "2022-08-09", "julian_day": 221.0, "source": "UtahPP" }, "geometry": { "type": "Point", "coordinates": [ -111.3300368, 38.03775616 ] } },
{ "type": "Feature", "properties": { "year": "2022", "month": "08", "day": "09", "Bombus species": "vancouverensis/bifarius", "date": "2022-08-09", "julian_day": 221.0, "source": "UtahPP" }, "geometry": { "type": "Point", "coordinates": [ -111.3300497, 38.03775835 ] } },
{ "type": "Feature", "properties": { "year": "2022", "month": "08", "day": "09", "Bombus species": "vancouverensis/bifarius", "date": "2022-08-09", "julian_day": 221.0, "source": "UtahPP" }, "geometry": { "type": "Point", "coordinates": [ -111.330051, 38.037727 ] } },
{ "type": "Feature", "properties": { "year": "2022", "month": "08", "day": "09", "Bombus species": "insularis", "date": "2022-08-09", "julian_day": 221.0, "source": "UtahPP" }, "geometry": { "type": "Point", "coordinates": [ -111.330051, 38.037727 ] } },
{ "type": "Feature", "properties": { "year": "2022", "month": "08", "day": "09", "Bombus species": "vancouverensis/bifarius", "date": "2022-08-09", "julian_day": 221.0, "source": "UtahPP" }, "geometry": { "type": "Point", "coordinates": [ -111.3300682, 38.03768311 ] } },
{ "type": "Feature", "properties": { "year": "2022", "month": "08", "day": "09", "Bombus species": "vancouverensis/bifarius", "date": "2022-08-09", "julian_day": 221.0, "source": "UtahPP" }, "geometry": { "type": "Point", "coordinates": [ -111.3300793, 38.0377113 ] } },
{ "type": "Feature", "properties": { "year": "2022", "month": "08", "day": "09", "Bombus species": "flavifrons", "date": "2022-08-09", "julian_day": 221.0, "source": "UtahPP" }, "geometry": { "type": "Point", "coordinates": [ -111.3301029, 38.03767068 ] } },
{ "type": "Feature", "properties": { "year": "2022", "month": "08", "day": "09", "Bombus species": "flavifrons", "date": "2022-08-09", "julian_day": 221.0, "source": "UtahPP" }, "geometry": { "type": "Point", "coordinates": [ -111.3302441, 38.03774549 ] } },
{ "type": "Feature", "properties": { "year": "2022", "month": "08", "day": "09", "Bombus species": "vancouverensis/bifarius", "date": "2022-08-09", "julian_day": 221.0, "source": "UtahPP" }, "geometry": { "type": "Point", "coordinates": [ -111.3304527, 38.03785503 ] } },
{ "type": "Feature", "properties": { "year": "2022", "month": "08", "day": "09", "Bombus species": "vancouverensis/bifarius", "date": "2022-08-09", "julian_day": 221.0, "source": "UtahPP" }, "geometry": { "type": "Point", "coordinates": [ -111.3304802, 38.03774146 ] } },
{ "type": "Feature", "properties": { "year": "2022", "month": "08", "day": "09", "Bombus species": "occidentalis", "date": "2022-08-09", "julian_day": 221.0, "source": "UtahPP" }, "geometry": { "type": "Point", "coordinates": [ -111.3308536, 38.0375495 ] } },
{ "type": "Feature", "properties": { "year": "2022", "month": "08", "day": "09", "Bombus species": "vancouverensis/bifarius", "date": "2022-08-09", "julian_day": 221.0, "source": "UtahPP" }, "geometry": { "type": "Point", "coordinates": [ -111.3313031, 38.03549599 ] } },
{ "type": "Feature", "properties": { "year": "2022", "month": "08", "day": "09", "Bombus species": "insularis", "date": "2022-08-09", "julian_day": 221.0, "source": "UtahPP" }, "geometry": { "type": "Point", "coordinates": [ -111.3313418, 38.04485104 ] } },
{ "type": "Feature", "properties": { "year": "2022", "month": "08", "day": "09", "Bombus species": "vancouverensis/bifarius", "date": "2022-08-09", "julian_day": 221.0, "source": "UtahPP" }, "geometry": { "type": "Point", "coordinates": [ -111.3314939, 38.03531284 ] } },
{ "type": "Feature", "properties": { "year": "2022", "month": "08", "day": "09", "Bombus species": "vancouverensis/bifarius", "date": "2022-08-09", "julian_day": 221.0, "source": "UtahPP" }, "geometry": { "type": "Point", "coordinates": [ -111.3315052, 38.03552248 ] } },
{ "type": "Feature", "properties": { "year": "2022", "month": "08", "day": "09", "Bombus species": "vancouverensis/bifarius", "date": "2022-08-09", "julian_day": 221.0, "source": "UtahPP" }, "geometry": { "type": "Point", "coordinates": [ -111.3315091, 38.04481341 ] } },
{ "type": "Feature", "properties": { "year": "2022", "month": "08", "day": "09", "Bombus species": "rufocinctus", "date": "2022-08-09", "julian_day": 221.0, "source": "UtahPP" }, "geometry": { "type": "Point", "coordinates": [ -111.3315191, 38.03541479 ] } },
{ "type": "Feature", "properties": { "year": "2022", "month": "08", "day": "09", "Bombus species": "vancouverensis/bifarius", "date": "2022-08-09", "julian_day": 221.0, "source": "UtahPP" }, "geometry": { "type": "Point", "coordinates": [ -111.3315308, 38.03557484 ] } },
{ "type": "Feature", "properties": { "year": "2022", "month": "08", "day": "09", "Bombus species": "vancouverensis/bifarius", "date": "2022-08-09", "julian_day": 221.0, "source": "UtahPP" }, "geometry": { "type": "Point", "coordinates": [ -111.3315347, 38.03549617 ] } },
{ "type": "Feature", "properties": { "year": "2022", "month": "08", "day": "09", "Bombus species": "occidentalis", "date": "2022-08-09", "julian_day": 221.0, "source": "UtahPP" }, "geometry": { "type": "Point", "coordinates": [ -111.3316215, 38.03543426 ] } },
{ "type": "Feature", "properties": { "year": "2022", "month": "08", "day": "09", "Bombus species": "rufocinctus", "date": "2022-08-09", "julian_day": 221.0, "source": "UtahPP" }, "geometry": { "type": "Point", "coordinates": [ -111.3316486, 38.03546301 ] } },
{ "type": "Feature", "properties": { "year": "2022", "month": "08", "day": "09", "Bombus species": "vancouverensis/bifarius", "date": "2022-08-09", "julian_day": 221.0, "source": "UtahPP" }, "geometry": { "type": "Point", "coordinates": [ -111.3316609, 38.0353962 ] } },
{ "type": "Feature", "properties": { "year": "2022", "month": "08", "day": "09", "Bombus species": "insularis", "date": "2022-08-09", "julian_day": 221.0, "source": "UtahPP" }, "geometry": { "type": "Point", "coordinates": [ -111.3325125, 38.0444905 ] } },
{ "type": "Feature", "properties": { "year": "2022", "month": "06", "day": "25", "Bombus species": "melanopygus", "date": "2022-06-25", "julian_day": 176.0, "source": "UtahPP" }, "geometry": { "type": "Point", "coordinates": [ -111.3543868, 39.84559145 ] } },
{ "type": "Feature", "properties": { "year": "2023", "month": "08", "day": "05", "Bombus species": "vancouverensis/bifarius", "date": "2023-08-05", "julian_day": 217.0, "source": "UtahPP" }, "geometry": { "type": "Point", "coordinates": [ -111.3587448, 39.78991969 ] } },
{ "type": "Feature", "properties": { "year": "2022", "month": "08", "day": "14", "Bombus species": "insularis", "date": "2022-08-14", "julian_day": 226.0, "source": "UtahPP" }, "geometry": { "type": "Point", "coordinates": [ -111.3620728, 40.21471449 ] } },
{ "type": "Feature", "properties": { "year": "2022", "month": "06", "day": "23", "Bombus species": "insularis", "date": "2022-06-23", "julian_day": 174.0, "source": "UtahPP" }, "geometry": { "type": "Point", "coordinates": [ -111.3668043, 39.65590562 ] } },
{ "type": "Feature", "properties": { "year": "2022", "month": "06", "day": "23", "Bombus species": "insularis", "date": "2022-06-23", "julian_day": 174.0, "source": "UtahPP" }, "geometry": { "type": "Point", "coordinates": [ -111.366829, 39.65609613 ] } },
{ "type": "Feature", "properties": { "year": "2021", "month": "07", "day": "29", "Bombus species": "appositus", "date": "2021-07-29", "julian_day": 210.0, "source": "UtahPP" }, "geometry": { "type": "Point", "coordinates": [ -111.367, 39.65563 ] } },
{ "type": "Feature", "properties": { "year": "2021", "month": "07", "day": "29", "Bombus species": "appositus", "date": "2021-07-29", "julian_day": 210.0, "source": "UtahPP" }, "geometry": { "type": "Point", "coordinates": [ -111.367, 39.65576 ] } },
{ "type": "Feature", "properties": { "year": "2021", "month": "07", "day": "29", "Bombus species": "appositus", "date": "2021-07-29", "julian_day": 210.0, "source": "UtahPP" }, "geometry": { "type": "Point", "coordinates": [ -111.367, 39.6559 ] } },
{ "type": "Feature", "properties": { "year": "2021", "month": "07", "day": "29", "Bombus species": "appositus", "date": "2021-07-29", "julian_day": 210.0, "source": "UtahPP" }, "geometry": { "type": "Point", "coordinates": [ -111.367, 39.65592 ] } },
{ "type": "Feature", "properties": { "year": "2021", "month": "07", "day": "29", "Bombus species": "appositus", "date": "2021-07-29", "julian_day": 210.0, "source": "UtahPP" }, "geometry": { "type": "Point", "coordinates": [ -111.367, 39.65606 ] } },
{ "type": "Feature", "properties": { "year": "2021", "month": "07", "day": "29", "Bombus species": "vancouverensis/bifarius", "date": "2021-07-29", "julian_day": 210.0, "source": "UtahPP" }, "geometry": { "type": "Point", "coordinates": [ -111.367, 39.65565 ] } },
{ "type": "Feature", "properties": { "year": "2021", "month": "07", "day": "29", "Bombus species": "vancouverensis/bifarius", "date": "2021-07-29", "julian_day": 210.0, "source": "UtahPP" }, "geometry": { "type": "Point", "coordinates": [ -111.367, 39.65589 ] } },
{ "type": "Feature", "properties": { "year": "2021", "month": "07", "day": "29", "Bombus species": "centralis", "date": "2021-07-29", "julian_day": 210.0, "source": "UtahPP" }, "geometry": { "type": "Point", "coordinates": [ -111.367, 39.65579 ] } },
{ "type": "Feature", "properties": { "year": "2021", "month": "07", "day": "29", "Bombus species": "centralis", "date": "2021-07-29", "julian_day": 210.0, "source": "UtahPP" }, "geometry": { "type": "Point", "coordinates": [ -111.367, 39.65579 ] } },
{ "type": "Feature", "properties": { "year": "2021", "month": "07", "day": "29", "Bombus species": "centralis", "date": "2021-07-29", "julian_day": 210.0, "source": "UtahPP" }, "geometry": { "type": "Point", "coordinates": [ -111.367, 39.65582 ] } },
{ "type": "Feature", "properties": { "year": "2021", "month": "07", "day": "29", "Bombus species": "centralis", "date": "2021-07-29", "julian_day": 210.0, "source": "UtahPP" }, "geometry": { "type": "Point", "coordinates": [ -111.367, 39.65586 ] } },
{ "type": "Feature", "properties": { "year": "2021", "month": "07", "day": "29", "Bombus species": "centralis", "date": "2021-07-29", "julian_day": 210.0, "source": "UtahPP" }, "geometry": { "type": "Point", "coordinates": [ -111.367, 39.65586 ] } },
{ "type": "Feature", "properties": { "year": "2021", "month": "07", "day": "29", "Bombus species": "centralis", "date": "2021-07-29", "julian_day": 210.0, "source": "UtahPP" }, "geometry": { "type": "Point", "coordinates": [ -111.367, 39.65588 ] } },
{ "type": "Feature", "properties": { "year": "2021", "month": "07", "day": "29", "Bombus species": "centralis", "date": "2021-07-29", "julian_day": 210.0, "source": "UtahPP" }, "geometry": { "type": "Point", "coordinates": [ -111.367, 39.65588 ] } },
{ "type": "Feature", "properties": { "year": "2021", "month": "07", "day": "29", "Bombus species": "centralis", "date": "2021-07-29", "julian_day": 210.0, "source": "UtahPP" }, "geometry": { "type": "Point", "coordinates": [ -111.367, 39.6559 ] } },
{ "type": "Feature", "properties": { "year": "2021", "month": "07", "day": "29", "Bombus species": "fervidus", "date": "2021-07-29", "julian_day": 210.0, "source": "UtahPP" }, "geometry": { "type": "Point", "coordinates": [ -111.367, 39.65579 ] } },
{ "type": "Feature", "properties": { "year": "2021", "month": "07", "day": "29", "Bombus species": "flavifrons", "date": "2021-07-29", "julian_day": 210.0, "source": "UtahPP" }, "geometry": { "type": "Point", "coordinates": [ -111.367, 39.65548 ] } },
{ "type": "Feature", "properties": { "year": "2021", "month": "07", "day": "29", "Bombus species": "insularis", "date": "2021-07-29", "julian_day": 210.0, "source": "UtahPP" }, "geometry": { "type": "Point", "coordinates": [ -111.367, 39.65572 ] } },
{ "type": "Feature", "properties": { "year": "2021", "month": "07", "day": "29", "Bombus species": "insularis", "date": "2021-07-29", "julian_day": 210.0, "source": "UtahPP" }, "geometry": { "type": "Point", "coordinates": [ -111.367, 39.65588 ] } },
{ "type": "Feature", "properties": { "year": "2021", "month": "07", "day": "29", "Bombus species": "insularis", "date": "2021-07-29", "julian_day": 210.0, "source": "UtahPP" }, "geometry": { "type": "Point", "coordinates": [ -111.367, 39.65601 ] } },
{ "type": "Feature", "properties": { "year": "2021", "month": "07", "day": "29", "Bombus species": "nevadensis", "date": "2021-07-29", "julian_day": 210.0, "source": "UtahPP" }, "geometry": { "type": "Point", "coordinates": [ -111.367, 39.65571 ] } },
{ "type": "Feature", "properties": { "year": "2022", "month": "06", "day": "23", "Bombus species": "vancouverensis/bifarius", "date": "2022-06-23", "julian_day": 174.0, "source": "UtahPP" }, "geometry": { "type": "Point", "coordinates": [ -111.367037, 39.65578365 ] } },
{ "type": "Feature", "properties": { "year": "2022", "month": "06", "day": "23", "Bombus species": "flavifrons", "date": "2022-06-23", "julian_day": 174.0, "source": "UtahPP" }, "geometry": { "type": "Point", "coordinates": [ -111.3671366, 39.65589657 ] } },
{ "type": "Feature", "properties": { "year": "2022", "month": "06", "day": "23", "Bombus species": "insularis", "date": "2022-06-23", "julian_day": 174.0, "source": "UtahPP" }, "geometry": { "type": "Point", "coordinates": [ -111.3671994, 39.65575442 ] } },
{ "type": "Feature", "properties": { "year": "2022", "month": "06", "day": "23", "Bombus species": "flavifrons", "date": "2022-06-23", "julian_day": 174.0, "source": "UtahPP" }, "geometry": { "type": "Point", "coordinates": [ -111.3672162, 39.65602639 ] } },
{ "type": "Feature", "properties": { "year": "2022", "month": "06", "day": "23", "Bombus species": "flavifrons", "date": "2022-06-23", "julian_day": 174.0, "source": "UtahPP" }, "geometry": { "type": "Point", "coordinates": [ -111.3672568, 39.65568043 ] } },
{ "type": "Feature", "properties": { "year": "2021", "month": "08", "day": "25", "Bombus species": "vancouverensis/bifarius", "date": "2021-08-25", "julian_day": 237.0, "source": "UtahPP" }, "geometry": { "type": "Point", "coordinates": [ -111.368, 39.65492 ] } },
{ "type": "Feature", "properties": { "year": "2021", "month": "08", "day": "25", "Bombus species": "vancouverensis/bifarius", "date": "2021-08-25", "julian_day": 237.0, "source": "UtahPP" }, "geometry": { "type": "Point", "coordinates": [ -111.368, 39.65524 ] } },
{ "type": "Feature", "properties": { "year": "2021", "month": "08", "day": "25", "Bombus species": "centralis", "date": "2021-08-25", "julian_day": 237.0, "source": "UtahPP" }, "geometry": { "type": "Point", "coordinates": [ -111.368, 39.65549 ] } },
{ "type": "Feature", "properties": { "year": "2021", "month": "08", "day": "25", "Bombus species": "fervidus", "date": "2021-08-25", "julian_day": 237.0, "source": "UtahPP" }, "geometry": { "type": "Point", "coordinates": [ -111.368, 39.65537 ] } },
{ "type": "Feature", "properties": { "year": "2021", "month": "08", "day": "25", "Bombus species": "fervidus", "date": "2021-08-25", "julian_day": 237.0, "source": "UtahPP" }, "geometry": { "type": "Point", "coordinates": [ -111.368, 39.6554 ] } },
{ "type": "Feature", "properties": { "year": "2023", "month": "05", "day": "20", "Bombus species": "huntii", "date": "2023-05-20", "julian_day": 140.0, "source": "UtahPP" }, "geometry": { "type": "Point", "coordinates": [ -111.3763099, 40.75927128 ] } },
{ "type": "Feature", "properties": { "year": "2022", "month": "08", "day": "22", "Bombus species": "centralis", "date": "2022-08-22", "julian_day": 234.0, "source": "UtahPP" }, "geometry": { "type": "Point", "coordinates": [ -111.383616, 40.19813 ] } },
{ "type": "Feature", "properties": { "year": "2020", "month": "08", "day": "10", "Bombus species": "centralis", "date": "2020-08-10", "julian_day": 223.0, "source": "UtahPP" }, "geometry": { "type": "Point", "coordinates": [ -111.387493, 39.36766918 ] } },
{ "type": "Feature", "properties": { "year": "2021", "month": "05", "day": "04", "Bombus species": "huntii", "date": "2021-05-04", "julian_day": 124.0, "source": "UtahPP" }, "geometry": { "type": "Point", "coordinates": [ -111.3935924, 40.92018457 ] } },
{ "type": "Feature", "properties": { "year": "2022", "month": "08", "day": "14", "Bombus species": "insularis", "date": "2022-08-14", "julian_day": 226.0, "source": "UtahPP" }, "geometry": { "type": "Point", "coordinates": [ -111.40671, 40.19436314 ] } },
{ "type": "Feature", "properties": { "year": "2022", "month": "06", "day": "09", "Bombus species": "fervidus", "date": "2022-06-09", "julian_day": 160.0, "source": "UtahPP" }, "geometry": { "type": "Point", "coordinates": [ -111.411608, 40.88594661 ] } },
{ "type": "Feature", "properties": { "year": "2023", "month": "08", "day": "07", "Bombus species": "vancouverensis/bifarius", "date": "2023-08-07", "julian_day": 219.0, "source": "UtahPP" }, "geometry": { "type": "Point", "coordinates": [ -111.4247614, 40.62133442 ] } },
{ "type": "Feature", "properties": { "year": "2021", "month": "06", "day": "02", "Bombus species": "appositus", "date": "2021-06-02", "julian_day": 153.0, "source": "UtahPP" }, "geometry": { "type": "Point", "coordinates": [ -111.43064, 41.93978 ] } },
{ "type": "Feature", "properties": { "year": "2021", "month": "07", "day": "27", "Bombus species": "huntii", "date": "2021-07-27", "julian_day": 208.0, "source": "UtahPP" }, "geometry": { "type": "Point", "coordinates": [ -111.432, 40.5546 ] } },
{ "type": "Feature", "properties": { "year": "2021", "month": "08", "day": "21", "Bombus species": "appositus", "date": "2021-08-21", "julian_day": 233.0, "source": "UtahPP" }, "geometry": { "type": "Point", "coordinates": [ -111.446, 39.31056 ] } },
{ "type": "Feature", "properties": { "year": "2021", "month": "08", "day": "21", "Bombus species": "appositus", "date": "2021-08-21", "julian_day": 233.0, "source": "UtahPP" }, "geometry": { "type": "Point", "coordinates": [ -111.446, 39.31056 ] } },
{ "type": "Feature", "properties": { "year": "2021", "month": "08", "day": "21", "Bombus species": "vancouverensis/bifarius", "date": "2021-08-21", "julian_day": 233.0, "source": "UtahPP" }, "geometry": { "type": "Point", "coordinates": [ -111.446, 39.31056 ] } },
{ "type": "Feature", "properties": { "year": "2021", "month": "08", "day": "21", "Bombus species": "vancouverensis/bifarius", "date": "2021-08-21", "julian_day": 233.0, "source": "UtahPP" }, "geometry": { "type": "Point", "coordinates": [ -111.446, 39.31056 ] } },
{ "type": "Feature", "properties": { "year": "2021", "month": "08", "day": "21", "Bombus species": "vancouverensis/bifarius", "date": "2021-08-21", "julian_day": 233.0, "source": "UtahPP" }, "geometry": { "type": "Point", "coordinates": [ -111.446, 39.31056 ] } },
{ "type": "Feature", "properties": { "year": "2021", "month": "08", "day": "21", "Bombus species": "fervidus", "date": "2021-08-21", "julian_day": 233.0, "source": "UtahPP" }, "geometry": { "type": "Point", "coordinates": [ -111.446, 39.31056 ] } },
{ "type": "Feature", "properties": { "year": "2021", "month": "08", "day": "21", "Bombus species": "appositus", "date": "2021-08-21", "julian_day": 233.0, "source": "UtahPP" }, "geometry": { "type": "Point", "coordinates": [ -111.451, 39.30208 ] } },
{ "type": "Feature", "properties": { "year": "2021", "month": "08", "day": "21", "Bombus species": "appositus", "date": "2021-08-21", "julian_day": 233.0, "source": "UtahPP" }, "geometry": { "type": "Point", "coordinates": [ -111.451, 39.30208 ] } },
{ "type": "Feature", "properties": { "year": "2021", "month": "08", "day": "21", "Bombus species": "appositus", "date": "2021-08-21", "julian_day": 233.0, "source": "UtahPP" }, "geometry": { "type": "Point", "coordinates": [ -111.451, 39.30208 ] } },
{ "type": "Feature", "properties": { "year": "2021", "month": "08", "day": "21", "Bombus species": "centralis", "date": "2021-08-21", "julian_day": 233.0, "source": "UtahPP" }, "geometry": { "type": "Point", "coordinates": [ -111.451, 39.30208 ] } },
{ "type": "Feature", "properties": { "year": "2021", "month": "06", "day": "12", "Bombus species": "vancouverensis/bifarius", "date": "2021-06-12", "julian_day": 163.0, "source": "UtahPP" }, "geometry": { "type": "Point", "coordinates": [ -111.4667233, 40.61699876 ] } },
{ "type": "Feature", "properties": { "year": "2021", "month": "08", "day": "21", "Bombus species": "appositus", "date": "2021-08-21", "julian_day": 233.0, "source": "UtahPP" }, "geometry": { "type": "Point", "coordinates": [ -111.469, 39.32078 ] } },
{ "type": "Feature", "properties": { "year": "2021", "month": "08", "day": "21", "Bombus species": "appositus", "date": "2021-08-21", "julian_day": 233.0, "source": "UtahPP" }, "geometry": { "type": "Point", "coordinates": [ -111.469, 39.32078 ] } },
{ "type": "Feature", "properties": { "year": "2021", "month": "08", "day": "21", "Bombus species": "appositus", "date": "2021-08-21", "julian_day": 233.0, "source": "UtahPP" }, "geometry": { "type": "Point", "coordinates": [ -111.469, 39.32078 ] } },
{ "type": "Feature", "properties": { "year": "2021", "month": "08", "day": "21", "Bombus species": "appositus", "date": "2021-08-21", "julian_day": 233.0, "source": "UtahPP" }, "geometry": { "type": "Point", "coordinates": [ -111.469, 39.32078 ] } },
{ "type": "Feature", "properties": { "year": "2021", "month": "08", "day": "21", "Bombus species": "huntii", "date": "2021-08-21", "julian_day": 233.0, "source": "UtahPP" }, "geometry": { "type": "Point", "coordinates": [ -111.469, 39.32078 ] } },
{ "type": "Feature", "properties": { "year": "2021", "month": "07", "day": "06", "Bombus species": "griseocollis", "date": "2021-07-06", "julian_day": 187.0, "source": "UtahPP" }, "geometry": { "type": "Point", "coordinates": [ -111.471, 40.48231 ] } },
{ "type": "Feature", "properties": { "year": "2021", "month": "08", "day": "21", "Bombus species": "appositus", "date": "2021-08-21", "julian_day": 233.0, "source": "UtahPP" }, "geometry": { "type": "Point", "coordinates": [ -111.49, 39.32452 ] } },
{ "type": "Feature", "properties": { "year": "2021", "month": "08", "day": "21", "Bombus species": "vancouverensis/bifarius", "date": "2021-08-21", "julian_day": 233.0, "source": "UtahPP" }, "geometry": { "type": "Point", "coordinates": [ -111.49, 39.32452 ] } },
{ "type": "Feature", "properties": { "year": "2021", "month": "08", "day": "21", "Bombus species": "vancouverensis/bifarius", "date": "2021-08-21", "julian_day": 233.0, "source": "UtahPP" }, "geometry": { "type": "Point", "coordinates": [ -111.49, 39.32452 ] } },
{ "type": "Feature", "properties": { "year": "2021", "month": "08", "day": "21", "Bombus species": "vancouverensis/bifarius", "date": "2021-08-21", "julian_day": 233.0, "source": "UtahPP" }, "geometry": { "type": "Point", "coordinates": [ -111.49, 39.32452 ] } },
{ "type": "Feature", "properties": { "year": "2021", "month": "08", "day": "21", "Bombus species": "vancouverensis/bifarius", "date": "2021-08-21", "julian_day": 233.0, "source": "UtahPP" }, "geometry": { "type": "Point", "coordinates": [ -111.49, 39.32452 ] } },
{ "type": "Feature", "properties": { "year": "2021", "month": "08", "day": "21", "Bombus species": "centralis", "date": "2021-08-21", "julian_day": 233.0, "source": "UtahPP" }, "geometry": { "type": "Point", "coordinates": [ -111.49, 39.32452 ] } },
{ "type": "Feature", "properties": { "year": "2021", "month": "08", "day": "21", "Bombus species": "huntii", "date": "2021-08-21", "julian_day": 233.0, "source": "UtahPP" }, "geometry": { "type": "Point", "coordinates": [ -111.49, 39.32452 ] } },
{ "type": "Feature", "properties": { "year": "2023", "month": "06", "day": "14", "Bombus species": "griseocollis", "date": "2023-06-14", "julian_day": 165.0, "source": "UtahPP" }, "geometry": { "type": "Point", "coordinates": [ -111.4926212, 40.64527519 ] } },
{ "type": "Feature", "properties": { "year": "2023", "month": "07", "day": "25", "Bombus species": "fervidus", "date": "2023-07-25", "julian_day": 206.0, "source": "UtahPP" }, "geometry": { "type": "Point", "coordinates": [ -111.5032, 40.412672 ] } },
{ "type": "Feature", "properties": { "year": "2023", "month": "07", "day": "25", "Bombus species": "nevadensis", "date": "2023-07-25", "julian_day": 206.0, "source": "UtahPP" }, "geometry": { "type": "Point", "coordinates": [ -111.503223, 40.412757 ] } },
{ "type": "Feature", "properties": { "year": "2023", "month": "07", "day": "26", "Bombus species": "appositus", "date": "2023-07-26", "julian_day": 207.0, "source": "UtahPP" }, "geometry": { "type": "Point", "coordinates": [ -111.5169544, 40.71342072 ] } },
{ "type": "Feature", "properties": { "year": "2021", "month": "08", "day": "21", "Bombus species": "vancouverensis/bifarius", "date": "2021-08-21", "julian_day": 233.0, "source": "UtahPP" }, "geometry": { "type": "Point", "coordinates": [ -111.517, 39.33966 ] } },
{ "type": "Feature", "properties": { "year": "2021", "month": "08", "day": "21", "Bombus species": "vancouverensis/bifarius", "date": "2021-08-21", "julian_day": 233.0, "source": "UtahPP" }, "geometry": { "type": "Point", "coordinates": [ -111.517, 39.33966 ] } },
{ "type": "Feature", "properties": { "year": "2023", "month": "06", "day": "14", "Bombus species": "nevadensis", "date": "2023-06-14", "julian_day": 165.0, "source": "UtahPP" }, "geometry": { "type": "Point", "coordinates": [ -111.5244352, 40.67680947 ] } },
{ "type": "Feature", "properties": { "year": "2023", "month": "06", "day": "14", "Bombus species": "nevadensis", "date": "2023-06-14", "julian_day": 165.0, "source": "UtahPP" }, "geometry": { "type": "Point", "coordinates": [ -111.5247254, 40.67774415 ] } },
{ "type": "Feature", "properties": { "year": "2023", "month": "06", "day": "14", "Bombus species": "fervidus", "date": "2023-06-14", "julian_day": 165.0, "source": "UtahPP" }, "geometry": { "type": "Point", "coordinates": [ -111.5247418, 40.6766946 ] } },
{ "type": "Feature", "properties": { "year": "2023", "month": "07", "day": "14", "Bombus species": "rufocinctus", "date": "2023-07-14", "julian_day": 195.0, "source": "UtahPP" }, "geometry": { "type": "Point", "coordinates": [ -111.5255854, 40.71071401 ] } },
{ "type": "Feature", "properties": { "year": "2023", "month": "05", "day": "31", "Bombus species": "huntii", "date": "2023-05-31", "julian_day": 151.0, "source": "UtahPP" }, "geometry": { "type": "Point", "coordinates": [ -111.5257275, 40.70985668 ] } },
{ "type": "Feature", "properties": { "year": "2021", "month": "07", "day": "20", "Bombus species": "nevadensis", "date": "2021-07-20", "julian_day": 201.0, "source": "UtahPP" }, "geometry": { "type": "Point", "coordinates": [ -111.53, 40.72634 ] } },
{ "type": "Feature", "properties": { "year": "2021", "month": "08", "day": "03", "Bombus species": "appositus", "date": "2021-08-03", "julian_day": 215.0, "source": "UtahPP" }, "geometry": { "type": "Point", "coordinates": [ -111.53, 40.70855 ] } },
{ "type": "Feature", "properties": { "year": "2023", "month": "06", "day": "05", "Bombus species": "huntii", "date": "2023-06-05", "julian_day": 156.0, "source": "UtahPP" }, "geometry": { "type": "Point", "coordinates": [ -111.5302562, 40.70964491 ] } },
{ "type": "Feature", "properties": { "year": "2023", "month": "07", "day": "14", "Bombus species": "huntii", "date": "2023-07-14", "julian_day": 195.0, "source": "UtahPP" }, "geometry": { "type": "Point", "coordinates": [ -111.530435, 40.71238162 ] } },
{ "type": "Feature", "properties": { "year": "2023", "month": "06", "day": "14", "Bombus species": "huntii", "date": "2023-06-14", "julian_day": 165.0, "source": "UtahPP" }, "geometry": { "type": "Point", "coordinates": [ -111.5306391, 40.71246757 ] } },
{ "type": "Feature", "properties": { "year": "2021", "month": "08", "day": "14", "Bombus species": "fervidus", "date": "2021-08-14", "julian_day": 226.0, "source": "UtahPP" }, "geometry": { "type": "Point", "coordinates": [ -111.531, 40.62568 ] } },
{ "type": "Feature", "properties": { "year": "2021", "month": "06", "day": "02", "Bombus species": "huntii", "date": "2021-06-02", "julian_day": 153.0, "source": "UtahPP" }, "geometry": { "type": "Point", "coordinates": [ -111.5320778, 40.727865 ] } },
{ "type": "Feature", "properties": { "year": "2023", "month": "07", "day": "14", "Bombus species": "centralis", "date": "2023-07-14", "julian_day": 195.0, "source": "UtahPP" }, "geometry": { "type": "Point", "coordinates": [ -111.5376865, 40.72171884 ] } },
{ "type": "Feature", "properties": { "year": "2023", "month": "06", "day": "06", "Bombus species": "nevadensis", "date": "2023-06-06", "julian_day": 157.0, "source": "UtahPP" }, "geometry": { "type": "Point", "coordinates": [ -111.5377027, 40.72169709 ] } },
{ "type": "Feature", "properties": { "year": "2023", "month": "07", "day": "15", "Bombus species": "vancouverensis/bifarius", "date": "2023-07-15", "julian_day": 196.0, "source": "UtahPP" }, "geometry": { "type": "Point", "coordinates": [ -111.537789, 40.721816 ] } },
{ "type": "Feature", "properties": { "year": "2021", "month": "06", "day": "09", "Bombus species": "appositus", "date": "2021-06-09", "julian_day": 160.0, "source": "UtahPP" }, "geometry": { "type": "Point", "coordinates": [ -111.5388946, 40.71380865 ] } },
{ "type": "Feature", "properties": { "year": "2021", "month": "06", "day": "09", "Bombus species": "nevadensis", "date": "2021-06-09", "julian_day": 160.0, "source": "UtahPP" }, "geometry": { "type": "Point", "coordinates": [ -111.539, 40.71377 ] } },
{ "type": "Feature", "properties": { "year": "2020", "month": "09", "day": "07", "Bombus species": "appositus", "date": "2020-09-07", "julian_day": 251.0, "source": "UtahPP" }, "geometry": { "type": "Point", "coordinates": [ -111.5394223, 40.62444998 ] } },
{ "type": "Feature", "properties": { "year": "2021", "month": "06", "day": "09", "Bombus species": "nevadensis", "date": "2021-06-09", "julian_day": 160.0, "source": "UtahPP" }, "geometry": { "type": "Point", "coordinates": [ -111.5394897, 40.71730058 ] } },
{ "type": "Feature", "properties": { "year": "2023", "month": "07", "day": "24", "Bombus species": "centralis", "date": "2023-07-24", "julian_day": 205.0, "source": "UtahPP" }, "geometry": { "type": "Point", "coordinates": [ -111.54053, 41.969 ] } },
{ "type": "Feature", "properties": { "year": "2023", "month": "07", "day": "24", "Bombus species": "insularis", "date": "2023-07-24", "julian_day": 205.0, "source": "UtahPP" }, "geometry": { "type": "Point", "coordinates": [ -111.54053, 41.969 ] } },
{ "type": "Feature", "properties": { "year": "2021", "month": "06", "day": "20", "Bombus species": "rufocinctus", "date": "2021-06-20", "julian_day": 171.0, "source": "UtahPP" }, "geometry": { "type": "Point", "coordinates": [ -111.545, 40.6029 ] } },
{ "type": "Feature", "properties": { "year": "2021", "month": "08", "day": "08", "Bombus species": "appositus", "date": "2021-08-08", "julian_day": 220.0, "source": "UtahPP" }, "geometry": { "type": "Point", "coordinates": [ -111.55, 40.45815 ] } },
{ "type": "Feature", "properties": { "year": "2021", "month": "08", "day": "08", "Bombus species": "insularis", "date": "2021-08-08", "julian_day": 220.0, "source": "UtahPP" }, "geometry": { "type": "Point", "coordinates": [ -111.552, 40.46218 ] } },
{ "type": "Feature", "properties": { "year": "2023", "month": "08", "day": "07", "Bombus species": "vancouverensis/bifarius", "date": "2023-08-07", "julian_day": 219.0, "source": "UtahPP" }, "geometry": { "type": "Point", "coordinates": [ -111.5541324, 40.69855012 ] } },
{ "type": "Feature", "properties": { "year": "2021", "month": "08", "day": "22", "Bombus species": "insularis", "date": "2021-08-22", "julian_day": 234.0, "source": "UtahPP" }, "geometry": { "type": "Point", "coordinates": [ -111.565, 41.87642 ] } },
{ "type": "Feature", "properties": { "year": "2021", "month": "05", "day": "19", "Bombus species": "vancouverensis/bifarius", "date": "2021-05-19", "julian_day": 139.0, "source": "UtahPP" }, "geometry": { "type": "Point", "coordinates": [ -111.5675667, 41.65727109 ] } },
{ "type": "Feature", "properties": { "year": "2021", "month": "06", "day": "30", "Bombus species": "vancouverensis/bifarius", "date": "2021-06-30", "julian_day": 181.0, "source": "UtahPP" }, "geometry": { "type": "Point", "coordinates": [ -111.573, 40.23679 ] } },
{ "type": "Feature", "properties": { "year": "2021", "month": "06", "day": "30", "Bombus species": "flavifrons", "date": "2021-06-30", "julian_day": 181.0, "source": "UtahPP" }, "geometry": { "type": "Point", "coordinates": [ -111.573, 40.23679 ] } },
{ "type": "Feature", "properties": { "year": "2022", "month": "05", "day": "23", "Bombus species": "centralis", "date": "2022-05-23", "julian_day": 143.0, "source": "UtahPP" }, "geometry": { "type": "Point", "coordinates": [ -111.5730865, 40.73442342 ] } },
{ "type": "Feature", "properties": { "year": "2022", "month": "05", "day": "16", "Bombus species": "centralis", "date": "2022-05-16", "julian_day": 136.0, "source": "UtahPP" }, "geometry": { "type": "Point", "coordinates": [ -111.573174, 40.73446198 ] } },
{ "type": "Feature", "properties": { "year": "2021", "month": "08", "day": "21", "Bombus species": "vancouverensis/bifarius", "date": "2021-08-21", "julian_day": 233.0, "source": "UtahPP" }, "geometry": { "type": "Point", "coordinates": [ -111.575, 41.26939 ] } },
{ "type": "Feature", "properties": { "year": "2022", "month": "05", "day": "17", "Bombus species": "centralis", "date": "2022-05-17", "julian_day": 137.0, "source": "UtahPP" }, "geometry": { "type": "Point", "coordinates": [ -111.5776778, 40.7386501 ] } },
{ "type": "Feature", "properties": { "year": "2021", "month": "08", "day": "21", "Bombus species": "insularis", "date": "2021-08-21", "julian_day": 233.0, "source": "UtahPP" }, "geometry": { "type": "Point", "coordinates": [ -111.581, 41.27578 ] } },
{ "type": "Feature", "properties": { "year": "2022", "month": "06", "day": "22", "Bombus species": "vancouverensis/bifarius", "date": "2022-06-22", "julian_day": 173.0, "source": "UtahPP" }, "geometry": { "type": "Point", "coordinates": [ -111.5830109, 40.39076214 ] } },
{ "type": "Feature", "properties": { "year": "2022", "month": "06", "day": "22", "Bombus species": "vancouverensis/bifarius", "date": "2022-06-22", "julian_day": 173.0, "source": "UtahPP" }, "geometry": { "type": "Point", "coordinates": [ -111.5847436, 40.39025479 ] } },
{ "type": "Feature", "properties": { "year": "2022", "month": "09", "day": "05", "Bombus species": "occidentalis", "date": "2022-09-05", "julian_day": 248.0, "source": "UtahPP" }, "geometry": { "type": "Point", "coordinates": [ -111.5849241, 40.60317598 ] } },
{ "type": "Feature", "properties": { "year": "2022", "month": "06", "day": "03", "Bombus species": "fervidus", "date": "2022-06-03", "julian_day": 154.0, "source": "UtahPP" }, "geometry": { "type": "Point", "coordinates": [ -111.5854521, 39.34666113 ] } },
{ "type": "Feature", "properties": { "year": "2022", "month": "06", "day": "21", "Bombus species": "centralis", "date": "2022-06-21", "julian_day": 172.0, "source": "UtahPP" }, "geometry": { "type": "Point", "coordinates": [ -111.5862242, 40.38848158 ] } },
{ "type": "Feature", "properties": { "year": "2022", "month": "06", "day": "21", "Bombus species": "huntii", "date": "2022-06-21", "julian_day": 172.0, "source": "UtahPP" }, "geometry": { "type": "Point", "coordinates": [ -111.586244, 40.38847064 ] } },
{ "type": "Feature", "properties": { "year": "2022", "month": "06", "day": "21", "Bombus species": "insularis", "date": "2022-06-21", "julian_day": 172.0, "source": "UtahPP" }, "geometry": { "type": "Point", "coordinates": [ -111.5862671, 40.38844471 ] } },
{ "type": "Feature", "properties": { "year": "2021", "month": "07", "day": "08", "Bombus species": "morrisoni", "date": "2021-07-08", "julian_day": 189.0, "source": "UtahPP" }, "geometry": { "type": "Point", "coordinates": [ -111.5868981, 37.77158242 ] } },
{ "type": "Feature", "properties": { "year": "2021", "month": "06", "day": "11", "Bombus species": "nevadensis", "date": "2021-06-11", "julian_day": 162.0, "source": "UtahPP" }, "geometry": { "type": "Point", "coordinates": [ -111.587982, 40.75638456 ] } },
{ "type": "Feature", "properties": { "year": "2023", "month": "07", "day": "27", "Bombus species": "sylvicola", "date": "2023-07-27", "julian_day": 208.0, "source": "UtahPP" }, "geometry": { "type": "Point", "coordinates": [ -111.5899, 40.58881 ] } },
{ "type": "Feature", "properties": { "year": "2022", "month": "06", "day": "14", "Bombus species": "melanopygus", "date": "2022-06-14", "julian_day": 165.0, "source": "UtahPP" }, "geometry": { "type": "Point", "coordinates": [ -111.5904388, 40.38702836 ] } },
{ "type": "Feature", "properties": { "year": "2021", "month": "06", "day": "08", "Bombus species": "morrisoni", "date": "2021-06-08", "julian_day": 159.0, "source": "UtahPP" }, "geometry": { "type": "Point", "coordinates": [ -111.5909805, 37.7677995 ] } },
{ "type": "Feature", "properties": { "year": "2022", "month": "06", "day": "20", "Bombus species": "flavifrons", "date": "2022-06-20", "julian_day": 171.0, "source": "UtahPP" }, "geometry": { "type": "Point", "coordinates": [ -111.594548, 40.37916487 ] } },
{ "type": "Feature", "properties": { "year": "2022", "month": "06", "day": "19", "Bombus species": "flavifrons", "date": "2022-06-19", "julian_day": 170.0, "source": "UtahPP" }, "geometry": { "type": "Point", "coordinates": [ -111.5955969, 40.3850351 ] } },
{ "type": "Feature", "properties": { "year": "2022", "month": "06", "day": "21", "Bombus species": "vancouverensis/bifarius", "date": "2022-06-21", "julian_day": 172.0, "source": "UtahPP" }, "geometry": { "type": "Point", "coordinates": [ -111.5956683, 40.38501077 ] } },
{ "type": "Feature", "properties": { "year": "2022", "month": "06", "day": "20", "Bombus species": "vancouverensis/bifarius", "date": "2022-06-20", "julian_day": 171.0, "source": "UtahPP" }, "geometry": { "type": "Point", "coordinates": [ -111.5957393, 40.38640648 ] } },
{ "type": "Feature", "properties": { "year": "2023", "month": "08", "day": "01", "Bombus species": "huntii", "date": "2023-08-01", "julian_day": 213.0, "source": "UtahPP" }, "geometry": { "type": "Point", "coordinates": [ -111.5964234, 40.15050795 ] } },
{ "type": "Feature", "properties": { "year": "2022", "month": "06", "day": "19", "Bombus species": "vancouverensis/bifarius", "date": "2022-06-19", "julian_day": 170.0, "source": "UtahPP" }, "geometry": { "type": "Point", "coordinates": [ -111.5966502, 40.38651957 ] } },
{ "type": "Feature", "properties": { "year": "2022", "month": "06", "day": "15", "Bombus species": "griseocollis", "date": "2022-06-15", "julian_day": 166.0, "source": "UtahPP" }, "geometry": { "type": "Point", "coordinates": [ -111.596816, 40.38700813 ] } },
{ "type": "Feature", "properties": { "year": "2023", "month": "06", "day": "13", "Bombus species": "centralis", "date": "2023-06-13", "julian_day": 164.0, "source": "UtahPP" }, "geometry": { "type": "Point", "coordinates": [ -111.5968975, 40.74923485 ] } },
{ "type": "Feature", "properties": { "year": "2022", "month": "07", "day": "23", "Bombus species": "griseocollis", "date": "2022-07-23", "julian_day": 204.0, "source": "UtahPP" }, "geometry": { "type": "Point", "coordinates": [ -111.5969806, 40.15039578 ] } },
{ "type": "Feature", "properties": { "year": "2022", "month": "06", "day": "19", "Bombus species": "insularis", "date": "2022-06-19", "julian_day": 170.0, "source": "UtahPP" }, "geometry": { "type": "Point", "coordinates": [ -111.5976207, 40.38683778 ] } },
{ "type": "Feature", "properties": { "year": "2022", "month": "06", "day": "15", "Bombus species": "insularis", "date": "2022-06-15", "julian_day": 166.0, "source": "UtahPP" }, "geometry": { "type": "Point", "coordinates": [ -111.5977309, 40.38713716 ] } },
{ "type": "Feature", "properties": { "year": "2022", "month": "06", "day": "19", "Bombus species": "vancouverensis/bifarius", "date": "2022-06-19", "julian_day": 170.0, "source": "UtahPP" }, "geometry": { "type": "Point", "coordinates": [ -111.5978509, 40.38712658 ] } },
{ "type": "Feature", "properties": { "year": "2023", "month": "04", "day": "27", "Bombus species": "griseocollis", "date": "2023-04-27", "julian_day": 117.0, "source": "UtahPP" }, "geometry": { "type": "Point", "coordinates": [ -111.5979897, 40.15044066 ] } },
{ "type": "Feature", "properties": { "year": "2021", "month": "06", "day": "30", "Bombus species": "rufocinctus", "date": "2021-06-30", "julian_day": 181.0, "source": "UtahPP" }, "geometry": { "type": "Point", "coordinates": [ -111.598, 40.73744 ] } },
{ "type": "Feature", "properties": { "year": "2022", "month": "06", "day": "15", "Bombus species": "insularis", "date": "2022-06-15", "julian_day": 166.0, "source": "UtahPP" }, "geometry": { "type": "Point", "coordinates": [ -111.5980474, 40.38717228 ] } },
{ "type": "Feature", "properties": { "year": "2022", "month": "06", "day": "19", "Bombus species": "vancouverensis/bifarius", "date": "2022-06-19", "julian_day": 170.0, "source": "UtahPP" }, "geometry": { "type": "Point", "coordinates": [ -111.5980474, 40.38720171 ] } },
{ "type": "Feature", "properties": { "year": "2022", "month": "06", "day": "19", "Bombus species": "insularis", "date": "2022-06-19", "julian_day": 170.0, "source": "UtahPP" }, "geometry": { "type": "Point", "coordinates": [ -111.5980474, 40.38718541 ] } },
{ "type": "Feature", "properties": { "year": "2022", "month": "06", "day": "03", "Bombus species": "griseocollis", "date": "2022-06-03", "julian_day": 154.0, "source": "UtahPP" }, "geometry": { "type": "Point", "coordinates": [ -111.5983127, 40.1506089 ] } },
{ "type": "Feature", "properties": { "year": "2022", "month": "06", "day": "15", "Bombus species": "insularis", "date": "2022-06-15", "julian_day": 166.0, "source": "UtahPP" }, "geometry": { "type": "Point", "coordinates": [ -111.5985597, 40.38743963 ] } },
{ "type": "Feature", "properties": { "year": "2022", "month": "06", "day": "01", "Bombus species": "fervidus", "date": "2022-06-01", "julian_day": 152.0, "source": "UtahPP" }, "geometry": { "type": "Point", "coordinates": [ -111.5985942, 39.35860103 ] } },
{ "type": "Feature", "properties": { "year": "2022", "month": "06", "day": "15", "Bombus species": "nevadensis", "date": "2022-06-15", "julian_day": 166.0, "source": "UtahPP" }, "geometry": { "type": "Point", "coordinates": [ -111.598661, 39.35852161 ] } },
{ "type": "Feature", "properties": { "year": "2022", "month": "06", "day": "20", "Bombus species": "centralis", "date": "2022-06-20", "julian_day": 171.0, "source": "UtahPP" }, "geometry": { "type": "Point", "coordinates": [ -111.5989186, 40.38491293 ] } },
{ "type": "Feature", "properties": { "year": "2022", "month": "06", "day": "20", "Bombus species": "flavifrons", "date": "2022-06-20", "julian_day": 171.0, "source": "UtahPP" }, "geometry": { "type": "Point", "coordinates": [ -111.5989477, 40.38523795 ] } },
{ "type": "Feature", "properties": { "year": "2022", "month": "06", "day": "19", "Bombus species": "insularis", "date": "2022-06-19", "julian_day": 170.0, "source": "UtahPP" }, "geometry": { "type": "Point", "coordinates": [ -111.6003383, 40.38624317 ] } },
{ "type": "Feature", "properties": { "year": "2022", "month": "06", "day": "20", "Bombus species": "flavifrons", "date": "2022-06-20", "julian_day": 171.0, "source": "UtahPP" }, "geometry": { "type": "Point", "coordinates": [ -111.6021303, 40.7303061 ] } },
{ "type": "Feature", "properties": { "year": "2022", "month": "06", "day": "20", "Bombus species": "centralis", "date": "2022-06-20", "julian_day": 171.0, "source": "UtahPP" }, "geometry": { "type": "Point", "coordinates": [ -111.6028888, 40.38583006 ] } },
{ "type": "Feature", "properties": { "year": "2022", "month": "05", "day": "08", "Bombus species": "centralis", "date": "2022-05-08", "julian_day": 128.0, "source": "UtahPP" }, "geometry": { "type": "Point", "coordinates": [ -111.60378, 40.40474 ] } },
{ "type": "Feature", "properties": { "year": "2023", "month": "09", "day": "18", "Bombus species": "vancouverensis/bifarius", "date": "2023-09-18", "julian_day": 261.0, "source": "UtahPP" }, "geometry": { "type": "Point", "coordinates": [ -111.6040106, 40.58351872 ] } },
{ "type": "Feature", "properties": { "year": "2020", "month": "06", "day": "14", "Bombus species": "nevadensis", "date": "2020-06-14", "julian_day": 166.0, "source": "UtahPP" }, "geometry": { "type": "Point", "coordinates": [ -111.6045664, 40.70817398 ] } },
{ "type": "Feature", "properties": { "year": "2020", "month": "06", "day": "24", "Bombus species": "rufocinctus", "date": "2020-06-24", "julian_day": 176.0, "source": "UtahPP" }, "geometry": { "type": "Point", "coordinates": [ -111.6059748, 40.70364732 ] } },
{ "type": "Feature", "properties": { "year": "2020", "month": "06", "day": "23", "Bombus species": "morrisoni", "date": "2020-06-23", "julian_day": 175.0, "source": "UtahPP" }, "geometry": { "type": "Point", "coordinates": [ -111.6068304, 40.70174429 ] } },
{ "type": "Feature", "properties": { "year": "2022", "month": "05", "day": "08", "Bombus species": "vancouverensis/bifarius", "date": "2022-05-08", "julian_day": 128.0, "source": "UtahPP" }, "geometry": { "type": "Point", "coordinates": [ -111.6070338, 40.40759034 ] } },
{ "type": "Feature", "properties": { "year": "2021", "month": "07", "day": "18", "Bombus species": "huntii", "date": "2021-07-18", "julian_day": 199.0, "source": "UtahPP" }, "geometry": { "type": "Point", "coordinates": [ -111.609, 40.59517 ] } },
{ "type": "Feature", "properties": { "year": "2023", "month": "09", "day": "06", "Bombus species": "centralis", "date": "2023-09-06", "julian_day": 249.0, "source": "UtahPP" }, "geometry": { "type": "Point", "coordinates": [ -111.6096849, 40.58186414 ] } },
{ "type": "Feature", "properties": { "year": "2021", "month": "06", "day": "25", "Bombus species": "huntii", "date": "2021-06-25", "julian_day": 176.0, "source": "UtahPP" }, "geometry": { "type": "Point", "coordinates": [ -111.61, 40.28423 ] } },
{ "type": "Feature", "properties": { "year": "2021", "month": "06", "day": "14", "Bombus species": "insularis", "date": "2021-06-14", "julian_day": 165.0, "source": "UtahPP" }, "geometry": { "type": "Point", "coordinates": [ -111.611809, 40.622335 ] } },
{ "type": "Feature", "properties": { "year": "2021", "month": "06", "day": "13", "Bombus species": "insularis", "date": "2021-06-13", "julian_day": 164.0, "source": "UtahPP" }, "geometry": { "type": "Point", "coordinates": [ -111.6125337, 40.6204323 ] } },
{ "type": "Feature", "properties": { "year": "2021", "month": "06", "day": "13", "Bombus species": "insularis", "date": "2021-06-13", "julian_day": 164.0, "source": "UtahPP" }, "geometry": { "type": "Point", "coordinates": [ -111.6125337, 40.6204323 ] } },
{ "type": "Feature", "properties": { "year": "2021", "month": "08", "day": "26", "Bombus species": "fervidus", "date": "2021-08-26", "julian_day": 238.0, "source": "UtahPP" }, "geometry": { "type": "Point", "coordinates": [ -111.613, 40.57581 ] } },
{ "type": "Feature", "properties": { "year": "2020", "month": "07", "day": "05", "Bombus species": "insularis", "date": "2020-07-05", "julian_day": 187.0, "source": "UtahPP" }, "geometry": { "type": "Point", "coordinates": [ -111.6130239, 40.61412503 ] } },
{ "type": "Feature", "properties": { "year": "2021", "month": "06", "day": "24", "Bombus species": "rufocinctus", "date": "2021-06-24", "julian_day": 175.0, "source": "UtahPP" }, "geometry": { "type": "Point", "coordinates": [ -111.614, 40.57674 ] } },
{ "type": "Feature", "properties": { "year": "2021", "month": "08", "day": "13", "Bombus species": "appositus", "date": "2021-08-13", "julian_day": 225.0, "source": "UtahPP" }, "geometry": { "type": "Point", "coordinates": [ -111.614, 40.5779 ] } },
{ "type": "Feature", "properties": { "year": "2021", "month": "08", "day": "26", "Bombus species": "appositus", "date": "2021-08-26", "julian_day": 238.0, "source": "UtahPP" }, "geometry": { "type": "Point", "coordinates": [ -111.614, 40.57471 ] } },
{ "type": "Feature", "properties": { "year": "2021", "month": "08", "day": "26", "Bombus species": "appositus", "date": "2021-08-26", "julian_day": 238.0, "source": "UtahPP" }, "geometry": { "type": "Point", "coordinates": [ -111.614, 40.57471 ] } },
{ "type": "Feature", "properties": { "year": "2021", "month": "08", "day": "26", "Bombus species": "appositus", "date": "2021-08-26", "julian_day": 238.0, "source": "UtahPP" }, "geometry": { "type": "Point", "coordinates": [ -111.614, 40.57471 ] } },
{ "type": "Feature", "properties": { "year": "2021", "month": "08", "day": "26", "Bombus species": "appositus", "date": "2021-08-26", "julian_day": 238.0, "source": "UtahPP" }, "geometry": { "type": "Point", "coordinates": [ -111.614, 40.57512 ] } },
{ "type": "Feature", "properties": { "year": "2021", "month": "08", "day": "26", "Bombus species": "centralis", "date": "2021-08-26", "julian_day": 238.0, "source": "UtahPP" }, "geometry": { "type": "Point", "coordinates": [ -111.614, 40.57471 ] } },
{ "type": "Feature", "properties": { "year": "2021", "month": "08", "day": "26", "Bombus species": "centralis", "date": "2021-08-26", "julian_day": 238.0, "source": "UtahPP" }, "geometry": { "type": "Point", "coordinates": [ -111.614, 40.57471 ] } },
{ "type": "Feature", "properties": { "year": "2021", "month": "08", "day": "26", "Bombus species": "centralis", "date": "2021-08-26", "julian_day": 238.0, "source": "UtahPP" }, "geometry": { "type": "Point", "coordinates": [ -111.614, 40.57512 ] } },
{ "type": "Feature", "properties": { "year": "2021", "month": "08", "day": "26", "Bombus species": "griseocollis", "date": "2021-08-26", "julian_day": 238.0, "source": "UtahPP" }, "geometry": { "type": "Point", "coordinates": [ -111.614, 40.57512 ] } },
{ "type": "Feature", "properties": { "year": "2023", "month": "06", "day": "17", "Bombus species": "rufocinctus", "date": "2023-06-17", "julian_day": 168.0, "source": "UtahPP" }, "geometry": { "type": "Point", "coordinates": [ -111.6149022, 40.74555809 ] } },
{ "type": "Feature", "properties": { "year": "2022", "month": "05", "day": "23", "Bombus species": "huntii", "date": "2022-05-23", "julian_day": 143.0, "source": "UtahPP" }, "geometry": { "type": "Point", "coordinates": [ -111.6149759, 40.74542798 ] } },
{ "type": "Feature", "properties": { "year": "2022", "month": "08", "day": "13", "Bombus species": "huntii", "date": "2022-08-13", "julian_day": 225.0, "source": "UtahPP" }, "geometry": { "type": "Point", "coordinates": [ -111.615, 40.42 ] } },
{ "type": "Feature", "properties": { "year": "2021", "month": "06", "day": "05", "Bombus species": "occidentalis", "date": "2021-06-05", "julian_day": 156.0, "source": "UtahPP" }, "geometry": { "type": "Point", "coordinates": [ -111.6150131, 40.74523509 ] } },
{ "type": "Feature", "properties": { "year": "2023", "month": "05", "day": "19", "Bombus species": "morrisoni", "date": "2023-05-19", "julian_day": 139.0, "source": "UtahPP" }, "geometry": { "type": "Point", "coordinates": [ -111.6158184, 37.77294066 ] } },
{ "type": "Feature", "properties": { "year": "2020", "month": "08", "day": "08", "Bombus species": "centralis", "date": "2020-08-08", "julian_day": 221.0, "source": "UtahPP" }, "geometry": { "type": "Point", "coordinates": [ -111.6171029, 40.57305393 ] } },
{ "type": "Feature", "properties": { "year": "2021", "month": "06", "day": "27", "Bombus species": "insularis", "date": "2021-06-27", "julian_day": 178.0, "source": "UtahPP" }, "geometry": { "type": "Point", "coordinates": [ -111.618, 40.57347 ] } },
{ "type": "Feature", "properties": { "year": "2021", "month": "08", "day": "26", "Bombus species": "appositus", "date": "2021-08-26", "julian_day": 238.0, "source": "UtahPP" }, "geometry": { "type": "Point", "coordinates": [ -111.618, 40.57276 ] } },
{ "type": "Feature", "properties": { "year": "2021", "month": "08", "day": "26", "Bombus species": "appositus", "date": "2021-08-26", "julian_day": 238.0, "source": "UtahPP" }, "geometry": { "type": "Point", "coordinates": [ -111.618, 40.57276 ] } },
{ "type": "Feature", "properties": { "year": "2021", "month": "08", "day": "26", "Bombus species": "vancouverensis/bifarius", "date": "2021-08-26", "julian_day": 238.0, "source": "UtahPP" }, "geometry": { "type": "Point", "coordinates": [ -111.618, 40.57276 ] } },
{ "type": "Feature", "properties": { "year": "2021", "month": "08", "day": "26", "Bombus species": "vancouverensis/bifarius", "date": "2021-08-26", "julian_day": 238.0, "source": "UtahPP" }, "geometry": { "type": "Point", "coordinates": [ -111.618, 40.57276 ] } },
{ "type": "Feature", "properties": { "year": "2021", "month": "08", "day": "26", "Bombus species": "centralis", "date": "2021-08-26", "julian_day": 238.0, "source": "UtahPP" }, "geometry": { "type": "Point", "coordinates": [ -111.618, 40.57276 ] } },
{ "type": "Feature", "properties": { "year": "2021", "month": "08", "day": "26", "Bombus species": "centralis", "date": "2021-08-26", "julian_day": 238.0, "source": "UtahPP" }, "geometry": { "type": "Point", "coordinates": [ -111.618, 40.57276 ] } },
{ "type": "Feature", "properties": { "year": "2021", "month": "08", "day": "26", "Bombus species": "centralis", "date": "2021-08-26", "julian_day": 238.0, "source": "UtahPP" }, "geometry": { "type": "Point", "coordinates": [ -111.618, 40.57276 ] } },
{ "type": "Feature", "properties": { "year": "2021", "month": "08", "day": "26", "Bombus species": "sylvicola", "date": "2021-08-26", "julian_day": 238.0, "source": "UtahPP" }, "geometry": { "type": "Point", "coordinates": [ -111.618, 40.5727 ] } },
{ "type": "Feature", "properties": { "year": "2023", "month": "09", "day": "13", "Bombus species": "rufocinctus", "date": "2023-09-13", "julian_day": 256.0, "source": "UtahPP" }, "geometry": { "type": "Point", "coordinates": [ -111.6181371, 40.57929366 ] } },
{ "type": "Feature", "properties": { "year": "2023", "month": "08", "day": "23", "Bombus species": "nevadensis", "date": "2023-08-23", "julian_day": 235.0, "source": "UtahPP" }, "geometry": { "type": "Point", "coordinates": [ -111.61853, 40.57717 ] } },
{ "type": "Feature", "properties": { "year": "2023", "month": "06", "day": "29", "Bombus species": "huntii", "date": "2023-06-29", "julian_day": 180.0, "source": "UtahPP" }, "geometry": { "type": "Point", "coordinates": [ -111.618698, 39.60964072 ] } },
{ "type": "Feature", "properties": { "year": "2023", "month": "06", "day": "29", "Bombus species": "nevadensis", "date": "2023-06-29", "julian_day": 180.0, "source": "UtahPP" }, "geometry": { "type": "Point", "coordinates": [ -111.6187016, 39.60961953 ] } },
{ "type": "Feature", "properties": { "year": "2023", "month": "09", "day": "03", "Bombus species": "appositus", "date": "2023-09-03", "julian_day": 246.0, "source": "UtahPP" }, "geometry": { "type": "Point", "coordinates": [ -111.6187328, 40.59746046 ] } },
{ "type": "Feature", "properties": { "year": "2023", "month": "06", "day": "29", "Bombus species": "morrisoni", "date": "2023-06-29", "julian_day": 180.0, "source": "UtahPP" }, "geometry": { "type": "Point", "coordinates": [ -111.6190728, 39.60961504 ] } },
{ "type": "Feature", "properties": { "year": "2023", "month": "08", "day": "21", "Bombus species": "morrisoni", "date": "2023-08-21", "julian_day": 233.0, "source": "UtahPP" }, "geometry": { "type": "Point", "coordinates": [ -111.6190977, 39.60978531 ] } },
{ "type": "Feature", "properties": { "year": "2023", "month": "08", "day": "08", "Bombus species": "centralis", "date": "2023-08-08", "julian_day": 220.0, "source": "UtahPP" }, "geometry": { "type": "Point", "coordinates": [ -111.619476, 40.580639 ] } },
{ "type": "Feature", "properties": { "year": "2021", "month": "07", "day": "21", "Bombus species": "appositus", "date": "2021-07-21", "julian_day": 202.0, "source": "UtahPP" }, "geometry": { "type": "Point", "coordinates": [ -111.62, 40.58309 ] } },
{ "type": "Feature", "properties": { "year": "2021", "month": "07", "day": "25", "Bombus species": "huntii", "date": "2021-07-25", "julian_day": 206.0, "source": "UtahPP" }, "geometry": { "type": "Point", "coordinates": [ -111.62, 40.68403 ] } },
{ "type": "Feature", "properties": { "year": "2022", "month": "08", "day": "13", "Bombus species": "rufocinctus", "date": "2022-08-13", "julian_day": 225.0, "source": "UtahPP" }, "geometry": { "type": "Point", "coordinates": [ -111.62, 40.42 ] } },
{ "type": "Feature", "properties": { "year": "2023", "month": "08", "day": "24", "Bombus species": "nevadensis", "date": "2023-08-24", "julian_day": 236.0, "source": "UtahPP" }, "geometry": { "type": "Point", "coordinates": [ -111.6201482, 40.58001747 ] } },
{ "type": "Feature", "properties": { "year": "2021", "month": "06", "day": "27", "Bombus species": "vancouverensis/bifarius", "date": "2021-06-27", "julian_day": 178.0, "source": "UtahPP" }, "geometry": { "type": "Point", "coordinates": [ -111.621, 40.57202 ] } },
{ "type": "Feature", "properties": { "year": "2021", "month": "06", "day": "27", "Bombus species": "centralis", "date": "2021-06-27", "julian_day": 178.0, "source": "UtahPP" }, "geometry": { "type": "Point", "coordinates": [ -111.621, 40.57145 ] } },
{ "type": "Feature", "properties": { "year": "2021", "month": "08", "day": "26", "Bombus species": "centralis", "date": "2021-08-26", "julian_day": 238.0, "source": "UtahPP" }, "geometry": { "type": "Point", "coordinates": [ -111.621, 40.57168 ] } },
{ "type": "Feature", "properties": { "year": "2021", "month": "08", "day": "26", "Bombus species": "centralis", "date": "2021-08-26", "julian_day": 238.0, "source": "UtahPP" }, "geometry": { "type": "Point", "coordinates": [ -111.621, 40.57168 ] } },
{ "type": "Feature", "properties": { "year": "2021", "month": "08", "day": "26", "Bombus species": "centralis", "date": "2021-08-26", "julian_day": 238.0, "source": "UtahPP" }, "geometry": { "type": "Point", "coordinates": [ -111.621, 40.5727 ] } },
{ "type": "Feature", "properties": { "year": "2021", "month": "08", "day": "26", "Bombus species": "centralis", "date": "2021-08-26", "julian_day": 238.0, "source": "UtahPP" }, "geometry": { "type": "Point", "coordinates": [ -111.621, 40.5727 ] } },
{ "type": "Feature", "properties": { "year": "2021", "month": "08", "day": "26", "Bombus species": "huntii", "date": "2021-08-26", "julian_day": 238.0, "source": "UtahPP" }, "geometry": { "type": "Point", "coordinates": [ -111.621, 40.57168 ] } },
{ "type": "Feature", "properties": { "year": "2023", "month": "08", "day": "08", "Bombus species": "vancouverensis/bifarius", "date": "2023-08-08", "julian_day": 220.0, "source": "UtahPP" }, "geometry": { "type": "Point", "coordinates": [ -111.621027, 40.581052 ] } },
{ "type": "Feature", "properties": { "year": "2023", "month": "08", "day": "23", "Bombus species": "vancouverensis/bifarius", "date": "2023-08-23", "julian_day": 235.0, "source": "UtahPP" }, "geometry": { "type": "Point", "coordinates": [ -111.6210521, 40.58052447 ] } },
{ "type": "Feature", "properties": { "year": "2023", "month": "07", "day": "27", "Bombus species": "appositus", "date": "2023-07-27", "julian_day": 208.0, "source": "UtahPP" }, "geometry": { "type": "Point", "coordinates": [ -111.6215708, 40.58175993 ] } },
{ "type": "Feature", "properties": { "year": "2023", "month": "08", "day": "08", "Bombus species": "nevadensis", "date": "2023-08-08", "julian_day": 220.0, "source": "UtahPP" }, "geometry": { "type": "Point", "coordinates": [ -111.621729, 40.581855 ] } },
{ "type": "Feature", "properties": { "year": "2023", "month": "08", "day": "08", "Bombus species": "nevadensis", "date": "2023-08-08", "julian_day": 220.0, "source": "UtahPP" }, "geometry": { "type": "Point", "coordinates": [ -111.621729, 40.581868 ] } },
{ "type": "Feature", "properties": { "year": "2023", "month": "08", "day": "23", "Bombus species": "nevadensis", "date": "2023-08-23", "julian_day": 235.0, "source": "UtahPP" }, "geometry": { "type": "Point", "coordinates": [ -111.6219409, 40.58218529 ] } },
{ "type": "Feature", "properties": { "year": "2021", "month": "08", "day": "26", "Bombus species": "centralis", "date": "2021-08-26", "julian_day": 238.0, "source": "UtahPP" }, "geometry": { "type": "Point", "coordinates": [ -111.622, 40.58839 ] } },
{ "type": "Feature", "properties": { "year": "2023", "month": "08", "day": "08", "Bombus species": "centralis", "date": "2023-08-08", "julian_day": 220.0, "source": "UtahPP" }, "geometry": { "type": "Point", "coordinates": [ -111.622113, 40.587672 ] } },
{ "type": "Feature", "properties": { "year": "2023", "month": "08", "day": "08", "Bombus species": "vancouverensis/bifarius", "date": "2023-08-08", "julian_day": 220.0, "source": "UtahPP" }, "geometry": { "type": "Point", "coordinates": [ -111.622313, 40.582587 ] } },
{ "type": "Feature", "properties": { "year": "2023", "month": "08", "day": "08", "Bombus species": "vancouverensis/bifarius", "date": "2023-08-08", "julian_day": 220.0, "source": "UtahPP" }, "geometry": { "type": "Point", "coordinates": [ -111.622315, 40.582608 ] } },
{ "type": "Feature", "properties": { "year": "2023", "month": "08", "day": "08", "Bombus species": "vancouverensis/bifarius", "date": "2023-08-08", "julian_day": 220.0, "source": "UtahPP" }, "geometry": { "type": "Point", "coordinates": [ -111.622316, 40.582585 ] } },
{ "type": "Feature", "properties": { "year": "2023", "month": "08", "day": "08", "Bombus species": "vancouverensis/bifarius", "date": "2023-08-08", "julian_day": 220.0, "source": "UtahPP" }, "geometry": { "type": "Point", "coordinates": [ -111.622316, 40.582585 ] } },
{ "type": "Feature", "properties": { "year": "2023", "month": "08", "day": "08", "Bombus species": "vancouverensis/bifarius", "date": "2023-08-08", "julian_day": 220.0, "source": "UtahPP" }, "geometry": { "type": "Point", "coordinates": [ -111.622336, 40.58256 ] } },
{ "type": "Feature", "properties": { "year": "2023", "month": "08", "day": "08", "Bombus species": "vancouverensis/bifarius", "date": "2023-08-08", "julian_day": 220.0, "source": "UtahPP" }, "geometry": { "type": "Point", "coordinates": [ -111.622381, 40.58819 ] } },
{ "type": "Feature", "properties": { "year": "2023", "month": "08", "day": "08", "Bombus species": "vancouverensis/bifarius", "date": "2023-08-08", "julian_day": 220.0, "source": "UtahPP" }, "geometry": { "type": "Point", "coordinates": [ -111.622432, 40.587042 ] } },
{ "type": "Feature", "properties": { "year": "2023", "month": "08", "day": "08", "Bombus species": "centralis", "date": "2023-08-08", "julian_day": 220.0, "source": "UtahPP" }, "geometry": { "type": "Point", "coordinates": [ -111.622432, 40.587042 ] } },
{ "type": "Feature", "properties": { "year": "2023", "month": "08", "day": "08", "Bombus species": "sylvicola", "date": "2023-08-08", "julian_day": 220.0, "source": "UtahPP" }, "geometry": { "type": "Point", "coordinates": [ -111.622493, 40.587049 ] } },
{ "type": "Feature", "properties": { "year": "2023", "month": "08", "day": "15", "Bombus species": "vancouverensis/bifarius", "date": "2023-08-15", "julian_day": 227.0, "source": "UtahPP" }, "geometry": { "type": "Point", "coordinates": [ -111.622494, 40.582645 ] } },
{ "type": "Feature", "properties": { "year": "2023", "month": "08", "day": "08", "Bombus species": "huntii", "date": "2023-08-08", "julian_day": 220.0, "source": "UtahPP" }, "geometry": { "type": "Point", "coordinates": [ -111.622508, 40.587551 ] } },
{ "type": "Feature", "properties": { "year": "2023", "month": "08", "day": "08", "Bombus species": "vancouverensis/bifarius", "date": "2023-08-08", "julian_day": 220.0, "source": "UtahPP" }, "geometry": { "type": "Point", "coordinates": [ -111.622526, 40.582662 ] } },
{ "type": "Feature", "properties": { "year": "2023", "month": "08", "day": "08", "Bombus species": "vancouverensis/bifarius", "date": "2023-08-08", "julian_day": 220.0, "source": "UtahPP" }, "geometry": { "type": "Point", "coordinates": [ -111.622538, 40.588311 ] } },
{ "type": "Feature", "properties": { "year": "2023", "month": "08", "day": "08", "Bombus species": "vancouverensis/bifarius", "date": "2023-08-08", "julian_day": 220.0, "source": "UtahPP" }, "geometry": { "type": "Point", "coordinates": [ -111.622627, 40.587441 ] } },
{ "type": "Feature", "properties": { "year": "2023", "month": "08", "day": "08", "Bombus species": "nevadensis", "date": "2023-08-08", "julian_day": 220.0, "source": "UtahPP" }, "geometry": { "type": "Point", "coordinates": [ -111.622718, 40.582994 ] } },
{ "type": "Feature", "properties": { "year": "2023", "month": "08", "day": "08", "Bombus species": "flavifrons", "date": "2023-08-08", "julian_day": 220.0, "source": "UtahPP" }, "geometry": { "type": "Point", "coordinates": [ -111.62278, 40.586444 ] } },
{ "type": "Feature", "properties": { "year": "2021", "month": "08", "day": "26", "Bombus species": "rufocinctus", "date": "2021-08-26", "julian_day": 238.0, "source": "UtahPP" }, "geometry": { "type": "Point", "coordinates": [ -111.623, 40.58839 ] } },
{ "type": "Feature", "properties": { "year": "2023", "month": "08", "day": "08", "Bombus species": "vancouverensis/bifarius", "date": "2023-08-08", "julian_day": 220.0, "source": "UtahPP" }, "geometry": { "type": "Point", "coordinates": [ -111.623016, 40.588604 ] } },
{ "type": "Feature", "properties": { "year": "2020", "month": "07", "day": "12", "Bombus species": "appositus", "date": "2020-07-12", "julian_day": 194.0, "source": "UtahPP" }, "geometry": { "type": "Point", "coordinates": [ -111.6230876, 40.58261465 ] } },
{ "type": "Feature", "properties": { "year": "2023", "month": "08", "day": "08", "Bombus species": "vancouverensis/bifarius", "date": "2023-08-08", "julian_day": 220.0, "source": "UtahPP" }, "geometry": { "type": "Point", "coordinates": [ -111.623094, 40.583386 ] } },
{ "type": "Feature", "properties": { "year": "2023", "month": "08", "day": "08", "Bombus species": "vancouverensis/bifarius", "date": "2023-08-08", "julian_day": 220.0, "source": "UtahPP" }, "geometry": { "type": "Point", "coordinates": [ -111.623162, 40.588534 ] } },
{ "type": "Feature", "properties": { "year": "2020", "month": "06", "day": "26", "Bombus species": "huntii", "date": "2020-06-26", "julian_day": 178.0, "source": "UtahPP" }, "geometry": { "type": "Point", "coordinates": [ -111.6233455, 40.57069816 ] } },
{ "type": "Feature", "properties": { "year": "2023", "month": "09", "day": "18", "Bombus species": "centralis", "date": "2023-09-18", "julian_day": 261.0, "source": "UtahPP" }, "geometry": { "type": "Point", "coordinates": [ -111.6234118, 40.58668145 ] } },
{ "type": "Feature", "properties": { "year": "2023", "month": "08", "day": "08", "Bombus species": "vancouverensis/bifarius", "date": "2023-08-08", "julian_day": 220.0, "source": "UtahPP" }, "geometry": { "type": "Point", "coordinates": [ -111.623496, 40.584011 ] } },
{ "type": "Feature", "properties": { "year": "2021", "month": "08", "day": "26", "Bombus species": "vancouverensis/bifarius", "date": "2021-08-26", "julian_day": 238.0, "source": "UtahPP" }, "geometry": { "type": "Point", "coordinates": [ -111.624, 40.59283 ] } },
{ "type": "Feature", "properties": { "year": "2021", "month": "08", "day": "26", "Bombus species": "vancouverensis/bifarius", "date": "2021-08-26", "julian_day": 238.0, "source": "UtahPP" }, "geometry": { "type": "Point", "coordinates": [ -111.624, 40.59283 ] } },
{ "type": "Feature", "properties": { "year": "2021", "month": "08", "day": "26", "Bombus species": "vancouverensis/bifarius", "date": "2021-08-26", "julian_day": 238.0, "source": "UtahPP" }, "geometry": { "type": "Point", "coordinates": [ -111.624, 40.59283 ] } },
{ "type": "Feature", "properties": { "year": "2021", "month": "08", "day": "26", "Bombus species": "centralis", "date": "2021-08-26", "julian_day": 238.0, "source": "UtahPP" }, "geometry": { "type": "Point", "coordinates": [ -111.624, 40.59283 ] } },
{ "type": "Feature", "properties": { "year": "2021", "month": "08", "day": "26", "Bombus species": "insularis", "date": "2021-08-26", "julian_day": 238.0, "source": "UtahPP" }, "geometry": { "type": "Point", "coordinates": [ -111.624, 40.59283 ] } },
{ "type": "Feature", "properties": { "year": "2021", "month": "08", "day": "26", "Bombus species": "sylvicola", "date": "2021-08-26", "julian_day": 238.0, "source": "UtahPP" }, "geometry": { "type": "Point", "coordinates": [ -111.624, 40.59283 ] } },
{ "type": "Feature", "properties": { "year": "2023", "month": "07", "day": "27", "Bombus species": "vancouverensis/bifarius", "date": "2023-07-27", "julian_day": 208.0, "source": "UtahPP" }, "geometry": { "type": "Point", "coordinates": [ -111.6241275, 40.58682174 ] } },
{ "type": "Feature", "properties": { "year": "2021", "month": "06", "day": "27", "Bombus species": "rufocinctus", "date": "2021-06-27", "julian_day": 178.0, "source": "UtahPP" }, "geometry": { "type": "Point", "coordinates": [ -111.625, 40.5874 ] } },
{ "type": "Feature", "properties": { "year": "2021", "month": "07", "day": "18", "Bombus species": "huntii", "date": "2021-07-18", "julian_day": 199.0, "source": "UtahPP" }, "geometry": { "type": "Point", "coordinates": [ -111.625, 40.15584 ] } },
{ "type": "Feature", "properties": { "year": "2021", "month": "07", "day": "18", "Bombus species": "morrisoni", "date": "2021-07-18", "julian_day": 199.0, "source": "UtahPP" }, "geometry": { "type": "Point", "coordinates": [ -111.625, 40.15582 ] } },
{ "type": "Feature", "properties": { "year": "2021", "month": "08", "day": "01", "Bombus species": "morrisoni", "date": "2021-08-01", "julian_day": 213.0, "source": "UtahPP" }, "geometry": { "type": "Point", "coordinates": [ -111.625, 40.15583 ] } },
{ "type": "Feature", "properties": { "year": "2021", "month": "08", "day": "01", "Bombus species": "morrisoni", "date": "2021-08-01", "julian_day": 213.0, "source": "UtahPP" }, "geometry": { "type": "Point", "coordinates": [ -111.625, 40.15585 ] } },
{ "type": "Feature", "properties": { "year": "2020", "month": "09", "day": "01", "Bombus species": "rufocinctus", "date": "2020-09-01", "julian_day": 245.0, "source": "UtahPP" }, "geometry": { "type": "Point", "coordinates": [ -111.62547, 40.588963 ] } },
{ "type": "Feature", "properties": { "year": "2020", "month": "09", "day": "01", "Bombus species": "vancouverensis/bifarius", "date": "2020-09-01", "julian_day": 245.0, "source": "UtahPP" }, "geometry": { "type": "Point", "coordinates": [ -111.625471, 40.588964 ] } },
{ "type": "Feature", "properties": { "year": "2020", "month": "09", "day": "01", "Bombus species": "centralis", "date": "2020-09-01", "julian_day": 245.0, "source": "UtahPP" }, "geometry": { "type": "Point", "coordinates": [ -111.625471, 40.5889622 ] } },
{ "type": "Feature", "properties": { "year": "2020", "month": "09", "day": "01", "Bombus species": "centralis", "date": "2020-09-01", "julian_day": 245.0, "source": "UtahPP" }, "geometry": { "type": "Point", "coordinates": [ -111.6254715, 40.5889631 ] } },
{ "type": "Feature", "properties": { "year": "2020", "month": "09", "day": "01", "Bombus species": "centralis", "date": "2020-09-01", "julian_day": 245.0, "source": "UtahPP" }, "geometry": { "type": "Point", "coordinates": [ -111.6254715, 40.5889631 ] } },
{ "type": "Feature", "properties": { "year": "2020", "month": "09", "day": "01", "Bombus species": "centralis", "date": "2020-09-01", "julian_day": 245.0, "source": "UtahPP" }, "geometry": { "type": "Point", "coordinates": [ -111.6254715, 40.588964 ] } },
{ "type": "Feature", "properties": { "year": "2020", "month": "09", "day": "01", "Bombus species": "fervidus", "date": "2020-09-01", "julian_day": 245.0, "source": "UtahPP" }, "geometry": { "type": "Point", "coordinates": [ -111.6254715, 40.5889631 ] } },
{ "type": "Feature", "properties": { "year": "2020", "month": "09", "day": "01", "Bombus species": "rufocinctus", "date": "2020-09-01", "julian_day": 245.0, "source": "UtahPP" }, "geometry": { "type": "Point", "coordinates": [ -111.6254715, 40.5889631 ] } },
{ "type": "Feature", "properties": { "year": "2020", "month": "09", "day": "01", "Bombus species": "sylvicola", "date": "2020-09-01", "julian_day": 245.0, "source": "UtahPP" }, "geometry": { "type": "Point", "coordinates": [ -111.6254715, 40.5889631 ] } },
{ "type": "Feature", "properties": { "year": "2020", "month": "09", "day": "01", "Bombus species": "appositus", "date": "2020-09-01", "julian_day": 245.0, "source": "UtahPP" }, "geometry": { "type": "Point", "coordinates": [ -111.625472, 40.588963 ] } },
{ "type": "Feature", "properties": { "year": "2020", "month": "09", "day": "01", "Bombus species": "appositus", "date": "2020-09-01", "julian_day": 245.0, "source": "UtahPP" }, "geometry": { "type": "Point", "coordinates": [ -111.625472, 40.588963 ] } },
{ "type": "Feature", "properties": { "year": "2020", "month": "09", "day": "01", "Bombus species": "vancouverensis/bifarius", "date": "2020-09-01", "julian_day": 245.0, "source": "UtahPP" }, "geometry": { "type": "Point", "coordinates": [ -111.625472, 40.588963 ] } },
{ "type": "Feature", "properties": { "year": "2020", "month": "09", "day": "01", "Bombus species": "vancouverensis/bifarius", "date": "2020-09-01", "julian_day": 245.0, "source": "UtahPP" }, "geometry": { "type": "Point", "coordinates": [ -111.625472, 40.588963 ] } },
{ "type": "Feature", "properties": { "year": "2020", "month": "09", "day": "01", "Bombus species": "centralis", "date": "2020-09-01", "julian_day": 245.0, "source": "UtahPP" }, "geometry": { "type": "Point", "coordinates": [ -111.625472, 40.588963 ] } },
{ "type": "Feature", "properties": { "year": "2020", "month": "09", "day": "01", "Bombus species": "centralis", "date": "2020-09-01", "julian_day": 245.0, "source": "UtahPP" }, "geometry": { "type": "Point", "coordinates": [ -111.625472, 40.588963 ] } },
{ "type": "Feature", "properties": { "year": "2020", "month": "09", "day": "01", "Bombus species": "flavifrons", "date": "2020-09-01", "julian_day": 245.0, "source": "UtahPP" }, "geometry": { "type": "Point", "coordinates": [ -111.625472, 40.588963 ] } },
{ "type": "Feature", "properties": { "year": "2020", "month": "09", "day": "01", "Bombus species": "flavifrons", "date": "2020-09-01", "julian_day": 245.0, "source": "UtahPP" }, "geometry": { "type": "Point", "coordinates": [ -111.625472, 40.588963 ] } },
{ "type": "Feature", "properties": { "year": "2020", "month": "09", "day": "01", "Bombus species": "rufocinctus", "date": "2020-09-01", "julian_day": 245.0, "source": "UtahPP" }, "geometry": { "type": "Point", "coordinates": [ -111.625472, 40.588963 ] } },
{ "type": "Feature", "properties": { "year": "2020", "month": "09", "day": "01", "Bombus species": "rufocinctus", "date": "2020-09-01", "julian_day": 245.0, "source": "UtahPP" }, "geometry": { "type": "Point", "coordinates": [ -111.625472, 40.588963 ] } },
{ "type": "Feature", "properties": { "year": "2020", "month": "09", "day": "01", "Bombus species": "sylvicola", "date": "2020-09-01", "julian_day": 245.0, "source": "UtahPP" }, "geometry": { "type": "Point", "coordinates": [ -111.625472, 40.588963 ] } },
{ "type": "Feature", "properties": { "year": "2020", "month": "09", "day": "01", "Bombus species": "sylvicola", "date": "2020-09-01", "julian_day": 245.0, "source": "UtahPP" }, "geometry": { "type": "Point", "coordinates": [ -111.625472, 40.588963 ] } },
{ "type": "Feature", "properties": { "year": "2021", "month": "07", "day": "09", "Bombus species": "centralis", "date": "2021-07-09", "julian_day": 190.0, "source": "UtahPP" }, "geometry": { "type": "Point", "coordinates": [ -111.627, 40.59202 ] } },
{ "type": "Feature", "properties": { "year": "2020", "month": "06", "day": "12", "Bombus species": "vancouverensis/bifarius", "date": "2020-06-12", "julian_day": 164.0, "source": "UtahPP" }, "geometry": { "type": "Point", "coordinates": [ -111.627237, 40.5895323 ] } },
{ "type": "Feature", "properties": { "year": "2023", "month": "08", "day": "08", "Bombus species": "fervidus", "date": "2023-08-08", "julian_day": 220.0, "source": "UtahPP" }, "geometry": { "type": "Point", "coordinates": [ -111.627582, 40.592051 ] } },
{ "type": "Feature", "properties": { "year": "2023", "month": "08", "day": "14", "Bombus species": "insularis", "date": "2023-08-14", "julian_day": 226.0, "source": "UtahPP" }, "geometry": { "type": "Point", "coordinates": [ -111.6296893, 40.66120483 ] } },
{ "type": "Feature", "properties": { "year": "2021", "month": "07", "day": "23", "Bombus species": "vancouverensis/bifarius", "date": "2021-07-23", "julian_day": 204.0, "source": "UtahPP" }, "geometry": { "type": "Point", "coordinates": [ -111.631, 40.66335 ] } },
{ "type": "Feature", "properties": { "year": "2021", "month": "05", "day": "15", "Bombus species": "vancouverensis/bifarius", "date": "2021-05-15", "julian_day": 135.0, "source": "UtahPP" }, "geometry": { "type": "Point", "coordinates": [ -111.631386, 40.47831612 ] } },
{ "type": "Feature", "properties": { "year": "2021", "month": "07", "day": "25", "Bombus species": "appositus", "date": "2021-07-25", "julian_day": 206.0, "source": "UtahPP" }, "geometry": { "type": "Point", "coordinates": [ -111.632, 40.68674 ] } },
{ "type": "Feature", "properties": { "year": "2021", "month": "07", "day": "25", "Bombus species": "flavifrons", "date": "2021-07-25", "julian_day": 206.0, "source": "UtahPP" }, "geometry": { "type": "Point", "coordinates": [ -111.632, 40.68674 ] } },
{ "type": "Feature", "properties": { "year": "2022", "month": "08", "day": "24", "Bombus species": "mixtus", "date": "2022-08-24", "julian_day": 236.0, "source": "UtahPP" }, "geometry": { "type": "Point", "coordinates": [ -111.6331624, 41.88963328 ] } },
{ "type": "Feature", "properties": { "year": "2022", "month": "08", "day": "24", "Bombus species": "fervidus", "date": "2022-08-24", "julian_day": 236.0, "source": "UtahPP" }, "geometry": { "type": "Point", "coordinates": [ -111.6333209, 41.889648 ] } },
{ "type": "Feature", "properties": { "year": "2022", "month": "08", "day": "24", "Bombus species": "flavifrons", "date": "2022-08-24", "julian_day": 236.0, "source": "UtahPP" }, "geometry": { "type": "Point", "coordinates": [ -111.6333209, 41.889648 ] } },
{ "type": "Feature", "properties": { "year": "2023", "month": "07", "day": "05", "Bombus species": "centralis", "date": "2023-07-05", "julian_day": 186.0, "source": "UtahPP" }, "geometry": { "type": "Point", "coordinates": [ -111.6343936, 40.43467881 ] } },
{ "type": "Feature", "properties": { "year": "2021", "month": "08", "day": "14", "Bombus species": "rufocinctus", "date": "2021-08-14", "julian_day": 226.0, "source": "UtahPP" }, "geometry": { "type": "Point", "coordinates": [ -111.636, 40.59201 ] } },
{ "type": "Feature", "properties": { "year": "2020", "month": "08", "day": "23", "Bombus species": "appositus", "date": "2020-08-23", "julian_day": 236.0, "source": "UtahPP" }, "geometry": { "type": "Point", "coordinates": [ -111.6361073, 40.59308566 ] } },
{ "type": "Feature", "properties": { "year": "2020", "month": "08", "day": "23", "Bombus species": "centralis", "date": "2020-08-23", "julian_day": 236.0, "source": "UtahPP" }, "geometry": { "type": "Point", "coordinates": [ -111.6362126, 40.59293621 ] } },
{ "type": "Feature", "properties": { "year": "2023", "month": "08", "day": "18", "Bombus species": "centralis", "date": "2023-08-18", "julian_day": 230.0, "source": "UtahPP" }, "geometry": { "type": "Point", "coordinates": [ -111.6363728, 40.67674808 ] } },
{ "type": "Feature", "properties": { "year": "2021", "month": "08", "day": "26", "Bombus species": "vancouverensis/bifarius", "date": "2021-08-26", "julian_day": 238.0, "source": "UtahPP" }, "geometry": { "type": "Point", "coordinates": [ -111.637, 40.59029 ] } },
{ "type": "Feature", "properties": { "year": "2023", "month": "08", "day": "18", "Bombus species": "centralis", "date": "2023-08-18", "julian_day": 230.0, "source": "UtahPP" }, "geometry": { "type": "Point", "coordinates": [ -111.6374534, 40.67029526 ] } },
{ "type": "Feature", "properties": { "year": "2020", "month": "07", "day": "28", "Bombus species": "vancouverensis/bifarius", "date": "2020-07-28", "julian_day": 210.0, "source": "UtahPP" }, "geometry": { "type": "Point", "coordinates": [ -111.6375013, 40.59062071 ] } },
{ "type": "Feature", "properties": { "year": "2023", "month": "07", "day": "28", "Bombus species": "centralis", "date": "2023-07-28", "julian_day": 209.0, "source": "UtahPP" }, "geometry": { "type": "Point", "coordinates": [ -111.6378362, 40.59161567 ] } },
{ "type": "Feature", "properties": { "year": "2023", "month": "09", "day": "03", "Bombus species": "sylvicola", "date": "2023-09-03", "julian_day": 246.0, "source": "UtahPP" }, "geometry": { "type": "Point", "coordinates": [ -111.6379911, 40.5912389 ] } },
{ "type": "Feature", "properties": { "year": "2020", "month": "06", "day": "10", "Bombus species": "centralis", "date": "2020-06-10", "julian_day": 162.0, "source": "UtahPP" }, "geometry": { "type": "Point", "coordinates": [ -111.6385758, 40.72027428 ] } },
{ "type": "Feature", "properties": { "year": "2021", "month": "07", "day": "01", "Bombus species": "vancouverensis/bifarius", "date": "2021-07-01", "julian_day": 182.0, "source": "UtahPP" }, "geometry": { "type": "Point", "coordinates": [ -111.639, 40.66721 ] } },
{ "type": "Feature", "properties": { "year": "2021", "month": "07", "day": "01", "Bombus species": "centralis", "date": "2021-07-01", "julian_day": 182.0, "source": "UtahPP" }, "geometry": { "type": "Point", "coordinates": [ -111.639, 40.66721 ] } },
{ "type": "Feature", "properties": { "year": "2021", "month": "07", "day": "01", "Bombus species": "insularis", "date": "2021-07-01", "julian_day": 182.0, "source": "UtahPP" }, "geometry": { "type": "Point", "coordinates": [ -111.639, 40.66721 ] } },
{ "type": "Feature", "properties": { "year": "2021", "month": "07", "day": "01", "Bombus species": "insularis", "date": "2021-07-01", "julian_day": 182.0, "source": "UtahPP" }, "geometry": { "type": "Point", "coordinates": [ -111.639, 40.66721 ] } },
{ "type": "Feature", "properties": { "year": "2021", "month": "07", "day": "01", "Bombus species": "insularis", "date": "2021-07-01", "julian_day": 182.0, "source": "UtahPP" }, "geometry": { "type": "Point", "coordinates": [ -111.639, 40.66721 ] } },
{ "type": "Feature", "properties": { "year": "2020", "month": "07", "day": "03", "Bombus species": "flavifrons", "date": "2020-07-03", "julian_day": 185.0, "source": "UtahPP" }, "geometry": { "type": "Point", "coordinates": [ -111.639185, 40.58683894 ] } },
{ "type": "Feature", "properties": { "year": "2022", "month": "07", "day": "16", "Bombus species": "flavifrons", "date": "2022-07-16", "julian_day": 197.0, "source": "UtahPP" }, "geometry": { "type": "Point", "coordinates": [ -111.6394462, 40.81031578 ] } },
{ "type": "Feature", "properties": { "year": "2021", "month": "07", "day": "25", "Bombus species": "flavifrons", "date": "2021-07-25", "julian_day": 206.0, "source": "UtahPP" }, "geometry": { "type": "Point", "coordinates": [ -111.64, 40.68523 ] } },
{ "type": "Feature", "properties": { "year": "2020", "month": "06", "day": "22", "Bombus species": "vancouverensis/bifarius", "date": "2020-06-22", "julian_day": 174.0, "source": "UtahPP" }, "geometry": { "type": "Point", "coordinates": [ -111.6417286, 40.71895712 ] } },
{ "type": "Feature", "properties": { "year": "2020", "month": "06", "day": "22", "Bombus species": "rufocinctus", "date": "2020-06-22", "julian_day": 174.0, "source": "UtahPP" }, "geometry": { "type": "Point", "coordinates": [ -111.6417329, 40.7190264 ] } },
{ "type": "Feature", "properties": { "year": "2022", "month": "08", "day": "24", "Bombus species": "fervidus", "date": "2022-08-24", "julian_day": 236.0, "source": "UtahPP" }, "geometry": { "type": "Point", "coordinates": [ -111.6418191, 41.89348633 ] } },
{ "type": "Feature", "properties": { "year": "2022", "month": "08", "day": "24", "Bombus species": "vancouverensis/bifarius", "date": "2022-08-24", "julian_day": 236.0, "source": "UtahPP" }, "geometry": { "type": "Point", "coordinates": [ -111.6419021, 41.89367424 ] } },
{ "type": "Feature", "properties": { "year": "2022", "month": "08", "day": "24", "Bombus species": "rufocinctus", "date": "2022-08-24", "julian_day": 236.0, "source": "UtahPP" }, "geometry": { "type": "Point", "coordinates": [ -111.6419138, 41.89343612 ] } },
{ "type": "Feature", "properties": { "year": "2022", "month": "08", "day": "24", "Bombus species": "rufocinctus", "date": "2022-08-24", "julian_day": 236.0, "source": "UtahPP" }, "geometry": { "type": "Point", "coordinates": [ -111.6419302, 41.89342083 ] } },
{ "type": "Feature", "properties": { "year": "2022", "month": "08", "day": "24", "Bombus species": "insularis", "date": "2022-08-24", "julian_day": 236.0, "source": "UtahPP" }, "geometry": { "type": "Point", "coordinates": [ -111.6419584, 41.89350379 ] } },
{ "type": "Feature", "properties": { "year": "2022", "month": "08", "day": "24", "Bombus species": "appositus", "date": "2022-08-24", "julian_day": 236.0, "source": "UtahPP" }, "geometry": { "type": "Point", "coordinates": [ -111.6419632, 41.89368256 ] } },
{ "type": "Feature", "properties": { "year": "2022", "month": "08", "day": "24", "Bombus species": "occidentalis", "date": "2022-08-24", "julian_day": 236.0, "source": "UtahPP" }, "geometry": { "type": "Point", "coordinates": [ -111.6420033, 41.89368593 ] } },
{ "type": "Feature", "properties": { "year": "2022", "month": "08", "day": "24", "Bombus species": "vancouverensis/bifarius", "date": "2022-08-24", "julian_day": 236.0, "source": "UtahPP" }, "geometry": { "type": "Point", "coordinates": [ -111.642072, 41.89385378 ] } },
{ "type": "Feature", "properties": { "year": "2022", "month": "08", "day": "24", "Bombus species": "vancouverensis/bifarius", "date": "2022-08-24", "julian_day": 236.0, "source": "UtahPP" }, "geometry": { "type": "Point", "coordinates": [ -111.6421178, 41.89404397 ] } },
{ "type": "Feature", "properties": { "year": "2022", "month": "08", "day": "24", "Bombus species": "rufocinctus", "date": "2022-08-24", "julian_day": 236.0, "source": "UtahPP" }, "geometry": { "type": "Point", "coordinates": [ -111.6423132, 41.89506501 ] } },
{ "type": "Feature", "properties": { "year": "2022", "month": "08", "day": "24", "Bombus species": "fervidus", "date": "2022-08-24", "julian_day": 236.0, "source": "UtahPP" }, "geometry": { "type": "Point", "coordinates": [ -111.642354, 41.89431661 ] } },
{ "type": "Feature", "properties": { "year": "2022", "month": "08", "day": "24", "Bombus species": "appositus", "date": "2022-08-24", "julian_day": 236.0, "source": "UtahPP" }, "geometry": { "type": "Point", "coordinates": [ -111.6425612, 41.89514228 ] } },
{ "type": "Feature", "properties": { "year": "2023", "month": "08", "day": "25", "Bombus species": "vancouverensis/bifarius", "date": "2023-08-25", "julian_day": 237.0, "source": "UtahPP" }, "geometry": { "type": "Point", "coordinates": [ -111.6426823, 40.67086501 ] } },
{ "type": "Feature", "properties": { "year": "2022", "month": "08", "day": "24", "Bombus species": "appositus", "date": "2022-08-24", "julian_day": 236.0, "source": "UtahPP" }, "geometry": { "type": "Point", "coordinates": [ -111.6427086, 41.89508407 ] } },
{ "type": "Feature", "properties": { "year": "2023", "month": "07", "day": "27", "Bombus species": "vancouverensis/bifarius", "date": "2023-07-27", "julian_day": 208.0, "source": "UtahPP" }, "geometry": { "type": "Point", "coordinates": [ -111.642723, 41.895473 ] } },
{ "type": "Feature", "properties": { "year": "2023", "month": "07", "day": "27", "Bombus species": "vancouverensis/bifarius", "date": "2023-07-27", "julian_day": 208.0, "source": "UtahPP" }, "geometry": { "type": "Point", "coordinates": [ -111.642723, 41.895473 ] } },
{ "type": "Feature", "properties": { "year": "2023", "month": "07", "day": "27", "Bombus species": "vancouverensis/bifarius", "date": "2023-07-27", "julian_day": 208.0, "source": "UtahPP" }, "geometry": { "type": "Point", "coordinates": [ -111.642723, 41.895473 ] } },
{ "type": "Feature", "properties": { "year": "2023", "month": "07", "day": "27", "Bombus species": "vancouverensis/bifarius", "date": "2023-07-27", "julian_day": 208.0, "source": "UtahPP" }, "geometry": { "type": "Point", "coordinates": [ -111.642723, 41.895473 ] } },
{ "type": "Feature", "properties": { "year": "2023", "month": "07", "day": "27", "Bombus species": "vancouverensis/bifarius", "date": "2023-07-27", "julian_day": 208.0, "source": "UtahPP" }, "geometry": { "type": "Point", "coordinates": [ -111.642723, 41.895473 ] } },
{ "type": "Feature", "properties": { "year": "2023", "month": "07", "day": "27", "Bombus species": "nevadensis", "date": "2023-07-27", "julian_day": 208.0, "source": "UtahPP" }, "geometry": { "type": "Point", "coordinates": [ -111.642723, 41.895473 ] } },
{ "type": "Feature", "properties": { "year": "2021", "month": "08", "day": "22", "Bombus species": "appositus", "date": "2021-08-22", "julian_day": 234.0, "source": "UtahPP" }, "geometry": { "type": "Point", "coordinates": [ -111.643, 40.81875 ] } },
{ "type": "Feature", "properties": { "year": "2023", "month": "08", "day": "25", "Bombus species": "centralis", "date": "2023-08-25", "julian_day": 237.0, "source": "UtahPP" }, "geometry": { "type": "Point", "coordinates": [ -111.6432542, 40.66809169 ] } },
{ "type": "Feature", "properties": { "year": "2022", "month": "08", "day": "24", "Bombus species": "appositus", "date": "2022-08-24", "julian_day": 236.0, "source": "UtahPP" }, "geometry": { "type": "Point", "coordinates": [ -111.6433021, 41.89542658 ] } },
{ "type": "Feature", "properties": { "year": "2020", "month": "06", "day": "22", "Bombus species": "rufocinctus", "date": "2020-06-22", "julian_day": 174.0, "source": "UtahPP" }, "geometry": { "type": "Point", "coordinates": [ -111.6434044, 40.71799438 ] } },
{ "type": "Feature", "properties": { "year": "2023", "month": "07", "day": "27", "Bombus species": "vancouverensis/bifarius", "date": "2023-07-27", "julian_day": 208.0, "source": "UtahPP" }, "geometry": { "type": "Point", "coordinates": [ -111.6436451, 41.8965171 ] } },
{ "type": "Feature", "properties": { "year": "2022", "month": "08", "day": "24", "Bombus species": "appositus", "date": "2022-08-24", "julian_day": 236.0, "source": "UtahPP" }, "geometry": { "type": "Point", "coordinates": [ -111.6455244, 41.89524072 ] } },
{ "type": "Feature", "properties": { "year": "2022", "month": "08", "day": "24", "Bombus species": "rufocinctus", "date": "2022-08-24", "julian_day": 236.0, "source": "UtahPP" }, "geometry": { "type": "Point", "coordinates": [ -111.645586, 41.89547415 ] } },
{ "type": "Feature", "properties": { "year": "2022", "month": "08", "day": "24", "Bombus species": "vancouverensis/bifarius", "date": "2022-08-24", "julian_day": 236.0, "source": "UtahPP" }, "geometry": { "type": "Point", "coordinates": [ -111.6456944, 41.89501145 ] } },
{ "type": "Feature", "properties": { "year": "2022", "month": "08", "day": "24", "Bombus species": "vancouverensis/bifarius", "date": "2022-08-24", "julian_day": 236.0, "source": "UtahPP" }, "geometry": { "type": "Point", "coordinates": [ -111.6458458, 41.89510526 ] } },
{ "type": "Feature", "properties": { "year": "2022", "month": "08", "day": "24", "Bombus species": "rufocinctus", "date": "2022-08-24", "julian_day": 236.0, "source": "UtahPP" }, "geometry": { "type": "Point", "coordinates": [ -111.6459159, 41.89672075 ] } },
{ "type": "Feature", "properties": { "year": "2023", "month": "09", "day": "13", "Bombus species": "vancouverensis/bifarius", "date": "2023-09-13", "julian_day": 256.0, "source": "UtahPP" }, "geometry": { "type": "Point", "coordinates": [ -111.6463985, 40.68467071 ] } },
{ "type": "Feature", "properties": { "year": "2023", "month": "09", "day": "13", "Bombus species": "appositus", "date": "2023-09-13", "julian_day": 256.0, "source": "UtahPP" }, "geometry": { "type": "Point", "coordinates": [ -111.6464084, 40.68471037 ] } },
{ "type": "Feature", "properties": { "year": "2021", "month": "07", "day": "16", "Bombus species": "appositus", "date": "2021-07-16", "julian_day": 197.0, "source": "UtahPP" }, "geometry": { "type": "Point", "coordinates": [ -111.647, 40.59355 ] } },
{ "type": "Feature", "properties": { "year": "2021", "month": "07", "day": "16", "Bombus species": "griseocollis", "date": "2021-07-16", "julian_day": 197.0, "source": "UtahPP" }, "geometry": { "type": "Point", "coordinates": [ -111.648, 40.59445 ] } },
{ "type": "Feature", "properties": { "year": "2023", "month": "08", "day": "05", "Bombus species": "rufocinctus", "date": "2023-08-05", "julian_day": 217.0, "source": "UtahPP" }, "geometry": { "type": "Point", "coordinates": [ -111.6486835, 40.56077472 ] } },
{ "type": "Feature", "properties": { "year": "2021", "month": "06", "day": "26", "Bombus species": "flavifrons", "date": "2021-06-26", "julian_day": 177.0, "source": "UtahPP" }, "geometry": { "type": "Point", "coordinates": [ -111.649, 40.57432 ] } },
{ "type": "Feature", "properties": { "year": "2021", "month": "07", "day": "25", "Bombus species": "occidentalis", "date": "2021-07-25", "julian_day": 206.0, "source": "UtahPP" }, "geometry": { "type": "Point", "coordinates": [ -111.649, 40.68484 ] } },
{ "type": "Feature", "properties": { "year": "2023", "month": "08", "day": "01", "Bombus species": "huntii", "date": "2023-08-01", "julian_day": 213.0, "source": "UtahPP" }, "geometry": { "type": "Point", "coordinates": [ -111.6496567, 40.25100051 ] } },
{ "type": "Feature", "properties": { "year": "2021", "month": "07", "day": "17", "Bombus species": "centralis", "date": "2021-07-17", "julian_day": 198.0, "source": "UtahPP" }, "geometry": { "type": "Point", "coordinates": [ -111.651, 40.6674 ] } },
{ "type": "Feature", "properties": { "year": "2023", "month": "07", "day": "07", "Bombus species": "griseocollis", "date": "2023-07-07", "julian_day": 188.0, "source": "UtahPP" }, "geometry": { "type": "Point", "coordinates": [ -111.6523676, 40.64703025 ] } },
{ "type": "Feature", "properties": { "year": "2023", "month": "06", "day": "25", "Bombus species": "appositus", "date": "2023-06-25", "julian_day": 176.0, "source": "UtahPP" }, "geometry": { "type": "Point", "coordinates": [ -111.6568076, 40.64808818 ] } },
{ "type": "Feature", "properties": { "year": "2023", "month": "07", "day": "20", "Bombus species": "centralis", "date": "2023-07-20", "julian_day": 201.0, "source": "UtahPP" }, "geometry": { "type": "Point", "coordinates": [ -111.6568673, 40.64800768 ] } },
{ "type": "Feature", "properties": { "year": "2023", "month": "07", "day": "07", "Bombus species": "rufocinctus", "date": "2023-07-07", "julian_day": 188.0, "source": "UtahPP" }, "geometry": { "type": "Point", "coordinates": [ -111.6568793, 40.64804653 ] } },
{ "type": "Feature", "properties": { "year": "2023", "month": "07", "day": "07", "Bombus species": "griseocollis", "date": "2023-07-07", "julian_day": 188.0, "source": "UtahPP" }, "geometry": { "type": "Point", "coordinates": [ -111.6569221, 40.64800096 ] } },
{ "type": "Feature", "properties": { "year": "2023", "month": "07", "day": "07", "Bombus species": "vancouverensis/bifarius", "date": "2023-07-07", "julian_day": 188.0, "source": "UtahPP" }, "geometry": { "type": "Point", "coordinates": [ -111.6569301, 40.64802589 ] } },
{ "type": "Feature", "properties": { "year": "2021", "month": "04", "day": "09", "Bombus species": "occidentalis", "date": "2021-04-09", "julian_day": 99.0, "source": "UtahPP" }, "geometry": { "type": "Point", "coordinates": [ -111.659293, 37.864319 ] } },
{ "type": "Feature", "properties": { "year": "2020", "month": "08", "day": "09", "Bombus species": "fervidus", "date": "2020-08-09", "julian_day": 222.0, "source": "UtahPP" }, "geometry": { "type": "Point", "coordinates": [ -111.6618697, 40.66297038 ] } },
{ "type": "Feature", "properties": { "year": "2021", "month": "07", "day": "24", "Bombus species": "appositus", "date": "2021-07-24", "julian_day": 205.0, "source": "UtahPP" }, "geometry": { "type": "Point", "coordinates": [ -111.662, 40.66458 ] } },
{ "type": "Feature", "properties": { "year": "2021", "month": "07", "day": "24", "Bombus species": "insularis", "date": "2021-07-24", "julian_day": 205.0, "source": "UtahPP" }, "geometry": { "type": "Point", "coordinates": [ -111.662, 40.66186 ] } },
{ "type": "Feature", "properties": { "year": "2020", "month": "06", "day": "02", "Bombus species": "vancouverensis/bifarius", "date": "2020-06-02", "julian_day": 154.0, "source": "UtahPP" }, "geometry": { "type": "Point", "coordinates": [ -111.6620871, 40.64977824 ] } },
{ "type": "Feature", "properties": { "year": "2020", "month": "06", "day": "02", "Bombus species": "centralis", "date": "2020-06-02", "julian_day": 154.0, "source": "UtahPP" }, "geometry": { "type": "Point", "coordinates": [ -111.66214, 40.64941675 ] } },
{ "type": "Feature", "properties": { "year": "2021", "month": "08", "day": "21", "Bombus species": "vancouverensis/bifarius", "date": "2021-08-21", "julian_day": 233.0, "source": "UtahPP" }, "geometry": { "type": "Point", "coordinates": [ -111.668, 40.08439 ] } },
{ "type": "Feature", "properties": { "year": "2020", "month": "08", "day": "17", "Bombus species": "insularis", "date": "2020-08-17", "julian_day": 230.0, "source": "UtahPP" }, "geometry": { "type": "Point", "coordinates": [ -111.6701427, 40.69160336 ] } },
{ "type": "Feature", "properties": { "year": "2020", "month": "08", "day": "17", "Bombus species": "vancouverensis/bifarius", "date": "2020-08-17", "julian_day": 230.0, "source": "UtahPP" }, "geometry": { "type": "Point", "coordinates": [ -111.6702059, 40.6922741 ] } },
{ "type": "Feature", "properties": { "year": "2023", "month": "07", "day": "15", "Bombus species": "griseocollis", "date": "2023-07-15", "julian_day": 196.0, "source": "UtahPP" }, "geometry": { "type": "Point", "coordinates": [ -111.671735, 40.23157552 ] } },
{ "type": "Feature", "properties": { "year": "2023", "month": "07", "day": "30", "Bombus species": "appositus", "date": "2023-07-30", "julian_day": 211.0, "source": "UtahPP" }, "geometry": { "type": "Point", "coordinates": [ -111.6736236, 40.62921402 ] } },
{ "type": "Feature", "properties": { "year": "2022", "month": "05", "day": "27", "Bombus species": "nevadensis", "date": "2022-05-27", "julian_day": 147.0, "source": "UtahPP" }, "geometry": { "type": "Point", "coordinates": [ -111.6759481, 40.30378455 ] } },
{ "type": "Feature", "properties": { "year": "2023", "month": "06", "day": "01", "Bombus species": "fervidus", "date": "2023-06-01", "julian_day": 152.0, "source": "UtahPP" }, "geometry": { "type": "Point", "coordinates": [ -111.67598, 40.30383985 ] } },
{ "type": "Feature", "properties": { "year": "2023", "month": "05", "day": "30", "Bombus species": "huntii", "date": "2023-05-30", "julian_day": 150.0, "source": "UtahPP" }, "geometry": { "type": "Point", "coordinates": [ -111.6769731, 39.073007 ] } },
{ "type": "Feature", "properties": { "year": "2022", "month": "05", "day": "26", "Bombus species": "flavifrons", "date": "2022-05-26", "julian_day": 146.0, "source": "UtahPP" }, "geometry": { "type": "Point", "coordinates": [ -111.6779637, 39.79041673 ] } },
{ "type": "Feature", "properties": { "year": "2021", "month": "08", "day": "06", "Bombus species": "morrisoni", "date": "2021-08-06", "julian_day": 218.0, "source": "UtahPP" }, "geometry": { "type": "Point", "coordinates": [ -111.681, 40.24146 ] } },
{ "type": "Feature", "properties": { "year": "2020", "month": "08", "day": "05", "Bombus species": "vancouverensis/bifarius", "date": "2020-08-05", "julian_day": 218.0, "source": "UtahPP" }, "geometry": { "type": "Point", "coordinates": [ -111.6889437, 40.67236515 ] } },
{ "type": "Feature", "properties": { "year": "2022", "month": "07", "day": "21", "Bombus species": "griseocollis", "date": "2022-07-21", "julian_day": 202.0, "source": "UtahPP" }, "geometry": { "type": "Point", "coordinates": [ -111.689615, 40.67080553 ] } },
{ "type": "Feature", "properties": { "year": "2021", "month": "08", "day": "05", "Bombus species": "vancouverensis/bifarius", "date": "2021-08-05", "julian_day": 217.0, "source": "UtahPP" }, "geometry": { "type": "Point", "coordinates": [ -111.689629, 38.088672 ] } },
{ "type": "Feature", "properties": { "year": "2021", "month": "08", "day": "24", "Bombus species": "vancouverensis/bifarius", "date": "2021-08-24", "julian_day": 236.0, "source": "UtahPP" }, "geometry": { "type": "Point", "coordinates": [ -111.69, 40.70725 ] } },
{ "type": "Feature", "properties": { "year": "2020", "month": "08", "day": "24", "Bombus species": "centralis", "date": "2020-08-24", "julian_day": 237.0, "source": "UtahPP" }, "geometry": { "type": "Point", "coordinates": [ -111.6910782, 40.6753261 ] } },
{ "type": "Feature", "properties": { "year": "2020", "month": "08", "day": "24", "Bombus species": "sylvicola", "date": "2020-08-24", "julian_day": 237.0, "source": "UtahPP" }, "geometry": { "type": "Point", "coordinates": [ -111.6911279, 40.6752587 ] } },
{ "type": "Feature", "properties": { "year": "2020", "month": "08", "day": "24", "Bombus species": "vancouverensis/bifarius", "date": "2020-08-24", "julian_day": 237.0, "source": "UtahPP" }, "geometry": { "type": "Point", "coordinates": [ -111.6914467, 40.6791233 ] } },
{ "type": "Feature", "properties": { "year": "2020", "month": "08", "day": "05", "Bombus species": "flavifrons", "date": "2020-08-05", "julian_day": 218.0, "source": "UtahPP" }, "geometry": { "type": "Point", "coordinates": [ -111.6914776, 40.6758989 ] } },
{ "type": "Feature", "properties": { "year": "2020", "month": "08", "day": "05", "Bombus species": "appositus", "date": "2020-08-05", "julian_day": 218.0, "source": "UtahPP" }, "geometry": { "type": "Point", "coordinates": [ -111.6918884, 40.67944911 ] } },
{ "type": "Feature", "properties": { "year": "2021", "month": "08", "day": "03", "Bombus species": "vancouverensis/bifarius", "date": "2021-08-03", "julian_day": 215.0, "source": "UtahPP" }, "geometry": { "type": "Point", "coordinates": [ -111.692427, 37.924453 ] } },
{ "type": "Feature", "properties": { "year": "2023", "month": "06", "day": "19", "Bombus species": "vancouverensis/bifarius", "date": "2023-06-19", "julian_day": 170.0, "source": "UtahPP" }, "geometry": { "type": "Point", "coordinates": [ -111.693393, 40.70485 ] } },
{ "type": "Feature", "properties": { "year": "2021", "month": "07", "day": "09", "Bombus species": "vancouverensis/bifarius", "date": "2021-07-09", "julian_day": 190.0, "source": "UtahPP" }, "geometry": { "type": "Point", "coordinates": [ -111.695, 37.9369 ] } },
{ "type": "Feature", "properties": { "year": "2021", "month": "07", "day": "09", "Bombus species": "morrisoni", "date": "2021-07-09", "julian_day": 190.0, "source": "UtahPP" }, "geometry": { "type": "Point", "coordinates": [ -111.695, 37.9369 ] } },
{ "type": "Feature", "properties": { "year": "2023", "month": "06", "day": "12", "Bombus species": "centralis", "date": "2023-06-12", "julian_day": 163.0, "source": "UtahPP" }, "geometry": { "type": "Point", "coordinates": [ -111.6951802, 40.6830817 ] } },
{ "type": "Feature", "properties": { "year": "2021", "month": "06", "day": "01", "Bombus species": "huntii", "date": "2021-06-01", "julian_day": 152.0, "source": "UtahPP" }, "geometry": { "type": "Point", "coordinates": [ -111.6988636, 40.3198817 ] } },
{ "type": "Feature", "properties": { "year": "2021", "month": "06", "day": "06", "Bombus species": "huntii", "date": "2021-06-06", "julian_day": 157.0, "source": "UtahPP" }, "geometry": { "type": "Point", "coordinates": [ -111.6988992, 40.3199717 ] } },
{ "type": "Feature", "properties": { "year": "2021", "month": "06", "day": "03", "Bombus species": "huntii", "date": "2021-06-03", "julian_day": 154.0, "source": "UtahPP" }, "geometry": { "type": "Point", "coordinates": [ -111.6989245, 40.3199742 ] } },
{ "type": "Feature", "properties": { "year": "2021", "month": "06", "day": "11", "Bombus species": "griseocollis", "date": "2021-06-11", "julian_day": 162.0, "source": "UtahPP" }, "geometry": { "type": "Point", "coordinates": [ -111.6989501, 40.3200785 ] } },
{ "type": "Feature", "properties": { "year": "2021", "month": "06", "day": "25", "Bombus species": "griseocollis", "date": "2021-06-25", "julian_day": 176.0, "source": "UtahPP" }, "geometry": { "type": "Point", "coordinates": [ -111.699, 40.32011 ] } },
{ "type": "Feature", "properties": { "year": "2021", "month": "06", "day": "27", "Bombus species": "griseocollis", "date": "2021-06-27", "julian_day": 178.0, "source": "UtahPP" }, "geometry": { "type": "Point", "coordinates": [ -111.699, 40.3201 ] } },
{ "type": "Feature", "properties": { "year": "2021", "month": "06", "day": "28", "Bombus species": "griseocollis", "date": "2021-06-28", "julian_day": 179.0, "source": "UtahPP" }, "geometry": { "type": "Point", "coordinates": [ -111.699, 40.32014 ] } },
{ "type": "Feature", "properties": { "year": "2021", "month": "07", "day": "01", "Bombus species": "huntii", "date": "2021-07-01", "julian_day": 182.0, "source": "UtahPP" }, "geometry": { "type": "Point", "coordinates": [ -111.699, 40.32001 ] } },
{ "type": "Feature", "properties": { "year": "2021", "month": "07", "day": "03", "Bombus species": "fervidus", "date": "2021-07-03", "julian_day": 184.0, "source": "UtahPP" }, "geometry": { "type": "Point", "coordinates": [ -111.699, 40.32008 ] } },
{ "type": "Feature", "properties": { "year": "2021", "month": "07", "day": "03", "Bombus species": "huntii", "date": "2021-07-03", "julian_day": 184.0, "source": "UtahPP" }, "geometry": { "type": "Point", "coordinates": [ -111.699, 40.32008 ] } },
{ "type": "Feature", "properties": { "year": "2021", "month": "07", "day": "05", "Bombus species": "fervidus", "date": "2021-07-05", "julian_day": 186.0, "source": "UtahPP" }, "geometry": { "type": "Point", "coordinates": [ -111.699, 40.32003 ] } },
{ "type": "Feature", "properties": { "year": "2021", "month": "07", "day": "05", "Bombus species": "huntii", "date": "2021-07-05", "julian_day": 186.0, "source": "UtahPP" }, "geometry": { "type": "Point", "coordinates": [ -111.699, 40.32003 ] } },
{ "type": "Feature", "properties": { "year": "2021", "month": "07", "day": "05", "Bombus species": "huntii", "date": "2021-07-05", "julian_day": 186.0, "source": "UtahPP" }, "geometry": { "type": "Point", "coordinates": [ -111.699, 40.3202 ] } },
{ "type": "Feature", "properties": { "year": "2021", "month": "07", "day": "07", "Bombus species": "fervidus", "date": "2021-07-07", "julian_day": 188.0, "source": "UtahPP" }, "geometry": { "type": "Point", "coordinates": [ -111.699, 40.31996 ] } },
{ "type": "Feature", "properties": { "year": "2021", "month": "07", "day": "07", "Bombus species": "rufocinctus", "date": "2021-07-07", "julian_day": 188.0, "source": "UtahPP" }, "geometry": { "type": "Point", "coordinates": [ -111.699, 40.31994 ] } },
{ "type": "Feature", "properties": { "year": "2021", "month": "07", "day": "10", "Bombus species": "huntii", "date": "2021-07-10", "julian_day": 191.0, "source": "UtahPP" }, "geometry": { "type": "Point", "coordinates": [ -111.699, 40.32012 ] } },
{ "type": "Feature", "properties": { "year": "2021", "month": "07", "day": "18", "Bombus species": "huntii", "date": "2021-07-18", "julian_day": 199.0, "source": "UtahPP" }, "geometry": { "type": "Point", "coordinates": [ -111.699, 40.31989 ] } },
{ "type": "Feature", "properties": { "year": "2021", "month": "07", "day": "19", "Bombus species": "huntii", "date": "2021-07-19", "julian_day": 200.0, "source": "UtahPP" }, "geometry": { "type": "Point", "coordinates": [ -111.699, 40.32013 ] } },
{ "type": "Feature", "properties": { "year": "2021", "month": "07", "day": "20", "Bombus species": "huntii", "date": "2021-07-20", "julian_day": 201.0, "source": "UtahPP" }, "geometry": { "type": "Point", "coordinates": [ -111.699, 40.32017 ] } },
{ "type": "Feature", "properties": { "year": "2021", "month": "07", "day": "21", "Bombus species": "huntii", "date": "2021-07-21", "julian_day": 202.0, "source": "UtahPP" }, "geometry": { "type": "Point", "coordinates": [ -111.699, 40.3201 ] } },
{ "type": "Feature", "properties": { "year": "2021", "month": "07", "day": "26", "Bombus species": "huntii", "date": "2021-07-26", "julian_day": 207.0, "source": "UtahPP" }, "geometry": { "type": "Point", "coordinates": [ -111.699, 40.31995 ] } },
{ "type": "Feature", "properties": { "year": "2021", "month": "08", "day": "14", "Bombus species": "griseocollis", "date": "2021-08-14", "julian_day": 226.0, "source": "UtahPP" }, "geometry": { "type": "Point", "coordinates": [ -111.699, 40.31984 ] } },
{ "type": "Feature", "properties": { "year": "2021", "month": "08", "day": "14", "Bombus species": "huntii", "date": "2021-08-14", "julian_day": 226.0, "source": "UtahPP" }, "geometry": { "type": "Point", "coordinates": [ -111.699, 40.31991 ] } },
{ "type": "Feature", "properties": { "year": "2020", "month": "08", "day": "24", "Bombus species": "melanopygus", "date": "2020-08-24", "julian_day": 237.0, "source": "UtahPP" }, "geometry": { "type": "Point", "coordinates": [ -111.7011063, 40.6939647 ] } },
{ "type": "Feature", "properties": { "year": "2020", "month": "08", "day": "24", "Bombus species": "fervidus", "date": "2020-08-24", "julian_day": 237.0, "source": "UtahPP" }, "geometry": { "type": "Point", "coordinates": [ -111.7011937, 40.6939388 ] } },
{ "type": "Feature", "properties": { "year": "2020", "month": "08", "day": "05", "Bombus species": "appositus", "date": "2020-08-05", "julian_day": 218.0, "source": "UtahPP" }, "geometry": { "type": "Point", "coordinates": [ -111.7012235, 40.69396322 ] } },
{ "type": "Feature", "properties": { "year": "2023", "month": "08", "day": "03", "Bombus species": "fervidus", "date": "2023-08-03", "julian_day": 215.0, "source": "UtahPP" }, "geometry": { "type": "Point", "coordinates": [ -111.7020368, 40.69375046 ] } },
{ "type": "Feature", "properties": { "year": "2021", "month": "06", "day": "16", "Bombus species": "vancouverensis/bifarius", "date": "2021-06-16", "julian_day": 167.0, "source": "UtahPP" }, "geometry": { "type": "Point", "coordinates": [ -111.707943, 38.003438 ] } },
{ "type": "Feature", "properties": { "year": "2023", "month": "07", "day": "11", "Bombus species": "griseocollis", "date": "2023-07-11", "julian_day": 192.0, "source": "UtahPP" }, "geometry": { "type": "Point", "coordinates": [ -111.7108475, 40.31995858 ] } },
{ "type": "Feature", "properties": { "year": "2020", "month": "07", "day": "14", "Bombus species": "huntii", "date": "2020-07-14", "julian_day": 196.0, "source": "UtahPP" }, "geometry": { "type": "Point", "coordinates": [ -111.7108782, 40.32001649 ] } },
{ "type": "Feature", "properties": { "year": "2022", "month": "07", "day": "06", "Bombus species": "morrisoni", "date": "2022-07-06", "julian_day": 187.0, "source": "UtahPP" }, "geometry": { "type": "Point", "coordinates": [ -111.7109175, 40.3198533 ] } },
{ "type": "Feature", "properties": { "year": "2020", "month": "07", "day": "05", "Bombus species": "griseocollis", "date": "2020-07-05", "julian_day": 187.0, "source": "UtahPP" }, "geometry": { "type": "Point", "coordinates": [ -111.7109388, 40.31996076 ] } },
{ "type": "Feature", "properties": { "year": "2021", "month": "05", "day": "29", "Bombus species": "nevadensis", "date": "2021-05-29", "julian_day": 149.0, "source": "UtahPP" }, "geometry": { "type": "Point", "coordinates": [ -111.7109394, 40.3198093 ] } },
{ "type": "Feature", "properties": { "year": "2023", "month": "08", "day": "26", "Bombus species": "griseocollis", "date": "2023-08-26", "julian_day": 238.0, "source": "UtahPP" }, "geometry": { "type": "Point", "coordinates": [ -111.71094, 40.31983918 ] } },
{ "type": "Feature", "properties": { "year": "2020", "month": "08", "day": "28", "Bombus species": "griseocollis", "date": "2020-08-28", "julian_day": 241.0, "source": "UtahPP" }, "geometry": { "type": "Point", "coordinates": [ -111.7109406, 40.31940244 ] } },
{ "type": "Feature", "properties": { "year": "2023", "month": "07", "day": "04", "Bombus species": "nevadensis", "date": "2023-07-04", "julian_day": 185.0, "source": "UtahPP" }, "geometry": { "type": "Point", "coordinates": [ -111.710949, 40.31979484 ] } },
{ "type": "Feature", "properties": { "year": "2022", "month": "06", "day": "15", "Bombus species": "fervidus", "date": "2022-06-15", "julian_day": 166.0, "source": "UtahPP" }, "geometry": { "type": "Point", "coordinates": [ -111.7109765, 40.31982472 ] } },
{ "type": "Feature", "properties": { "year": "2023", "month": "08", "day": "07", "Bombus species": "huntii", "date": "2023-08-07", "julian_day": 219.0, "source": "UtahPP" }, "geometry": { "type": "Point", "coordinates": [ -111.7109883, 40.31983633 ] } },
{ "type": "Feature", "properties": { "year": "2020", "month": "06", "day": "21", "Bombus species": "huntii", "date": "2020-06-21", "julian_day": 173.0, "source": "UtahPP" }, "geometry": { "type": "Point", "coordinates": [ -111.710995, 40.31972959 ] } },
{ "type": "Feature", "properties": { "year": "2023", "month": "06", "day": "24", "Bombus species": "centralis", "date": "2023-06-24", "julian_day": 175.0, "source": "UtahPP" }, "geometry": { "type": "Point", "coordinates": [ -111.7109965, 40.32023066 ] } },
{ "type": "Feature", "properties": { "year": "2023", "month": "07", "day": "01", "Bombus species": "griseocollis", "date": "2023-07-01", "julian_day": 182.0, "source": "UtahPP" }, "geometry": { "type": "Point", "coordinates": [ -111.7110125, 40.31991189 ] } },
{ "type": "Feature", "properties": { "year": "2023", "month": "10", "day": "06", "Bombus species": "nevadensis", "date": "2023-10-06", "julian_day": 279.0, "source": "UtahPP" }, "geometry": { "type": "Point", "coordinates": [ -111.711028, 40.3197251 ] } },
{ "type": "Feature", "properties": { "year": "2020", "month": "07", "day": "06", "Bombus species": "griseocollis", "date": "2020-07-06", "julian_day": 188.0, "source": "UtahPP" }, "geometry": { "type": "Point", "coordinates": [ -111.7110368, 40.31983097 ] } },
{ "type": "Feature", "properties": { "year": "2022", "month": "07", "day": "27", "Bombus species": "fervidus", "date": "2022-07-27", "julian_day": 208.0, "source": "UtahPP" }, "geometry": { "type": "Point", "coordinates": [ -111.7110471, 40.32001122 ] } },
{ "type": "Feature", "properties": { "year": "2023", "month": "07", "day": "13", "Bombus species": "griseocollis", "date": "2023-07-13", "julian_day": 194.0, "source": "UtahPP" }, "geometry": { "type": "Point", "coordinates": [ -111.7110511, 40.3198132 ] } },
{ "type": "Feature", "properties": { "year": "2020", "month": "09", "day": "18", "Bombus species": "huntii", "date": "2020-09-18", "julian_day": 262.0, "source": "UtahPP" }, "geometry": { "type": "Point", "coordinates": [ -111.7110659, 40.31967804 ] } },
{ "type": "Feature", "properties": { "year": "2023", "month": "05", "day": "23", "Bombus species": "griseocollis", "date": "2023-05-23", "julian_day": 143.0, "source": "UtahPP" }, "geometry": { "type": "Point", "coordinates": [ -111.7110683, 40.31978003 ] } },
{ "type": "Feature", "properties": { "year": "2023", "month": "06", "day": "05", "Bombus species": "griseocollis", "date": "2023-06-05", "julian_day": 156.0, "source": "UtahPP" }, "geometry": { "type": "Point", "coordinates": [ -111.7110685, 40.31977905 ] } },
{ "type": "Feature", "properties": { "year": "2023", "month": "06", "day": "08", "Bombus species": "griseocollis", "date": "2023-06-08", "julian_day": 159.0, "source": "UtahPP" }, "geometry": { "type": "Point", "coordinates": [ -111.7110751, 40.31977693 ] } },
{ "type": "Feature", "properties": { "year": "2020", "month": "06", "day": "12", "Bombus species": "griseocollis", "date": "2020-06-12", "julian_day": 164.0, "source": "UtahPP" }, "geometry": { "type": "Point", "coordinates": [ -111.7110756, 40.31961316 ] } },
{ "type": "Feature", "properties": { "year": "2023", "month": "06", "day": "10", "Bombus species": "griseocollis", "date": "2023-06-10", "julian_day": 161.0, "source": "UtahPP" }, "geometry": { "type": "Point", "coordinates": [ -111.711076, 40.31977769 ] } },
{ "type": "Feature", "properties": { "year": "2023", "month": "07", "day": "29", "Bombus species": "huntii", "date": "2023-07-29", "julian_day": 210.0, "source": "UtahPP" }, "geometry": { "type": "Point", "coordinates": [ -111.7110781, 40.31978524 ] } },
{ "type": "Feature", "properties": { "year": "2023", "month": "07", "day": "10", "Bombus species": "huntii", "date": "2023-07-10", "julian_day": 191.0, "source": "UtahPP" }, "geometry": { "type": "Point", "coordinates": [ -111.7110788, 40.31978194 ] } },
{ "type": "Feature", "properties": { "year": "2023", "month": "07", "day": "17", "Bombus species": "huntii", "date": "2023-07-17", "julian_day": 198.0, "source": "UtahPP" }, "geometry": { "type": "Point", "coordinates": [ -111.7110797, 40.31978523 ] } },
{ "type": "Feature", "properties": { "year": "2023", "month": "07", "day": "18", "Bombus species": "griseocollis", "date": "2023-07-18", "julian_day": 199.0, "source": "UtahPP" }, "geometry": { "type": "Point", "coordinates": [ -111.7110798, 40.31978535 ] } },
{ "type": "Feature", "properties": { "year": "2023", "month": "07", "day": "14", "Bombus species": "griseocollis", "date": "2023-07-14", "julian_day": 195.0, "source": "UtahPP" }, "geometry": { "type": "Point", "coordinates": [ -111.7110814, 40.31978398 ] } },
{ "type": "Feature", "properties": { "year": "2023", "month": "06", "day": "27", "Bombus species": "griseocollis", "date": "2023-06-27", "julian_day": 178.0, "source": "UtahPP" }, "geometry": { "type": "Point", "coordinates": [ -111.7110861, 40.3198186 ] } },
{ "type": "Feature", "properties": { "year": "2023", "month": "08", "day": "25", "Bombus species": "huntii", "date": "2023-08-25", "julian_day": 237.0, "source": "UtahPP" }, "geometry": { "type": "Point", "coordinates": [ -111.7110888, 40.31977774 ] } },
{ "type": "Feature", "properties": { "year": "2023", "month": "09", "day": "01", "Bombus species": "huntii", "date": "2023-09-01", "julian_day": 244.0, "source": "UtahPP" }, "geometry": { "type": "Point", "coordinates": [ -111.7110892, 40.31977806 ] } },
{ "type": "Feature", "properties": { "year": "2020", "month": "07", "day": "01", "Bombus species": "huntii", "date": "2020-07-01", "julian_day": 183.0, "source": "UtahPP" }, "geometry": { "type": "Point", "coordinates": [ -111.7110918, 40.31990364 ] } },
{ "type": "Feature", "properties": { "year": "2023", "month": "09", "day": "07", "Bombus species": "griseocollis", "date": "2023-09-07", "julian_day": 250.0, "source": "UtahPP" }, "geometry": { "type": "Point", "coordinates": [ -111.7110936, 40.31977742 ] } },
{ "type": "Feature", "properties": { "year": "2023", "month": "09", "day": "07", "Bombus species": "huntii", "date": "2023-09-07", "julian_day": 250.0, "source": "UtahPP" }, "geometry": { "type": "Point", "coordinates": [ -111.7110936, 40.31977742 ] } },
{ "type": "Feature", "properties": { "year": "2023", "month": "09", "day": "05", "Bombus species": "griseocollis", "date": "2023-09-05", "julian_day": 248.0, "source": "UtahPP" }, "geometry": { "type": "Point", "coordinates": [ -111.7110941, 40.31977765 ] } },
{ "type": "Feature", "properties": { "year": "2020", "month": "07", "day": "06", "Bombus species": "huntii", "date": "2020-07-06", "julian_day": 188.0, "source": "UtahPP" }, "geometry": { "type": "Point", "coordinates": [ -111.7110971, 40.31985205 ] } },
{ "type": "Feature", "properties": { "year": "2022", "month": "10", "day": "04", "Bombus species": "nevadensis", "date": "2022-10-04", "julian_day": 277.0, "source": "UtahPP" }, "geometry": { "type": "Point", "coordinates": [ -111.711099, 40.31977806 ] } },
{ "type": "Feature", "properties": { "year": "2022", "month": "07", "day": "13", "Bombus species": "griseocollis", "date": "2022-07-13", "julian_day": 194.0, "source": "UtahPP" }, "geometry": { "type": "Point", "coordinates": [ -111.7111014, 40.3198051 ] } },
{ "type": "Feature", "properties": { "year": "2023", "month": "06", "day": "13", "Bombus species": "fervidus", "date": "2023-06-13", "julian_day": 164.0, "source": "UtahPP" }, "geometry": { "type": "Point", "coordinates": [ -111.7111073, 40.31980016 ] } },
{ "type": "Feature", "properties": { "year": "2020", "month": "07", "day": "06", "Bombus species": "nevadensis", "date": "2020-07-06", "julian_day": 188.0, "source": "UtahPP" }, "geometry": { "type": "Point", "coordinates": [ -111.7111114, 40.31978076 ] } },
{ "type": "Feature", "properties": { "year": "2023", "month": "06", "day": "14", "Bombus species": "griseocollis", "date": "2023-06-14", "julian_day": 165.0, "source": "UtahPP" }, "geometry": { "type": "Point", "coordinates": [ -111.7111127, 40.3198295 ] } },
{ "type": "Feature", "properties": { "year": "2023", "month": "08", "day": "26", "Bombus species": "huntii", "date": "2023-08-26", "julian_day": 238.0, "source": "UtahPP" }, "geometry": { "type": "Point", "coordinates": [ -111.7111139, 40.31980771 ] } },
{ "type": "Feature", "properties": { "year": "2022", "month": "10", "day": "02", "Bombus species": "griseocollis", "date": "2022-10-02", "julian_day": 275.0, "source": "UtahPP" }, "geometry": { "type": "Point", "coordinates": [ -111.7111178, 40.31966584 ] } },
{ "type": "Feature", "properties": { "year": "2023", "month": "09", "day": "01", "Bombus species": "griseocollis", "date": "2023-09-01", "julian_day": 244.0, "source": "UtahPP" }, "geometry": { "type": "Point", "coordinates": [ -111.7111201, 40.31984555 ] } },
{ "type": "Feature", "properties": { "year": "2023", "month": "07", "day": "29", "Bombus species": "fervidus", "date": "2023-07-29", "julian_day": 210.0, "source": "UtahPP" }, "geometry": { "type": "Point", "coordinates": [ -111.7111233, 40.32006926 ] } },
{ "type": "Feature", "properties": { "year": "2023", "month": "06", "day": "13", "Bombus species": "centralis", "date": "2023-06-13", "julian_day": 164.0, "source": "UtahPP" }, "geometry": { "type": "Point", "coordinates": [ -111.7111277, 40.31964271 ] } },
{ "type": "Feature", "properties": { "year": "2023", "month": "08", "day": "05", "Bombus species": "griseocollis", "date": "2023-08-05", "julian_day": 217.0, "source": "UtahPP" }, "geometry": { "type": "Point", "coordinates": [ -111.711128, 40.31991474 ] } },
{ "type": "Feature", "properties": { "year": "2023", "month": "07", "day": "06", "Bombus species": "nevadensis", "date": "2023-07-06", "julian_day": 187.0, "source": "UtahPP" }, "geometry": { "type": "Point", "coordinates": [ -111.7111305, 40.31982082 ] } },
{ "type": "Feature", "properties": { "year": "2023", "month": "09", "day": "03", "Bombus species": "griseocollis", "date": "2023-09-03", "julian_day": 246.0, "source": "UtahPP" }, "geometry": { "type": "Point", "coordinates": [ -111.7111311, 40.31995812 ] } },
{ "type": "Feature", "properties": { "year": "2023", "month": "05", "day": "30", "Bombus species": "centralis", "date": "2023-05-30", "julian_day": 150.0, "source": "UtahPP" }, "geometry": { "type": "Point", "coordinates": [ -111.7111315, 40.31975515 ] } },
{ "type": "Feature", "properties": { "year": "2022", "month": "10", "day": "06", "Bombus species": "nevadensis", "date": "2022-10-06", "julian_day": 279.0, "source": "UtahPP" }, "geometry": { "type": "Point", "coordinates": [ -111.7111345, 40.31979325 ] } },
{ "type": "Feature", "properties": { "year": "2023", "month": "09", "day": "09", "Bombus species": "griseocollis", "date": "2023-09-09", "julian_day": 252.0, "source": "UtahPP" }, "geometry": { "type": "Point", "coordinates": [ -111.7111375, 40.31981621 ] } },
{ "type": "Feature", "properties": { "year": "2020", "month": "07", "day": "01", "Bombus species": "griseocollis", "date": "2020-07-01", "julian_day": 183.0, "source": "UtahPP" }, "geometry": { "type": "Point", "coordinates": [ -111.7111407, 40.31964019 ] } },
{ "type": "Feature", "properties": { "year": "2023", "month": "07", "day": "27", "Bombus species": "huntii", "date": "2023-07-27", "julian_day": 208.0, "source": "UtahPP" }, "geometry": { "type": "Point", "coordinates": [ -111.7111413, 40.31977896 ] } },
{ "type": "Feature", "properties": { "year": "2023", "month": "08", "day": "13", "Bombus species": "huntii", "date": "2023-08-13", "julian_day": 225.0, "source": "UtahPP" }, "geometry": { "type": "Point", "coordinates": [ -111.7111478, 40.3198137 ] } },
{ "type": "Feature", "properties": { "year": "2023", "month": "09", "day": "04", "Bombus species": "huntii", "date": "2023-09-04", "julian_day": 247.0, "source": "UtahPP" }, "geometry": { "type": "Point", "coordinates": [ -111.7111491, 40.31980205 ] } },
{ "type": "Feature", "properties": { "year": "2022", "month": "06", "day": "17", "Bombus species": "centralis", "date": "2022-06-17", "julian_day": 168.0, "source": "UtahPP" }, "geometry": { "type": "Point", "coordinates": [ -111.7111543, 40.3200628 ] } },
{ "type": "Feature", "properties": { "year": "2023", "month": "07", "day": "14", "Bombus species": "huntii", "date": "2023-07-14", "julian_day": 195.0, "source": "UtahPP" }, "geometry": { "type": "Point", "coordinates": [ -111.7111587, 40.31988859 ] } },
{ "type": "Feature", "properties": { "year": "2023", "month": "06", "day": "22", "Bombus species": "griseocollis", "date": "2023-06-22", "julian_day": 173.0, "source": "UtahPP" }, "geometry": { "type": "Point", "coordinates": [ -111.7111606, 40.31980905 ] } },
{ "type": "Feature", "properties": { "year": "2023", "month": "08", "day": "13", "Bombus species": "griseocollis", "date": "2023-08-13", "julian_day": 225.0, "source": "UtahPP" }, "geometry": { "type": "Point", "coordinates": [ -111.7111645, 40.31983092 ] } },
{ "type": "Feature", "properties": { "year": "2023", "month": "09", "day": "04", "Bombus species": "griseocollis", "date": "2023-09-04", "julian_day": 247.0, "source": "UtahPP" }, "geometry": { "type": "Point", "coordinates": [ -111.7111659, 40.3197829 ] } },
{ "type": "Feature", "properties": { "year": "2022", "month": "08", "day": "15", "Bombus species": "griseocollis", "date": "2022-08-15", "julian_day": 227.0, "source": "UtahPP" }, "geometry": { "type": "Point", "coordinates": [ -111.7111686, 40.31973206 ] } },
{ "type": "Feature", "properties": { "year": "2020", "month": "07", "day": "09", "Bombus species": "appositus", "date": "2020-07-09", "julian_day": 191.0, "source": "UtahPP" }, "geometry": { "type": "Point", "coordinates": [ -111.7111693, 40.31983298 ] } },
{ "type": "Feature", "properties": { "year": "2023", "month": "07", "day": "19", "Bombus species": "huntii", "date": "2023-07-19", "julian_day": 200.0, "source": "UtahPP" }, "geometry": { "type": "Point", "coordinates": [ -111.7111724, 40.31981881 ] } },
{ "type": "Feature", "properties": { "year": "2020", "month": "08", "day": "29", "Bombus species": "griseocollis", "date": "2020-08-29", "julian_day": 242.0, "source": "UtahPP" }, "geometry": { "type": "Point", "coordinates": [ -111.7111746, 40.31990821 ] } },
{ "type": "Feature", "properties": { "year": "2023", "month": "07", "day": "04", "Bombus species": "huntii", "date": "2023-07-04", "julian_day": 185.0, "source": "UtahPP" }, "geometry": { "type": "Point", "coordinates": [ -111.7111746, 40.31981567 ] } },
{ "type": "Feature", "properties": { "year": "2023", "month": "08", "day": "10", "Bombus species": "griseocollis", "date": "2023-08-10", "julian_day": 222.0, "source": "UtahPP" }, "geometry": { "type": "Point", "coordinates": [ -111.7111766, 40.31988826 ] } },
{ "type": "Feature", "properties": { "year": "2023", "month": "08", "day": "10", "Bombus species": "huntii", "date": "2023-08-10", "julian_day": 222.0, "source": "UtahPP" }, "geometry": { "type": "Point", "coordinates": [ -111.7111766, 40.31988826 ] } },
{ "type": "Feature", "properties": { "year": "2023", "month": "08", "day": "05", "Bombus species": "huntii", "date": "2023-08-05", "julian_day": 217.0, "source": "UtahPP" }, "geometry": { "type": "Point", "coordinates": [ -111.7111795, 40.31983382 ] } },
{ "type": "Feature", "properties": { "year": "2023", "month": "08", "day": "01", "Bombus species": "griseocollis", "date": "2023-08-01", "julian_day": 213.0, "source": "UtahPP" }, "geometry": { "type": "Point", "coordinates": [ -111.7111838, 40.31983956 ] } },
{ "type": "Feature", "properties": { "year": "2023", "month": "07", "day": "28", "Bombus species": "huntii", "date": "2023-07-28", "julian_day": 209.0, "source": "UtahPP" }, "geometry": { "type": "Point", "coordinates": [ -111.7111857, 40.31982376 ] } },
{ "type": "Feature", "properties": { "year": "2023", "month": "08", "day": "07", "Bombus species": "griseocollis", "date": "2023-08-07", "julian_day": 219.0, "source": "UtahPP" }, "geometry": { "type": "Point", "coordinates": [ -111.7111883, 40.31985699 ] } },
{ "type": "Feature", "properties": { "year": "2020", "month": "09", "day": "03", "Bombus species": "griseocollis", "date": "2020-09-03", "julian_day": 247.0, "source": "UtahPP" }, "geometry": { "type": "Point", "coordinates": [ -111.7111887, 40.31980494 ] } },
{ "type": "Feature", "properties": { "year": "2023", "month": "06", "day": "06", "Bombus species": "griseocollis", "date": "2023-06-06", "julian_day": 157.0, "source": "UtahPP" }, "geometry": { "type": "Point", "coordinates": [ -111.7111896, 40.31995146 ] } },
{ "type": "Feature", "properties": { "year": "2023", "month": "08", "day": "03", "Bombus species": "griseocollis", "date": "2023-08-03", "julian_day": 215.0, "source": "UtahPP" }, "geometry": { "type": "Point", "coordinates": [ -111.7111898, 40.31981512 ] } },
{ "type": "Feature", "properties": { "year": "2022", "month": "06", "day": "12", "Bombus species": "fervidus", "date": "2022-06-12", "julian_day": 163.0, "source": "UtahPP" }, "geometry": { "type": "Point", "coordinates": [ -111.7111943, 40.3199051 ] } },
{ "type": "Feature", "properties": { "year": "2022", "month": "06", "day": "15", "Bombus species": "griseocollis", "date": "2022-06-15", "julian_day": 166.0, "source": "UtahPP" }, "geometry": { "type": "Point", "coordinates": [ -111.7111953, 40.32005057 ] } },
{ "type": "Feature", "properties": { "year": "2023", "month": "08", "day": "11", "Bombus species": "griseocollis", "date": "2023-08-11", "julian_day": 223.0, "source": "UtahPP" }, "geometry": { "type": "Point", "coordinates": [ -111.7112039, 40.31980934 ] } },
{ "type": "Feature", "properties": { "year": "2023", "month": "07", "day": "27", "Bombus species": "fervidus", "date": "2023-07-27", "julian_day": 208.0, "source": "UtahPP" }, "geometry": { "type": "Point", "coordinates": [ -111.7112046, 40.31988566 ] } },
{ "type": "Feature", "properties": { "year": "2023", "month": "07", "day": "18", "Bombus species": "huntii", "date": "2023-07-18", "julian_day": 199.0, "source": "UtahPP" }, "geometry": { "type": "Point", "coordinates": [ -111.7112081, 40.31991952 ] } },
{ "type": "Feature", "properties": { "year": "2023", "month": "06", "day": "07", "Bombus species": "huntii", "date": "2023-06-07", "julian_day": 158.0, "source": "UtahPP" }, "geometry": { "type": "Point", "coordinates": [ -111.7112121, 40.31980398 ] } },
{ "type": "Feature", "properties": { "year": "2023", "month": "07", "day": "10", "Bombus species": "griseocollis", "date": "2023-07-10", "julian_day": 191.0, "source": "UtahPP" }, "geometry": { "type": "Point", "coordinates": [ -111.7112135, 40.3198435 ] } },
{ "type": "Feature", "properties": { "year": "2023", "month": "07", "day": "25", "Bombus species": "huntii", "date": "2023-07-25", "julian_day": 206.0, "source": "UtahPP" }, "geometry": { "type": "Point", "coordinates": [ -111.7112153, 40.31987174 ] } },
{ "type": "Feature", "properties": { "year": "2023", "month": "08", "day": "15", "Bombus species": "griseocollis", "date": "2023-08-15", "julian_day": 227.0, "source": "UtahPP" }, "geometry": { "type": "Point", "coordinates": [ -111.7112203, 40.31987082 ] } },
{ "type": "Feature", "properties": { "year": "2022", "month": "10", "day": "01", "Bombus species": "nevadensis", "date": "2022-10-01", "julian_day": 274.0, "source": "UtahPP" }, "geometry": { "type": "Point", "coordinates": [ -111.7112238, 40.31984157 ] } },
{ "type": "Feature", "properties": { "year": "2023", "month": "06", "day": "18", "Bombus species": "griseocollis", "date": "2023-06-18", "julian_day": 169.0, "source": "UtahPP" }, "geometry": { "type": "Point", "coordinates": [ -111.7112255, 40.31984597 ] } },
{ "type": "Feature", "properties": { "year": "2023", "month": "07", "day": "20", "Bombus species": "huntii", "date": "2023-07-20", "julian_day": 201.0, "source": "UtahPP" }, "geometry": { "type": "Point", "coordinates": [ -111.7112295, 40.31977317 ] } },
{ "type": "Feature", "properties": { "year": "2020", "month": "09", "day": "20", "Bombus species": "nevadensis", "date": "2020-09-20", "julian_day": 264.0, "source": "UtahPP" }, "geometry": { "type": "Point", "coordinates": [ -111.711233, 40.31988113 ] } },
{ "type": "Feature", "properties": { "year": "2023", "month": "07", "day": "12", "Bombus species": "fervidus", "date": "2023-07-12", "julian_day": 193.0, "source": "UtahPP" }, "geometry": { "type": "Point", "coordinates": [ -111.7112332, 40.31984756 ] } },
{ "type": "Feature", "properties": { "year": "2020", "month": "06", "day": "14", "Bombus species": "centralis", "date": "2020-06-14", "julian_day": 166.0, "source": "UtahPP" }, "geometry": { "type": "Point", "coordinates": [ -111.7112374, 40.31983063 ] } },
{ "type": "Feature", "properties": { "year": "2023", "month": "08", "day": "02", "Bombus species": "huntii", "date": "2023-08-02", "julian_day": 214.0, "source": "UtahPP" }, "geometry": { "type": "Point", "coordinates": [ -111.7112441, 40.3198129 ] } },
{ "type": "Feature", "properties": { "year": "2022", "month": "09", "day": "29", "Bombus species": "huntii", "date": "2022-09-29", "julian_day": 272.0, "source": "UtahPP" }, "geometry": { "type": "Point", "coordinates": [ -111.7112456, 40.31965796 ] } },
{ "type": "Feature", "properties": { "year": "2022", "month": "09", "day": "25", "Bombus species": "fervidus", "date": "2022-09-25", "julian_day": 268.0, "source": "UtahPP" }, "geometry": { "type": "Point", "coordinates": [ -111.7112461, 40.31971173 ] } },
{ "type": "Feature", "properties": { "year": "2023", "month": "08", "day": "25", "Bombus species": "griseocollis", "date": "2023-08-25", "julian_day": 237.0, "source": "UtahPP" }, "geometry": { "type": "Point", "coordinates": [ -111.7112488, 40.31983168 ] } },
{ "type": "Feature", "properties": { "year": "2023", "month": "06", "day": "04", "Bombus species": "griseocollis", "date": "2023-06-04", "julian_day": 155.0, "source": "UtahPP" }, "geometry": { "type": "Point", "coordinates": [ -111.7112626, 40.31986416 ] } },
{ "type": "Feature", "properties": { "year": "2022", "month": "07", "day": "17", "Bombus species": "vancouverensis/bifarius", "date": "2022-07-17", "julian_day": 198.0, "source": "UtahPP" }, "geometry": { "type": "Point", "coordinates": [ -111.7112659, 40.3198663 ] } },
{ "type": "Feature", "properties": { "year": "2023", "month": "06", "day": "15", "Bombus species": "fervidus", "date": "2023-06-15", "julian_day": 166.0, "source": "UtahPP" }, "geometry": { "type": "Point", "coordinates": [ -111.711269, 40.31976873 ] } },
{ "type": "Feature", "properties": { "year": "2022", "month": "06", "day": "18", "Bombus species": "griseocollis", "date": "2022-06-18", "julian_day": 169.0, "source": "UtahPP" }, "geometry": { "type": "Point", "coordinates": [ -111.7112716, 40.31993163 ] } },
{ "type": "Feature", "properties": { "year": "2022", "month": "06", "day": "28", "Bombus species": "centralis", "date": "2022-06-28", "julian_day": 179.0, "source": "UtahPP" }, "geometry": { "type": "Point", "coordinates": [ -111.7112741, 40.31972506 ] } },
{ "type": "Feature", "properties": { "year": "2022", "month": "09", "day": "16", "Bombus species": "huntii", "date": "2022-09-16", "julian_day": 259.0, "source": "UtahPP" }, "geometry": { "type": "Point", "coordinates": [ -111.7112946, 40.31974807 ] } },
{ "type": "Feature", "properties": { "year": "2023", "month": "07", "day": "22", "Bombus species": "huntii", "date": "2023-07-22", "julian_day": 203.0, "source": "UtahPP" }, "geometry": { "type": "Point", "coordinates": [ -111.7112951, 40.31979794 ] } },
{ "type": "Feature", "properties": { "year": "2023", "month": "08", "day": "02", "Bombus species": "griseocollis", "date": "2023-08-02", "julian_day": 214.0, "source": "UtahPP" }, "geometry": { "type": "Point", "coordinates": [ -111.7112976, 40.31983486 ] } },
{ "type": "Feature", "properties": { "year": "2023", "month": "06", "day": "07", "Bombus species": "griseocollis", "date": "2023-06-07", "julian_day": 158.0, "source": "UtahPP" }, "geometry": { "type": "Point", "coordinates": [ -111.7113042, 40.31978189 ] } },
{ "type": "Feature", "properties": { "year": "2023", "month": "06", "day": "03", "Bombus species": "griseocollis", "date": "2023-06-03", "julian_day": 154.0, "source": "UtahPP" }, "geometry": { "type": "Point", "coordinates": [ -111.7113066, 40.31990485 ] } },
{ "type": "Feature", "properties": { "year": "2022", "month": "08", "day": "27", "Bombus species": "griseocollis", "date": "2022-08-27", "julian_day": 239.0, "source": "UtahPP" }, "geometry": { "type": "Point", "coordinates": [ -111.7113358, 40.31981068 ] } },
{ "type": "Feature", "properties": { "year": "2022", "month": "06", "day": "14", "Bombus species": "flavifrons", "date": "2022-06-14", "julian_day": 165.0, "source": "UtahPP" }, "geometry": { "type": "Point", "coordinates": [ -111.7113689, 40.31994483 ] } },
{ "type": "Feature", "properties": { "year": "2023", "month": "07", "day": "22", "Bombus species": "griseocollis", "date": "2023-07-22", "julian_day": 203.0, "source": "UtahPP" }, "geometry": { "type": "Point", "coordinates": [ -111.7113865, 40.31972577 ] } },
{ "type": "Feature", "properties": { "year": "2022", "month": "06", "day": "20", "Bombus species": "griseocollis", "date": "2022-06-20", "julian_day": 171.0, "source": "UtahPP" }, "geometry": { "type": "Point", "coordinates": [ -111.711408, 40.31964103 ] } },
{ "type": "Feature", "properties": { "year": "2021", "month": "06", "day": "28", "Bombus species": "vancouverensis/bifarius", "date": "2021-06-28", "julian_day": 179.0, "source": "UtahPP" }, "geometry": { "type": "Point", "coordinates": [ -111.712, 40.69743 ] } },
{ "type": "Feature", "properties": { "year": "2021", "month": "07", "day": "14", "Bombus species": "vancouverensis/bifarius", "date": "2021-07-14", "julian_day": 195.0, "source": "UtahPP" }, "geometry": { "type": "Point", "coordinates": [ -111.713, 40.62706 ] } },
{ "type": "Feature", "properties": { "year": "2021", "month": "07", "day": "14", "Bombus species": "occidentalis", "date": "2021-07-14", "julian_day": 195.0, "source": "UtahPP" }, "geometry": { "type": "Point", "coordinates": [ -111.713, 40.62707 ] } },
{ "type": "Feature", "properties": { "year": "2022", "month": "06", "day": "12", "Bombus species": "huntii", "date": "2022-06-12", "julian_day": 163.0, "source": "UtahPP" }, "geometry": { "type": "Point", "coordinates": [ -111.7130993, 40.69021068 ] } },
{ "type": "Feature", "properties": { "year": "2022", "month": "06", "day": "12", "Bombus species": "vancouverensis/bifarius", "date": "2022-06-12", "julian_day": 163.0, "source": "UtahPP" }, "geometry": { "type": "Point", "coordinates": [ -111.7138267, 40.69375194 ] } },
{ "type": "Feature", "properties": { "year": "2022", "month": "06", "day": "12", "Bombus species": "vancouverensis/bifarius", "date": "2022-06-12", "julian_day": 163.0, "source": "UtahPP" }, "geometry": { "type": "Point", "coordinates": [ -111.7141256, 40.69153086 ] } },
{ "type": "Feature", "properties": { "year": "2022", "month": "06", "day": "12", "Bombus species": "insularis", "date": "2022-06-12", "julian_day": 163.0, "source": "UtahPP" }, "geometry": { "type": "Point", "coordinates": [ -111.7141256, 40.69153086 ] } },
{ "type": "Feature", "properties": { "year": "2023", "month": "06", "day": "17", "Bombus species": "centralis", "date": "2023-06-17", "julian_day": 168.0, "source": "UtahPP" }, "geometry": { "type": "Point", "coordinates": [ -111.7200772, 40.64684476 ] } },
{ "type": "Feature", "properties": { "year": "2022", "month": "06", "day": "20", "Bombus species": "huntii", "date": "2022-06-20", "julian_day": 171.0, "source": "UtahPP" }, "geometry": { "type": "Point", "coordinates": [ -111.7219603, 39.72987213 ] } },
{ "type": "Feature", "properties": { "year": "2020", "month": "07", "day": "29", "Bombus species": "insularis", "date": "2020-07-29", "julian_day": 211.0, "source": "UtahPP" }, "geometry": { "type": "Point", "coordinates": [ -111.7226248, 40.69945931 ] } },
{ "type": "Feature", "properties": { "year": "2022", "month": "08", "day": "09", "Bombus species": "vancouverensis/bifarius", "date": "2022-08-09", "julian_day": 221.0, "source": "UtahPP" }, "geometry": { "type": "Point", "coordinates": [ -111.7228259, 37.97301417 ] } },
{ "type": "Feature", "properties": { "year": "2022", "month": "08", "day": "09", "Bombus species": "appositus", "date": "2022-08-09", "julian_day": 221.0, "source": "UtahPP" }, "geometry": { "type": "Point", "coordinates": [ -111.7228903, 37.97312327 ] } },
{ "type": "Feature", "properties": { "year": "2022", "month": "08", "day": "09", "Bombus species": "vancouverensis/bifarius", "date": "2022-08-09", "julian_day": 221.0, "source": "UtahPP" }, "geometry": { "type": "Point", "coordinates": [ -111.7229042, 37.97223984 ] } },
{ "type": "Feature", "properties": { "year": "2022", "month": "08", "day": "09", "Bombus species": "rufocinctus", "date": "2022-08-09", "julian_day": 221.0, "source": "UtahPP" }, "geometry": { "type": "Point", "coordinates": [ -111.7230369, 37.97292892 ] } },
{ "type": "Feature", "properties": { "year": "2022", "month": "08", "day": "09", "Bombus species": "vancouverensis/bifarius", "date": "2022-08-09", "julian_day": 221.0, "source": "UtahPP" }, "geometry": { "type": "Point", "coordinates": [ -111.723082, 37.97317936 ] } },
{ "type": "Feature", "properties": { "year": "2022", "month": "08", "day": "09", "Bombus species": "vancouverensis/bifarius", "date": "2022-08-09", "julian_day": 221.0, "source": "UtahPP" }, "geometry": { "type": "Point", "coordinates": [ -111.7231576, 37.97301701 ] } },
{ "type": "Feature", "properties": { "year": "2022", "month": "08", "day": "09", "Bombus species": "vancouverensis/bifarius", "date": "2022-08-09", "julian_day": 221.0, "source": "UtahPP" }, "geometry": { "type": "Point", "coordinates": [ -111.7233339, 37.97291996 ] } },
{ "type": "Feature", "properties": { "year": "2020", "month": "07", "day": "06", "Bombus species": "insularis", "date": "2020-07-06", "julian_day": 188.0, "source": "UtahPP" }, "geometry": { "type": "Point", "coordinates": [ -111.726162, 40.40078435 ] } },
{ "type": "Feature", "properties": { "year": "2023", "month": "08", "day": "14", "Bombus species": "centralis", "date": "2023-08-14", "julian_day": 226.0, "source": "UtahPP" }, "geometry": { "type": "Point", "coordinates": [ -111.7330732, 40.80992981 ] } },
{ "type": "Feature", "properties": { "year": "2023", "month": "08", "day": "14", "Bombus species": "insularis", "date": "2023-08-14", "julian_day": 226.0, "source": "UtahPP" }, "geometry": { "type": "Point", "coordinates": [ -111.7331103, 40.80990724 ] } },
{ "type": "Feature", "properties": { "year": "2023", "month": "08", "day": "14", "Bombus species": "centralis", "date": "2023-08-14", "julian_day": 226.0, "source": "UtahPP" }, "geometry": { "type": "Point", "coordinates": [ -111.7332064, 40.80988396 ] } },
{ "type": "Feature", "properties": { "year": "2023", "month": "08", "day": "14", "Bombus species": "centralis", "date": "2023-08-14", "julian_day": 226.0, "source": "UtahPP" }, "geometry": { "type": "Point", "coordinates": [ -111.7332578, 40.80997033 ] } },
{ "type": "Feature", "properties": { "year": "2020", "month": "06", "day": "05", "Bombus species": "insularis", "date": "2020-06-05", "julian_day": 157.0, "source": "UtahPP" }, "geometry": { "type": "Point", "coordinates": [ -111.7365911, 40.81163683 ] } },
{ "type": "Feature", "properties": { "year": "2020", "month": "06", "day": "27", "Bombus species": "griseocollis", "date": "2020-06-27", "julian_day": 179.0, "source": "UtahPP" }, "geometry": { "type": "Point", "coordinates": [ -111.742108, 40.39353316 ] } },
{ "type": "Feature", "properties": { "year": "2022", "month": "06", "day": "05", "Bombus species": "fervidus", "date": "2022-06-05", "julian_day": 156.0, "source": "UtahPP" }, "geometry": { "type": "Point", "coordinates": [ -111.7437721, 40.76232785 ] } },
{ "type": "Feature", "properties": { "year": "2021", "month": "06", "day": "11", "Bombus species": "insularis", "date": "2021-06-11", "julian_day": 162.0, "source": "UtahPP" }, "geometry": { "type": "Point", "coordinates": [ -111.7489842, 40.4850632 ] } },
{ "type": "Feature", "properties": { "year": "2023", "month": "09", "day": "09", "Bombus species": "griseocollis", "date": "2023-09-09", "julian_day": 252.0, "source": "UtahPP" }, "geometry": { "type": "Point", "coordinates": [ -111.7513109, 40.47442186 ] } },
{ "type": "Feature", "properties": { "year": "2021", "month": "07", "day": "04", "Bombus species": "nevadensis", "date": "2021-07-04", "julian_day": 185.0, "source": "UtahPP" }, "geometry": { "type": "Point", "coordinates": [ -111.758, 41.36669 ] } },
{ "type": "Feature", "properties": { "year": "2021", "month": "07", "day": "28", "Bombus species": "nevadensis", "date": "2021-07-28", "julian_day": 209.0, "source": "UtahPP" }, "geometry": { "type": "Point", "coordinates": [ -111.758, 40.35486 ] } },
{ "type": "Feature", "properties": { "year": "2021", "month": "07", "day": "17", "Bombus species": "appositus", "date": "2021-07-17", "julian_day": 198.0, "source": "UtahPP" }, "geometry": { "type": "Point", "coordinates": [ -111.762, 40.69156 ] } },
{ "type": "Feature", "properties": { "year": "2021", "month": "07", "day": "04", "Bombus species": "nevadensis", "date": "2021-07-04", "julian_day": 185.0, "source": "UtahPP" }, "geometry": { "type": "Point", "coordinates": [ -111.769, 41.37771 ] } },
{ "type": "Feature", "properties": { "year": "2022", "month": "06", "day": "20", "Bombus species": "huntii", "date": "2022-06-20", "julian_day": 171.0, "source": "UtahPP" }, "geometry": { "type": "Point", "coordinates": [ -111.7704579, 40.6730507 ] } },
{ "type": "Feature", "properties": { "year": "2020", "month": "07", "day": "05", "Bombus species": "huntii", "date": "2020-07-05", "julian_day": 187.0, "source": "UtahPP" }, "geometry": { "type": "Point", "coordinates": [ -111.7717611, 40.42774667 ] } },
{ "type": "Feature", "properties": { "year": "2022", "month": "07", "day": "12", "Bombus species": "griseocollis", "date": "2022-07-12", "julian_day": 193.0, "source": "UtahPP" }, "geometry": { "type": "Point", "coordinates": [ -111.7720446, 40.4273163 ] } },
{ "type": "Feature", "properties": { "year": "2023", "month": "05", "day": "09", "Bombus species": "huntii", "date": "2023-05-09", "julian_day": 129.0, "source": "UtahPP" }, "geometry": { "type": "Point", "coordinates": [ -111.7725047, 40.67532301 ] } },
{ "type": "Feature", "properties": { "year": "2021", "month": "07", "day": "04", "Bombus species": "vancouverensis/bifarius", "date": "2021-07-04", "julian_day": 185.0, "source": "UtahPP" }, "geometry": { "type": "Point", "coordinates": [ -111.773, 41.37277 ] } },
{ "type": "Feature", "properties": { "year": "2023", "month": "05", "day": "25", "Bombus species": "vancouverensis/bifarius", "date": "2023-05-25", "julian_day": 145.0, "source": "UtahPP" }, "geometry": { "type": "Point", "coordinates": [ -111.77307, 40.67477948 ] } },
{ "type": "Feature", "properties": { "year": "2023", "month": "05", "day": "25", "Bombus species": "vancouverensis/bifarius", "date": "2023-05-25", "julian_day": 145.0, "source": "UtahPP" }, "geometry": { "type": "Point", "coordinates": [ -111.77307, 40.67477948 ] } },
{ "type": "Feature", "properties": { "year": "2021", "month": "07", "day": "04", "Bombus species": "vancouverensis/bifarius", "date": "2021-07-04", "julian_day": 185.0, "source": "UtahPP" }, "geometry": { "type": "Point", "coordinates": [ -111.774, 41.37951 ] } },
{ "type": "Feature", "properties": { "year": "2023", "month": "08", "day": "07", "Bombus species": "flavifrons", "date": "2023-08-07", "julian_day": 219.0, "source": "UtahPP" }, "geometry": { "type": "Point", "coordinates": [ -111.7772959, 40.69695358 ] } },
{ "type": "Feature", "properties": { "year": "2021", "month": "07", "day": "04", "Bombus species": "nevadensis", "date": "2021-07-04", "julian_day": 185.0, "source": "UtahPP" }, "geometry": { "type": "Point", "coordinates": [ -111.779, 41.37453 ] } },
{ "type": "Feature", "properties": { "year": "2021", "month": "05", "day": "27", "Bombus species": "huntii", "date": "2021-05-27", "julian_day": 147.0, "source": "UtahPP" }, "geometry": { "type": "Point", "coordinates": [ -111.7834559, 40.70708296 ] } },
{ "type": "Feature", "properties": { "year": "2021", "month": "06", "day": "14", "Bombus species": "griseocollis", "date": "2021-06-14", "julian_day": 165.0, "source": "UtahPP" }, "geometry": { "type": "Point", "coordinates": [ -111.785678, 40.44144622 ] } },
{ "type": "Feature", "properties": { "year": "2021", "month": "06", "day": "06", "Bombus species": "nevadensis", "date": "2021-06-06", "julian_day": 157.0, "source": "UtahPP" }, "geometry": { "type": "Point", "coordinates": [ -111.785816, 40.44135013 ] } },
{ "type": "Feature", "properties": { "year": "2021", "month": "06", "day": "06", "Bombus species": "griseocollis", "date": "2021-06-06", "julian_day": 157.0, "source": "UtahPP" }, "geometry": { "type": "Point", "coordinates": [ -111.7858173, 40.44134106 ] } },
{ "type": "Feature", "properties": { "year": "2020", "month": "05", "day": "16", "Bombus species": "nevadensis", "date": "2020-05-16", "julian_day": 137.0, "source": "UtahPP" }, "geometry": { "type": "Point", "coordinates": [ -111.7859824, 40.44135894 ] } },
{ "type": "Feature", "properties": { "year": "2021", "month": "07", "day": "06", "Bombus species": "fervidus", "date": "2021-07-06", "julian_day": 187.0, "source": "UtahPP" }, "geometry": { "type": "Point", "coordinates": [ -111.786, 40.44166 ] } },
{ "type": "Feature", "properties": { "year": "2021", "month": "06", "day": "24", "Bombus species": "fervidus", "date": "2021-06-24", "julian_day": 175.0, "source": "UtahPP" }, "geometry": { "type": "Point", "coordinates": [ -111.787, 40.70015 ] } },
{ "type": "Feature", "properties": { "year": "2022", "month": "08", "day": "16", "Bombus species": "griseocollis", "date": "2022-08-16", "julian_day": 228.0, "source": "UtahPP" }, "geometry": { "type": "Point", "coordinates": [ -111.7878354, 40.61079506 ] } },
{ "type": "Feature", "properties": { "year": "2021", "month": "05", "day": "27", "Bombus species": "nevadensis", "date": "2021-05-27", "julian_day": 147.0, "source": "UtahPP" }, "geometry": { "type": "Point", "coordinates": [ -111.7909104, 40.70652818 ] } },
{ "type": "Feature", "properties": { "year": "2020", "month": "08", "day": "16", "Bombus species": "huntii", "date": "2020-08-16", "julian_day": 229.0, "source": "UtahPP" }, "geometry": { "type": "Point", "coordinates": [ -111.7910507, 40.6189583 ] } },
{ "type": "Feature", "properties": { "year": "2022", "month": "08", "day": "05", "Bombus species": "griseocollis", "date": "2022-08-05", "julian_day": 217.0, "source": "UtahPP" }, "geometry": { "type": "Point", "coordinates": [ -111.7917628, 40.59868965 ] } },
{ "type": "Feature", "properties": { "year": "2022", "month": "07", "day": "11", "Bombus species": "centralis", "date": "2022-07-11", "julian_day": 192.0, "source": "UtahPP" }, "geometry": { "type": "Point", "coordinates": [ -111.7917854, 40.59867038 ] } },
{ "type": "Feature", "properties": { "year": "2022", "month": "08", "day": "05", "Bombus species": "griseocollis", "date": "2022-08-05", "julian_day": 217.0, "source": "UtahPP" }, "geometry": { "type": "Point", "coordinates": [ -111.7917919, 40.59869156 ] } },
{ "type": "Feature", "properties": { "year": "2022", "month": "08", "day": "05", "Bombus species": "griseocollis", "date": "2022-08-05", "julian_day": 217.0, "source": "UtahPP" }, "geometry": { "type": "Point", "coordinates": [ -111.7917979, 40.59867292 ] } },
{ "type": "Feature", "properties": { "year": "2022", "month": "07", "day": "15", "Bombus species": "rufocinctus", "date": "2022-07-15", "julian_day": 196.0, "source": "UtahPP" }, "geometry": { "type": "Point", "coordinates": [ -111.7918032, 40.59872778 ] } },
{ "type": "Feature", "properties": { "year": "2022", "month": "07", "day": "07", "Bombus species": "huntii", "date": "2022-07-07", "julian_day": 188.0, "source": "UtahPP" }, "geometry": { "type": "Point", "coordinates": [ -111.791824, 40.59847781 ] } },
{ "type": "Feature", "properties": { "year": "2022", "month": "08", "day": "07", "Bombus species": "griseocollis", "date": "2022-08-07", "julian_day": 219.0, "source": "UtahPP" }, "geometry": { "type": "Point", "coordinates": [ -111.7918626, 40.59704092 ] } },
{ "type": "Feature", "properties": { "year": "2022", "month": "08", "day": "06", "Bombus species": "griseocollis", "date": "2022-08-06", "julian_day": 218.0, "source": "UtahPP" }, "geometry": { "type": "Point", "coordinates": [ -111.7918698, 40.59709782 ] } },
{ "type": "Feature", "properties": { "year": "2022", "month": "08", "day": "06", "Bombus species": "huntii", "date": "2022-08-06", "julian_day": 218.0, "source": "UtahPP" }, "geometry": { "type": "Point", "coordinates": [ -111.7919098, 40.59709695 ] } },
{ "type": "Feature", "properties": { "year": "2022", "month": "07", "day": "15", "Bombus species": "huntii", "date": "2022-07-15", "julian_day": 196.0, "source": "UtahPP" }, "geometry": { "type": "Point", "coordinates": [ -111.79192, 40.59744224 ] } },
{ "type": "Feature", "properties": { "year": "2022", "month": "08", "day": "03", "Bombus species": "fervidus", "date": "2022-08-03", "julian_day": 215.0, "source": "UtahPP" }, "geometry": { "type": "Point", "coordinates": [ -111.7919645, 40.59712072 ] } },
{ "type": "Feature", "properties": { "year": "2022", "month": "07", "day": "07", "Bombus species": "huntii", "date": "2022-07-07", "julian_day": 188.0, "source": "UtahPP" }, "geometry": { "type": "Point", "coordinates": [ -111.7919825, 40.59830652 ] } },
{ "type": "Feature", "properties": { "year": "2022", "month": "07", "day": "11", "Bombus species": "flavifrons", "date": "2022-07-11", "julian_day": 192.0, "source": "UtahPP" }, "geometry": { "type": "Point", "coordinates": [ -111.791991, 40.59831722 ] } },
{ "type": "Feature", "properties": { "year": "2022", "month": "08", "day": "03", "Bombus species": "huntii", "date": "2022-08-03", "julian_day": 215.0, "source": "UtahPP" }, "geometry": { "type": "Point", "coordinates": [ -111.7920018, 40.59829301 ] } },
{ "type": "Feature", "properties": { "year": "2022", "month": "07", "day": "07", "Bombus species": "centralis", "date": "2022-07-07", "julian_day": 188.0, "source": "UtahPP" }, "geometry": { "type": "Point", "coordinates": [ -111.7920021, 40.59829782 ] } },
{ "type": "Feature", "properties": { "year": "2022", "month": "08", "day": "07", "Bombus species": "huntii", "date": "2022-08-07", "julian_day": 219.0, "source": "UtahPP" }, "geometry": { "type": "Point", "coordinates": [ -111.7920034, 40.59823301 ] } },
{ "type": "Feature", "properties": { "year": "2022", "month": "07", "day": "11", "Bombus species": "huntii", "date": "2022-07-11", "julian_day": 192.0, "source": "UtahPP" }, "geometry": { "type": "Point", "coordinates": [ -111.7920061, 40.59828981 ] } },
{ "type": "Feature", "properties": { "year": "2022", "month": "07", "day": "07", "Bombus species": "centralis", "date": "2022-07-07", "julian_day": 188.0, "source": "UtahPP" }, "geometry": { "type": "Point", "coordinates": [ -111.7920126, 40.59831771 ] } },
{ "type": "Feature", "properties": { "year": "2022", "month": "08", "day": "03", "Bombus species": "fervidus", "date": "2022-08-03", "julian_day": 215.0, "source": "UtahPP" }, "geometry": { "type": "Point", "coordinates": [ -111.7921004, 40.59797204 ] } },
{ "type": "Feature", "properties": { "year": "2022", "month": "08", "day": "05", "Bombus species": "griseocollis", "date": "2022-08-05", "julian_day": 217.0, "source": "UtahPP" }, "geometry": { "type": "Point", "coordinates": [ -111.7923387, 40.59862346 ] } },
{ "type": "Feature", "properties": { "year": "2022", "month": "08", "day": "07", "Bombus species": "griseocollis", "date": "2022-08-07", "julian_day": 219.0, "source": "UtahPP" }, "geometry": { "type": "Point", "coordinates": [ -111.792371, 40.59851189 ] } },
{ "type": "Feature", "properties": { "year": "2022", "month": "07", "day": "11", "Bombus species": "griseocollis", "date": "2022-07-11", "julian_day": 192.0, "source": "UtahPP" }, "geometry": { "type": "Point", "coordinates": [ -111.7923936, 40.59844702 ] } },
{ "type": "Feature", "properties": { "year": "2022", "month": "07", "day": "15", "Bombus species": "huntii", "date": "2022-07-15", "julian_day": 196.0, "source": "UtahPP" }, "geometry": { "type": "Point", "coordinates": [ -111.7924378, 40.59656322 ] } },
{ "type": "Feature", "properties": { "year": "2022", "month": "07", "day": "13", "Bombus species": "fervidus", "date": "2022-07-13", "julian_day": 194.0, "source": "UtahPP" }, "geometry": { "type": "Point", "coordinates": [ -111.7924508, 40.59849397 ] } },
{ "type": "Feature", "properties": { "year": "2022", "month": "07", "day": "15", "Bombus species": "huntii", "date": "2022-07-15", "julian_day": 196.0, "source": "UtahPP" }, "geometry": { "type": "Point", "coordinates": [ -111.792451, 40.59656915 ] } },
{ "type": "Feature", "properties": { "year": "2022", "month": "07", "day": "07", "Bombus species": "fervidus", "date": "2022-07-07", "julian_day": 188.0, "source": "UtahPP" }, "geometry": { "type": "Point", "coordinates": [ -111.7924518, 40.59848597 ] } },
{ "type": "Feature", "properties": { "year": "2022", "month": "08", "day": "07", "Bombus species": "huntii", "date": "2022-08-07", "julian_day": 219.0, "source": "UtahPP" }, "geometry": { "type": "Point", "coordinates": [ -111.7924798, 40.59864052 ] } },
{ "type": "Feature", "properties": { "year": "2022", "month": "08", "day": "05", "Bombus species": "fervidus", "date": "2022-08-05", "julian_day": 217.0, "source": "UtahPP" }, "geometry": { "type": "Point", "coordinates": [ -111.7924979, 40.59848377 ] } },
{ "type": "Feature", "properties": { "year": "2021", "month": "06", "day": "24", "Bombus species": "fervidus", "date": "2021-06-24", "julian_day": 175.0, "source": "UtahPP" }, "geometry": { "type": "Point", "coordinates": [ -111.796, 40.63977 ] } },
{ "type": "Feature", "properties": { "year": "2021", "month": "05", "day": "31", "Bombus species": "insularis", "date": "2021-05-31", "julian_day": 151.0, "source": "UtahPP" }, "geometry": { "type": "Point", "coordinates": [ -111.7960842, 40.70767002 ] } },
{ "type": "Feature", "properties": { "year": "2022", "month": "06", "day": "28", "Bombus species": "fervidus", "date": "2022-06-28", "julian_day": 179.0, "source": "UtahPP" }, "geometry": { "type": "Point", "coordinates": [ -111.7961109, 40.63958932 ] } },
{ "type": "Feature", "properties": { "year": "2022", "month": "05", "day": "06", "Bombus species": "insularis", "date": "2022-05-06", "julian_day": 126.0, "source": "UtahPP" }, "geometry": { "type": "Point", "coordinates": [ -111.7979454, 40.56652626 ] } },
{ "type": "Feature", "properties": { "year": "2021", "month": "05", "day": "28", "Bombus species": "griseocollis", "date": "2021-05-28", "julian_day": 148.0, "source": "UtahPP" }, "geometry": { "type": "Point", "coordinates": [ -111.7996541, 40.5657167 ] } },
{ "type": "Feature", "properties": { "year": "2020", "month": "05", "day": "11", "Bombus species": "huntii", "date": "2020-05-11", "julian_day": 132.0, "source": "UtahPP" }, "geometry": { "type": "Point", "coordinates": [ -111.8005749, 40.65184471 ] } },
{ "type": "Feature", "properties": { "year": "2021", "month": "05", "day": "25", "Bombus species": "huntii", "date": "2021-05-25", "julian_day": 145.0, "source": "UtahPP" }, "geometry": { "type": "Point", "coordinates": [ -111.801479, 40.71011539 ] } },
{ "type": "Feature", "properties": { "year": "2022", "month": "06", "day": "14", "Bombus species": "huntii", "date": "2022-06-14", "julian_day": 165.0, "source": "UtahPP" }, "geometry": { "type": "Point", "coordinates": [ -111.8017534, 40.37549115 ] } },
{ "type": "Feature", "properties": { "year": "2022", "month": "08", "day": "13", "Bombus species": "centralis", "date": "2022-08-13", "julian_day": 225.0, "source": "UtahPP" }, "geometry": { "type": "Point", "coordinates": [ -111.8017545, 40.37547569 ] } },
{ "type": "Feature", "properties": { "year": "2020", "month": "08", "day": "24", "Bombus species": "fervidus", "date": "2020-08-24", "julian_day": 237.0, "source": "UtahPP" }, "geometry": { "type": "Point", "coordinates": [ -111.8017714, 40.3754817 ] } },
{ "type": "Feature", "properties": { "year": "2023", "month": "06", "day": "12", "Bombus species": "morrisoni", "date": "2023-06-12", "julian_day": 163.0, "source": "UtahPP" }, "geometry": { "type": "Point", "coordinates": [ -111.8024302, 40.14163528 ] } },
{ "type": "Feature", "properties": { "year": "2022", "month": "09", "day": "25", "Bombus species": "huntii", "date": "2022-09-25", "julian_day": 268.0, "source": "UtahPP" }, "geometry": { "type": "Point", "coordinates": [ -111.8037207, 40.62273915 ] } },
{ "type": "Feature", "properties": { "year": "2020", "month": "07", "day": "08", "Bombus species": "appositus", "date": "2020-07-08", "julian_day": 190.0, "source": "UtahPP" }, "geometry": { "type": "Point", "coordinates": [ -111.8037368, 40.62269608 ] } },
{ "type": "Feature", "properties": { "year": "2020", "month": "08", "day": "23", "Bombus species": "vancouverensis/bifarius", "date": "2020-08-23", "julian_day": 236.0, "source": "UtahPP" }, "geometry": { "type": "Point", "coordinates": [ -111.803778, 40.62288211 ] } },
{ "type": "Feature", "properties": { "year": "2021", "month": "05", "day": "09", "Bombus species": "nevadensis", "date": "2021-05-09", "julian_day": 129.0, "source": "UtahPP" }, "geometry": { "type": "Point", "coordinates": [ -111.8037926, 40.62278251 ] } },
{ "type": "Feature", "properties": { "year": "2022", "month": "06", "day": "04", "Bombus species": "huntii", "date": "2022-06-04", "julian_day": 155.0, "source": "UtahPP" }, "geometry": { "type": "Point", "coordinates": [ -111.8037989, 40.62287409 ] } },
{ "type": "Feature", "properties": { "year": "2020", "month": "09", "day": "13", "Bombus species": "huntii", "date": "2020-09-13", "julian_day": 257.0, "source": "UtahPP" }, "geometry": { "type": "Point", "coordinates": [ -111.8038001, 40.62279389 ] } },
{ "type": "Feature", "properties": { "year": "2020", "month": "06", "day": "30", "Bombus species": "huntii", "date": "2020-06-30", "julian_day": 182.0, "source": "UtahPP" }, "geometry": { "type": "Point", "coordinates": [ -111.8038218, 40.6228687 ] } },
{ "type": "Feature", "properties": { "year": "2020", "month": "09", "day": "05", "Bombus species": "huntii", "date": "2020-09-05", "julian_day": 249.0, "source": "UtahPP" }, "geometry": { "type": "Point", "coordinates": [ -111.8038249, 40.62302565 ] } },
{ "type": "Feature", "properties": { "year": "2021", "month": "06", "day": "25", "Bombus species": "rufocinctus", "date": "2021-06-25", "julian_day": 176.0, "source": "UtahPP" }, "geometry": { "type": "Point", "coordinates": [ -111.804, 40.62236 ] } },
{ "type": "Feature", "properties": { "year": "2021", "month": "06", "day": "25", "Bombus species": "rufocinctus", "date": "2021-06-25", "julian_day": 176.0, "source": "UtahPP" }, "geometry": { "type": "Point", "coordinates": [ -111.804, 40.62238 ] } },
{ "type": "Feature", "properties": { "year": "2021", "month": "07", "day": "25", "Bombus species": "flavifrons", "date": "2021-07-25", "julian_day": 206.0, "source": "UtahPP" }, "geometry": { "type": "Point", "coordinates": [ -111.804, 40.62286 ] } },
{ "type": "Feature", "properties": { "year": "2021", "month": "07", "day": "26", "Bombus species": "nevadensis", "date": "2021-07-26", "julian_day": 207.0, "source": "UtahPP" }, "geometry": { "type": "Point", "coordinates": [ -111.804, 40.62288 ] } },
{ "type": "Feature", "properties": { "year": "2021", "month": "08", "day": "13", "Bombus species": "griseocollis", "date": "2021-08-13", "julian_day": 225.0, "source": "UtahPP" }, "geometry": { "type": "Point", "coordinates": [ -111.804, 40.62285 ] } },
{ "type": "Feature", "properties": { "year": "2021", "month": "08", "day": "13", "Bombus species": "huntii", "date": "2021-08-13", "julian_day": 225.0, "source": "UtahPP" }, "geometry": { "type": "Point", "coordinates": [ -111.804, 40.62267 ] } },
{ "type": "Feature", "properties": { "year": "2020", "month": "06", "day": "11", "Bombus species": "griseocollis", "date": "2020-06-11", "julian_day": 163.0, "source": "UtahPP" }, "geometry": { "type": "Point", "coordinates": [ -111.8042717, 40.62222901 ] } },
{ "type": "Feature", "properties": { "year": "2021", "month": "06", "day": "30", "Bombus species": "rufocinctus", "date": "2021-06-30", "julian_day": 181.0, "source": "UtahPP" }, "geometry": { "type": "Point", "coordinates": [ -111.805, 40.77439 ] } },
{ "type": "Feature", "properties": { "year": "2021", "month": "07", "day": "29", "Bombus species": "huntii", "date": "2021-07-29", "julian_day": 210.0, "source": "UtahPP" }, "geometry": { "type": "Point", "coordinates": [ -111.805, 40.61835 ] } },
{ "type": "Feature", "properties": { "year": "2022", "month": "07", "day": "09", "Bombus species": "centralis", "date": "2022-07-09", "julian_day": 190.0, "source": "UtahPP" }, "geometry": { "type": "Point", "coordinates": [ -111.8068417, 40.61212064 ] } },
{ "type": "Feature", "properties": { "year": "2020", "month": "09", "day": "18", "Bombus species": "griseocollis", "date": "2020-09-18", "julian_day": 262.0, "source": "UtahPP" }, "geometry": { "type": "Point", "coordinates": [ -111.8069309, 41.745235 ] } },
{ "type": "Feature", "properties": { "year": "2022", "month": "06", "day": "13", "Bombus species": "fervidus", "date": "2022-06-13", "julian_day": 164.0, "source": "UtahPP" }, "geometry": { "type": "Point", "coordinates": [ -111.807092, 40.62039286 ] } },
{ "type": "Feature", "properties": { "year": "2021", "month": "05", "day": "25", "Bombus species": "huntii", "date": "2021-05-25", "julian_day": 145.0, "source": "UtahPP" }, "geometry": { "type": "Point", "coordinates": [ -111.8104148, 40.71245812 ] } },
{ "type": "Feature", "properties": { "year": "2022", "month": "08", "day": "31", "Bombus species": "morrisoni", "date": "2022-08-31", "julian_day": 243.0, "source": "UtahPP" }, "geometry": { "type": "Point", "coordinates": [ -111.810469, 41.74248996 ] } },
{ "type": "Feature", "properties": { "year": "2023", "month": "06", "day": "29", "Bombus species": "fervidus", "date": "2023-06-29", "julian_day": 180.0, "source": "UtahPP" }, "geometry": { "type": "Point", "coordinates": [ -111.811, 40.369 ] } },
{ "type": "Feature", "properties": { "year": "2023", "month": "06", "day": "29", "Bombus species": "fervidus", "date": "2023-06-29", "julian_day": 180.0, "source": "UtahPP" }, "geometry": { "type": "Point", "coordinates": [ -111.811, 40.369 ] } },
{ "type": "Feature", "properties": { "year": "2023", "month": "06", "day": "29", "Bombus species": "nevadensis", "date": "2023-06-29", "julian_day": 180.0, "source": "UtahPP" }, "geometry": { "type": "Point", "coordinates": [ -111.811, 40.369 ] } },
{ "type": "Feature", "properties": { "year": "2022", "month": "09", "day": "22", "Bombus species": "morrisoni", "date": "2022-09-22", "julian_day": 265.0, "source": "UtahPP" }, "geometry": { "type": "Point", "coordinates": [ -111.8123539, 41.74287707 ] } },
{ "type": "Feature", "properties": { "year": "2022", "month": "04", "day": "01", "Bombus species": "huntii", "date": "2022-04-01", "julian_day": 91.0, "source": "UtahPP" }, "geometry": { "type": "Point", "coordinates": [ -111.8138787, 40.76213674 ] } },
{ "type": "Feature", "properties": { "year": "2023", "month": "08", "day": "19", "Bombus species": "huntii", "date": "2023-08-19", "julian_day": 231.0, "source": "UtahPP" }, "geometry": { "type": "Point", "coordinates": [ -111.8147383, 40.53797975 ] } },
{ "type": "Feature", "properties": { "year": "2023", "month": "07", "day": "20", "Bombus species": "fervidus", "date": "2023-07-20", "julian_day": 201.0, "source": "UtahPP" }, "geometry": { "type": "Point", "coordinates": [ -111.8150792, 40.74935001 ] } },
{ "type": "Feature", "properties": { "year": "2023", "month": "07", "day": "20", "Bombus species": "huntii", "date": "2023-07-20", "julian_day": 201.0, "source": "UtahPP" }, "geometry": { "type": "Point", "coordinates": [ -111.8151041, 40.74935615 ] } },
{ "type": "Feature", "properties": { "year": "2023", "month": "07", "day": "23", "Bombus species": "fervidus", "date": "2023-07-23", "julian_day": 204.0, "source": "UtahPP" }, "geometry": { "type": "Point", "coordinates": [ -111.8153459, 40.75056715 ] } },
{ "type": "Feature", "properties": { "year": "2023", "month": "07", "day": "21", "Bombus species": "griseocollis", "date": "2023-07-21", "julian_day": 202.0, "source": "UtahPP" }, "geometry": { "type": "Point", "coordinates": [ -111.8168435, 40.7753635 ] } },
{ "type": "Feature", "properties": { "year": "2023", "month": "05", "day": "23", "Bombus species": "fervidus", "date": "2023-05-23", "julian_day": 143.0, "source": "UtahPP" }, "geometry": { "type": "Point", "coordinates": [ -111.817255, 40.74889846 ] } },
{ "type": "Feature", "properties": { "year": "2023", "month": "05", "day": "23", "Bombus species": "nevadensis", "date": "2023-05-23", "julian_day": 143.0, "source": "UtahPP" }, "geometry": { "type": "Point", "coordinates": [ -111.8172588, 40.74892098 ] } },
{ "type": "Feature", "properties": { "year": "2023", "month": "05", "day": "23", "Bombus species": "huntii", "date": "2023-05-23", "julian_day": 143.0, "source": "UtahPP" }, "geometry": { "type": "Point", "coordinates": [ -111.8176098, 40.7489837 ] } },
{ "type": "Feature", "properties": { "year": "2023", "month": "07", "day": "21", "Bombus species": "huntii", "date": "2023-07-21", "julian_day": 202.0, "source": "UtahPP" }, "geometry": { "type": "Point", "coordinates": [ -111.8176319, 40.77481187 ] } },
{ "type": "Feature", "properties": { "year": "2020", "month": "07", "day": "03", "Bombus species": "huntii", "date": "2020-07-03", "julian_day": 185.0, "source": "UtahPP" }, "geometry": { "type": "Point", "coordinates": [ -111.8176676, 40.76261353 ] } },
{ "type": "Feature", "properties": { "year": "2022", "month": "07", "day": "25", "Bombus species": "huntii", "date": "2022-07-25", "julian_day": 206.0, "source": "UtahPP" }, "geometry": { "type": "Point", "coordinates": [ -111.818465, 40.70901302 ] } },
{ "type": "Feature", "properties": { "year": "2021", "month": "06", "day": "28", "Bombus species": "fervidus", "date": "2021-06-28", "julian_day": 179.0, "source": "UtahPP" }, "geometry": { "type": "Point", "coordinates": [ -111.819, 40.70954 ] } },
{ "type": "Feature", "properties": { "year": "2021", "month": "07", "day": "22", "Bombus species": "huntii", "date": "2021-07-22", "julian_day": 203.0, "source": "UtahPP" }, "geometry": { "type": "Point", "coordinates": [ -111.819, 40.70955 ] } },
{ "type": "Feature", "properties": { "year": "2021", "month": "08", "day": "09", "Bombus species": "huntii", "date": "2021-08-09", "julian_day": 221.0, "source": "UtahPP" }, "geometry": { "type": "Point", "coordinates": [ -111.819, 40.70951 ] } },
{ "type": "Feature", "properties": { "year": "2021", "month": "08", "day": "09", "Bombus species": "rufocinctus", "date": "2021-08-09", "julian_day": 221.0, "source": "UtahPP" }, "geometry": { "type": "Point", "coordinates": [ -111.819, 40.70954 ] } },
{ "type": "Feature", "properties": { "year": "2023", "month": "09", "day": "23", "Bombus species": "morrisoni", "date": "2023-09-23", "julian_day": 266.0, "source": "UtahPP" }, "geometry": { "type": "Point", "coordinates": [ -111.8190041, 40.48950998 ] } },
{ "type": "Feature", "properties": { "year": "2020", "month": "07", "day": "03", "Bombus species": "griseocollis", "date": "2020-07-03", "julian_day": 185.0, "source": "UtahPP" }, "geometry": { "type": "Point", "coordinates": [ -111.8190923, 40.76395282 ] } },
{ "type": "Feature", "properties": { "year": "2021", "month": "05", "day": "28", "Bombus species": "insularis", "date": "2021-05-28", "julian_day": 148.0, "source": "UtahPP" }, "geometry": { "type": "Point", "coordinates": [ -111.8192227, 40.70968662 ] } },
{ "type": "Feature", "properties": { "year": "2021", "month": "06", "day": "12", "Bombus species": "nevadensis", "date": "2021-06-12", "julian_day": 163.0, "source": "UtahPP" }, "geometry": { "type": "Point", "coordinates": [ -111.8192387, 40.70725717 ] } },
{ "type": "Feature", "properties": { "year": "2023", "month": "09", "day": "23", "Bombus species": "huntii", "date": "2023-09-23", "julian_day": 266.0, "source": "UtahPP" }, "geometry": { "type": "Point", "coordinates": [ -111.8199, 40.488215 ] } },
{ "type": "Feature", "properties": { "year": "2023", "month": "08", "day": "14", "Bombus species": "griseocollis", "date": "2023-08-14", "julian_day": 226.0, "source": "UtahPP" }, "geometry": { "type": "Point", "coordinates": [ -111.8210878, 40.76208079 ] } },
{ "type": "Feature", "properties": { "year": "2022", "month": "06", "day": "04", "Bombus species": "griseocollis", "date": "2022-06-04", "julian_day": 155.0, "source": "UtahPP" }, "geometry": { "type": "Point", "coordinates": [ -111.8213121, 40.75934917 ] } },
{ "type": "Feature", "properties": { "year": "2022", "month": "06", "day": "04", "Bombus species": "griseocollis", "date": "2022-06-04", "julian_day": 155.0, "source": "UtahPP" }, "geometry": { "type": "Point", "coordinates": [ -111.8213711, 40.75937355 ] } },
{ "type": "Feature", "properties": { "year": "2020", "month": "07", "day": "20", "Bombus species": "occidentalis", "date": "2020-07-20", "julian_day": 202.0, "source": "UtahPP" }, "geometry": { "type": "Point", "coordinates": [ -111.8217898, 41.75037348 ] } },
{ "type": "Feature", "properties": { "year": "2021", "month": "06", "day": "06", "Bombus species": "nevadensis", "date": "2021-06-06", "julian_day": 157.0, "source": "UtahPP" }, "geometry": { "type": "Point", "coordinates": [ -111.8218255, 40.73236229 ] } },
{ "type": "Feature", "properties": { "year": "2023", "month": "06", "day": "08", "Bombus species": "griseocollis", "date": "2023-06-08", "julian_day": 159.0, "source": "UtahPP" }, "geometry": { "type": "Point", "coordinates": [ -111.8220896, 40.73884419 ] } },
{ "type": "Feature", "properties": { "year": "2020", "month": "06", "day": "12", "Bombus species": "insularis", "date": "2020-06-12", "julian_day": 164.0, "source": "UtahPP" }, "geometry": { "type": "Point", "coordinates": [ -111.8224639, 40.77230073 ] } },
{ "type": "Feature", "properties": { "year": "2020", "month": "04", "day": "20", "Bombus species": "huntii", "date": "2020-04-20", "julian_day": 111.0, "source": "UtahPP" }, "geometry": { "type": "Point", "coordinates": [ -111.8227887, 41.65432103 ] } },
{ "type": "Feature", "properties": { "year": "2023", "month": "06", "day": "30", "Bombus species": "morrisoni", "date": "2023-06-30", "julian_day": 181.0, "source": "UtahPP" }, "geometry": { "type": "Point", "coordinates": [ -111.8228638, 40.76574193 ] } },
{ "type": "Feature", "properties": { "year": "2023", "month": "08", "day": "05", "Bombus species": "huntii", "date": "2023-08-05", "julian_day": 217.0, "source": "UtahPP" }, "geometry": { "type": "Point", "coordinates": [ -111.8229668, 40.76723607 ] } },
{ "type": "Feature", "properties": { "year": "2021", "month": "06", "day": "30", "Bombus species": "appositus", "date": "2021-06-30", "julian_day": 181.0, "source": "UtahPP" }, "geometry": { "type": "Point", "coordinates": [ -111.823, 40.76587 ] } },
{ "type": "Feature", "properties": { "year": "2021", "month": "06", "day": "30", "Bombus species": "centralis", "date": "2021-06-30", "julian_day": 181.0, "source": "UtahPP" }, "geometry": { "type": "Point", "coordinates": [ -111.823, 40.76556 ] } },
{ "type": "Feature", "properties": { "year": "2021", "month": "06", "day": "30", "Bombus species": "griseocollis", "date": "2021-06-30", "julian_day": 181.0, "source": "UtahPP" }, "geometry": { "type": "Point", "coordinates": [ -111.823, 40.76555 ] } },
{ "type": "Feature", "properties": { "year": "2021", "month": "07", "day": "01", "Bombus species": "melanopygus", "date": "2021-07-01", "julian_day": 182.0, "source": "UtahPP" }, "geometry": { "type": "Point", "coordinates": [ -111.823, 40.56842 ] } },
{ "type": "Feature", "properties": { "year": "2021", "month": "07", "day": "09", "Bombus species": "rufocinctus", "date": "2021-07-09", "julian_day": 190.0, "source": "UtahPP" }, "geometry": { "type": "Point", "coordinates": [ -111.823, 40.56867 ] } },
{ "type": "Feature", "properties": { "year": "2021", "month": "07", "day": "13", "Bombus species": "huntii", "date": "2021-07-13", "julian_day": 194.0, "source": "UtahPP" }, "geometry": { "type": "Point", "coordinates": [ -111.823, 40.56857 ] } },
{ "type": "Feature", "properties": { "year": "2021", "month": "07", "day": "16", "Bombus species": "huntii", "date": "2021-07-16", "julian_day": 197.0, "source": "UtahPP" }, "geometry": { "type": "Point", "coordinates": [ -111.823, 40.56866 ] } },
{ "type": "Feature", "properties": { "year": "2021", "month": "08", "day": "28", "Bombus species": "griseocollis", "date": "2021-08-28", "julian_day": 240.0, "source": "UtahPP" }, "geometry": { "type": "Point", "coordinates": [ -111.823, 40.7656 ] } },
{ "type": "Feature", "properties": { "year": "2021", "month": "08", "day": "28", "Bombus species": "huntii", "date": "2021-08-28", "julian_day": 240.0, "source": "UtahPP" }, "geometry": { "type": "Point", "coordinates": [ -111.823, 40.76588 ] } },
{ "type": "Feature", "properties": { "year": "2021", "month": "09", "day": "04", "Bombus species": "griseocollis", "date": "2021-09-04", "julian_day": 247.0, "source": "UtahPP" }, "geometry": { "type": "Point", "coordinates": [ -111.823, 40.76631 ] } },
{ "type": "Feature", "properties": { "year": "2021", "month": "09", "day": "04", "Bombus species": "griseocollis", "date": "2021-09-04", "julian_day": 247.0, "source": "UtahPP" }, "geometry": { "type": "Point", "coordinates": [ -111.823, 40.76634 ] } },
{ "type": "Feature", "properties": { "year": "2021", "month": "09", "day": "04", "Bombus species": "griseocollis", "date": "2021-09-04", "julian_day": 247.0, "source": "UtahPP" }, "geometry": { "type": "Point", "coordinates": [ -111.823, 40.76644 ] } },
{ "type": "Feature", "properties": { "year": "2021", "month": "09", "day": "04", "Bombus species": "griseocollis", "date": "2021-09-04", "julian_day": 247.0, "source": "UtahPP" }, "geometry": { "type": "Point", "coordinates": [ -111.823, 40.76678 ] } },
{ "type": "Feature", "properties": { "year": "2021", "month": "09", "day": "07", "Bombus species": "griseocollis", "date": "2021-09-07", "julian_day": 250.0, "source": "UtahPP" }, "geometry": { "type": "Point", "coordinates": [ -111.823, 40.76637 ] } },
{ "type": "Feature", "properties": { "year": "2023", "month": "08", "day": "05", "Bombus species": "griseocollis", "date": "2023-08-05", "julian_day": 217.0, "source": "UtahPP" }, "geometry": { "type": "Point", "coordinates": [ -111.8230379, 40.76780032 ] } },
{ "type": "Feature", "properties": { "year": "2023", "month": "09", "day": "17", "Bombus species": "griseocollis", "date": "2023-09-17", "julian_day": 260.0, "source": "UtahPP" }, "geometry": { "type": "Point", "coordinates": [ -111.8230499, 40.76785676 ] } },
{ "type": "Feature", "properties": { "year": "2023", "month": "08", "day": "05", "Bombus species": "griseocollis", "date": "2023-08-05", "julian_day": 217.0, "source": "UtahPP" }, "geometry": { "type": "Point", "coordinates": [ -111.8230567, 40.76777368 ] } },
{ "type": "Feature", "properties": { "year": "2022", "month": "05", "day": "19", "Bombus species": "nevadensis", "date": "2022-05-19", "julian_day": 139.0, "source": "UtahPP" }, "geometry": { "type": "Point", "coordinates": [ -111.8230576, 40.76764115 ] } },
{ "type": "Feature", "properties": { "year": "2022", "month": "05", "day": "19", "Bombus species": "nevadensis", "date": "2022-05-19", "julian_day": 139.0, "source": "UtahPP" }, "geometry": { "type": "Point", "coordinates": [ -111.8230622, 40.76764479 ] } },
{ "type": "Feature", "properties": { "year": "2023", "month": "10", "day": "01", "Bombus species": "morrisoni", "date": "2023-10-01", "julian_day": 274.0, "source": "UtahPP" }, "geometry": { "type": "Point", "coordinates": [ -111.8230624, 40.76784122 ] } },
{ "type": "Feature", "properties": { "year": "2022", "month": "05", "day": "19", "Bombus species": "griseocollis", "date": "2022-05-19", "julian_day": 139.0, "source": "UtahPP" }, "geometry": { "type": "Point", "coordinates": [ -111.8230632, 40.76763772 ] } },
{ "type": "Feature", "properties": { "year": "2022", "month": "05", "day": "19", "Bombus species": "nevadensis", "date": "2022-05-19", "julian_day": 139.0, "source": "UtahPP" }, "geometry": { "type": "Point", "coordinates": [ -111.8230664, 40.76764193 ] } },
{ "type": "Feature", "properties": { "year": "2020", "month": "06", "day": "20", "Bombus species": "griseocollis", "date": "2020-06-20", "julian_day": 172.0, "source": "UtahPP" }, "geometry": { "type": "Point", "coordinates": [ -111.8231092, 40.76741782 ] } },
{ "type": "Feature", "properties": { "year": "2021", "month": "06", "day": "06", "Bombus species": "griseocollis", "date": "2021-06-06", "julian_day": 157.0, "source": "UtahPP" }, "geometry": { "type": "Point", "coordinates": [ -111.8231367, 40.76783659 ] } },
{ "type": "Feature", "properties": { "year": "2020", "month": "09", "day": "06", "Bombus species": "griseocollis", "date": "2020-09-06", "julian_day": 250.0, "source": "UtahPP" }, "geometry": { "type": "Point", "coordinates": [ -111.823169, 40.7656237 ] } },
{ "type": "Feature", "properties": { "year": "2023", "month": "10", "day": "01", "Bombus species": "nevadensis", "date": "2023-10-01", "julian_day": 274.0, "source": "UtahPP" }, "geometry": { "type": "Point", "coordinates": [ -111.8231807, 40.76767025 ] } },
{ "type": "Feature", "properties": { "year": "2022", "month": "07", "day": "06", "Bombus species": "griseocollis", "date": "2022-07-06", "julian_day": 187.0, "source": "UtahPP" }, "geometry": { "type": "Point", "coordinates": [ -111.8232036, 40.76553415 ] } },
{ "type": "Feature", "properties": { "year": "2021", "month": "06", "day": "06", "Bombus species": "centralis", "date": "2021-06-06", "julian_day": 157.0, "source": "UtahPP" }, "geometry": { "type": "Point", "coordinates": [ -111.8232311, 40.7666079 ] } },
{ "type": "Feature", "properties": { "year": "2021", "month": "06", "day": "06", "Bombus species": "centralis", "date": "2021-06-06", "julian_day": 157.0, "source": "UtahPP" }, "geometry": { "type": "Point", "coordinates": [ -111.8233092, 40.76763329 ] } },
{ "type": "Feature", "properties": { "year": "2022", "month": "06", "day": "04", "Bombus species": "huntii", "date": "2022-06-04", "julian_day": 155.0, "source": "UtahPP" }, "geometry": { "type": "Point", "coordinates": [ -111.8233131, 40.76238034 ] } },
{ "type": "Feature", "properties": { "year": "2023", "month": "06", "day": "13", "Bombus species": "centralis", "date": "2023-06-13", "julian_day": 164.0, "source": "UtahPP" }, "geometry": { "type": "Point", "coordinates": [ -111.82333, 40.4943 ] } },
{ "type": "Feature", "properties": { "year": "2023", "month": "06", "day": "13", "Bombus species": "centralis", "date": "2023-06-13", "julian_day": 164.0, "source": "UtahPP" }, "geometry": { "type": "Point", "coordinates": [ -111.82333, 40.4943 ] } },
{ "type": "Feature", "properties": { "year": "2023", "month": "06", "day": "13", "Bombus species": "griseocollis", "date": "2023-06-13", "julian_day": 164.0, "source": "UtahPP" }, "geometry": { "type": "Point", "coordinates": [ -111.82333, 40.4943 ] } },
{ "type": "Feature", "properties": { "year": "2023", "month": "06", "day": "13", "Bombus species": "huntii", "date": "2023-06-13", "julian_day": 164.0, "source": "UtahPP" }, "geometry": { "type": "Point", "coordinates": [ -111.82333, 40.4943 ] } },
{ "type": "Feature", "properties": { "year": "2023", "month": "06", "day": "13", "Bombus species": "rufocinctus", "date": "2023-06-13", "julian_day": 164.0, "source": "UtahPP" }, "geometry": { "type": "Point", "coordinates": [ -111.82333, 40.4943 ] } },
{ "type": "Feature", "properties": { "year": "2022", "month": "06", "day": "04", "Bombus species": "huntii", "date": "2022-06-04", "julian_day": 155.0, "source": "UtahPP" }, "geometry": { "type": "Point", "coordinates": [ -111.8234284, 40.76243925 ] } },
{ "type": "Feature", "properties": { "year": "2023", "month": "09", "day": "17", "Bombus species": "griseocollis", "date": "2023-09-17", "julian_day": 260.0, "source": "UtahPP" }, "geometry": { "type": "Point", "coordinates": [ -111.8235234, 40.76722731 ] } },
{ "type": "Feature", "properties": { "year": "2023", "month": "09", "day": "17", "Bombus species": "vancouverensis/bifarius", "date": "2023-09-17", "julian_day": 260.0, "source": "UtahPP" }, "geometry": { "type": "Point", "coordinates": [ -111.8235271, 40.76724444 ] } },
{ "type": "Feature", "properties": { "year": "2022", "month": "07", "day": "18", "Bombus species": "griseocollis", "date": "2022-07-18", "julian_day": 199.0, "source": "UtahPP" }, "geometry": { "type": "Point", "coordinates": [ -111.8235274, 40.76404687 ] } },
{ "type": "Feature", "properties": { "year": "2023", "month": "09", "day": "17", "Bombus species": "griseocollis", "date": "2023-09-17", "julian_day": 260.0, "source": "UtahPP" }, "geometry": { "type": "Point", "coordinates": [ -111.82358, 40.76750098 ] } },
{ "type": "Feature", "properties": { "year": "2023", "month": "06", "day": "01", "Bombus species": "griseocollis", "date": "2023-06-01", "julian_day": 152.0, "source": "UtahPP" }, "geometry": { "type": "Point", "coordinates": [ -111.8235867, 40.76567592 ] } },
{ "type": "Feature", "properties": { "year": "2023", "month": "09", "day": "17", "Bombus species": "griseocollis", "date": "2023-09-17", "julian_day": 260.0, "source": "UtahPP" }, "geometry": { "type": "Point", "coordinates": [ -111.8235937, 40.76723562 ] } },
{ "type": "Feature", "properties": { "year": "2022", "month": "07", "day": "18", "Bombus species": "vancouverensis/bifarius", "date": "2022-07-18", "julian_day": 199.0, "source": "UtahPP" }, "geometry": { "type": "Point", "coordinates": [ -111.8236008, 40.76402883 ] } },
{ "type": "Feature", "properties": { "year": "2023", "month": "06", "day": "01", "Bombus species": "griseocollis", "date": "2023-06-01", "julian_day": 152.0, "source": "UtahPP" }, "geometry": { "type": "Point", "coordinates": [ -111.8236009, 40.76569311 ] } },
{ "type": "Feature", "properties": { "year": "2023", "month": "06", "day": "01", "Bombus species": "griseocollis", "date": "2023-06-01", "julian_day": 152.0, "source": "UtahPP" }, "geometry": { "type": "Point", "coordinates": [ -111.823605, 40.76569352 ] } },
{ "type": "Feature", "properties": { "year": "2023", "month": "06", "day": "01", "Bombus species": "centralis", "date": "2023-06-01", "julian_day": 152.0, "source": "UtahPP" }, "geometry": { "type": "Point", "coordinates": [ -111.8236063, 40.76571011 ] } },
{ "type": "Feature", "properties": { "year": "2022", "month": "07", "day": "05", "Bombus species": "griseocollis", "date": "2022-07-05", "julian_day": 186.0, "source": "UtahPP" }, "geometry": { "type": "Point", "coordinates": [ -111.8236203, 40.76552809 ] } },
{ "type": "Feature", "properties": { "year": "2023", "month": "09", "day": "17", "Bombus species": "griseocollis", "date": "2023-09-17", "julian_day": 260.0, "source": "UtahPP" }, "geometry": { "type": "Point", "coordinates": [ -111.8237414, 40.76743168 ] } },
{ "type": "Feature", "properties": { "year": "2022", "month": "05", "day": "19", "Bombus species": "centralis", "date": "2022-05-19", "julian_day": 139.0, "source": "UtahPP" }, "geometry": { "type": "Point", "coordinates": [ -111.8239388, 40.76690103 ] } },
{ "type": "Feature", "properties": { "year": "2021", "month": "06", "day": "30", "Bombus species": "fervidus", "date": "2021-06-30", "julian_day": 181.0, "source": "UtahPP" }, "geometry": { "type": "Point", "coordinates": [ -111.824, 40.766 ] } },
{ "type": "Feature", "properties": { "year": "2021", "month": "08", "day": "28", "Bombus species": "griseocollis", "date": "2021-08-28", "julian_day": 240.0, "source": "UtahPP" }, "geometry": { "type": "Point", "coordinates": [ -111.824, 40.76636 ] } },
{ "type": "Feature", "properties": { "year": "2021", "month": "08", "day": "29", "Bombus species": "appositus", "date": "2021-08-29", "julian_day": 241.0, "source": "UtahPP" }, "geometry": { "type": "Point", "coordinates": [ -111.824, 40.76619 ] } },
{ "type": "Feature", "properties": { "year": "2021", "month": "08", "day": "29", "Bombus species": "griseocollis", "date": "2021-08-29", "julian_day": 241.0, "source": "UtahPP" }, "geometry": { "type": "Point", "coordinates": [ -111.824, 40.76619 ] } },
{ "type": "Feature", "properties": { "year": "2021", "month": "08", "day": "29", "Bombus species": "griseocollis", "date": "2021-08-29", "julian_day": 241.0, "source": "UtahPP" }, "geometry": { "type": "Point", "coordinates": [ -111.824, 40.76619 ] } },
{ "type": "Feature", "properties": { "year": "2021", "month": "08", "day": "29", "Bombus species": "griseocollis", "date": "2021-08-29", "julian_day": 241.0, "source": "UtahPP" }, "geometry": { "type": "Point", "coordinates": [ -111.824, 40.76619 ] } },
{ "type": "Feature", "properties": { "year": "2021", "month": "08", "day": "29", "Bombus species": "griseocollis", "date": "2021-08-29", "julian_day": 241.0, "source": "UtahPP" }, "geometry": { "type": "Point", "coordinates": [ -111.824, 40.76619 ] } },
{ "type": "Feature", "properties": { "year": "2021", "month": "08", "day": "29", "Bombus species": "griseocollis", "date": "2021-08-29", "julian_day": 241.0, "source": "UtahPP" }, "geometry": { "type": "Point", "coordinates": [ -111.824, 40.76673 ] } },
{ "type": "Feature", "properties": { "year": "2021", "month": "08", "day": "29", "Bombus species": "griseocollis", "date": "2021-08-29", "julian_day": 241.0, "source": "UtahPP" }, "geometry": { "type": "Point", "coordinates": [ -111.824, 40.76673 ] } },
{ "type": "Feature", "properties": { "year": "2021", "month": "08", "day": "29", "Bombus species": "griseocollis", "date": "2021-08-29", "julian_day": 241.0, "source": "UtahPP" }, "geometry": { "type": "Point", "coordinates": [ -111.824, 40.76673 ] } },
{ "type": "Feature", "properties": { "year": "2021", "month": "08", "day": "29", "Bombus species": "griseocollis", "date": "2021-08-29", "julian_day": 241.0, "source": "UtahPP" }, "geometry": { "type": "Point", "coordinates": [ -111.824, 40.76692 ] } },
{ "type": "Feature", "properties": { "year": "2021", "month": "08", "day": "29", "Bombus species": "griseocollis", "date": "2021-08-29", "julian_day": 241.0, "source": "UtahPP" }, "geometry": { "type": "Point", "coordinates": [ -111.824, 40.76692 ] } },
{ "type": "Feature", "properties": { "year": "2021", "month": "08", "day": "29", "Bombus species": "griseocollis", "date": "2021-08-29", "julian_day": 241.0, "source": "UtahPP" }, "geometry": { "type": "Point", "coordinates": [ -111.824, 40.76692 ] } },
{ "type": "Feature", "properties": { "year": "2021", "month": "08", "day": "29", "Bombus species": "griseocollis", "date": "2021-08-29", "julian_day": 241.0, "source": "UtahPP" }, "geometry": { "type": "Point", "coordinates": [ -111.824, 40.76692 ] } },
{ "type": "Feature", "properties": { "year": "2021", "month": "08", "day": "29", "Bombus species": "griseocollis", "date": "2021-08-29", "julian_day": 241.0, "source": "UtahPP" }, "geometry": { "type": "Point", "coordinates": [ -111.824, 40.76692 ] } },
{ "type": "Feature", "properties": { "year": "2021", "month": "08", "day": "29", "Bombus species": "griseocollis", "date": "2021-08-29", "julian_day": 241.0, "source": "UtahPP" }, "geometry": { "type": "Point", "coordinates": [ -111.824, 40.76692 ] } },
{ "type": "Feature", "properties": { "year": "2021", "month": "08", "day": "29", "Bombus species": "griseocollis", "date": "2021-08-29", "julian_day": 241.0, "source": "UtahPP" }, "geometry": { "type": "Point", "coordinates": [ -111.824, 40.76739 ] } },
{ "type": "Feature", "properties": { "year": "2021", "month": "08", "day": "29", "Bombus species": "griseocollis", "date": "2021-08-29", "julian_day": 241.0, "source": "UtahPP" }, "geometry": { "type": "Point", "coordinates": [ -111.824, 40.76739 ] } },
{ "type": "Feature", "properties": { "year": "2021", "month": "08", "day": "29", "Bombus species": "griseocollis", "date": "2021-08-29", "julian_day": 241.0, "source": "UtahPP" }, "geometry": { "type": "Point", "coordinates": [ -111.824, 40.76739 ] } },
{ "type": "Feature", "properties": { "year": "2021", "month": "08", "day": "29", "Bombus species": "griseocollis", "date": "2021-08-29", "julian_day": 241.0, "source": "UtahPP" }, "geometry": { "type": "Point", "coordinates": [ -111.824, 40.76739 ] } },
{ "type": "Feature", "properties": { "year": "2021", "month": "08", "day": "29", "Bombus species": "griseocollis", "date": "2021-08-29", "julian_day": 241.0, "source": "UtahPP" }, "geometry": { "type": "Point", "coordinates": [ -111.824, 40.76739 ] } },
{ "type": "Feature", "properties": { "year": "2021", "month": "08", "day": "29", "Bombus species": "griseocollis", "date": "2021-08-29", "julian_day": 241.0, "source": "UtahPP" }, "geometry": { "type": "Point", "coordinates": [ -111.824, 40.76739 ] } },
{ "type": "Feature", "properties": { "year": "2021", "month": "08", "day": "29", "Bombus species": "griseocollis", "date": "2021-08-29", "julian_day": 241.0, "source": "UtahPP" }, "geometry": { "type": "Point", "coordinates": [ -111.824, 40.76739 ] } },
{ "type": "Feature", "properties": { "year": "2021", "month": "08", "day": "29", "Bombus species": "griseocollis", "date": "2021-08-29", "julian_day": 241.0, "source": "UtahPP" }, "geometry": { "type": "Point", "coordinates": [ -111.824, 40.76739 ] } },
{ "type": "Feature", "properties": { "year": "2021", "month": "08", "day": "29", "Bombus species": "griseocollis", "date": "2021-08-29", "julian_day": 241.0, "source": "UtahPP" }, "geometry": { "type": "Point", "coordinates": [ -111.824, 40.76739 ] } },
{ "type": "Feature", "properties": { "year": "2021", "month": "08", "day": "29", "Bombus species": "griseocollis", "date": "2021-08-29", "julian_day": 241.0, "source": "UtahPP" }, "geometry": { "type": "Point", "coordinates": [ -111.824, 40.76739 ] } },
{ "type": "Feature", "properties": { "year": "2021", "month": "08", "day": "29", "Bombus species": "griseocollis", "date": "2021-08-29", "julian_day": 241.0, "source": "UtahPP" }, "geometry": { "type": "Point", "coordinates": [ -111.824, 40.76739 ] } },
{ "type": "Feature", "properties": { "year": "2021", "month": "08", "day": "29", "Bombus species": "huntii", "date": "2021-08-29", "julian_day": 241.0, "source": "UtahPP" }, "geometry": { "type": "Point", "coordinates": [ -111.824, 40.76619 ] } },
{ "type": "Feature", "properties": { "year": "2021", "month": "08", "day": "29", "Bombus species": "huntii", "date": "2021-08-29", "julian_day": 241.0, "source": "UtahPP" }, "geometry": { "type": "Point", "coordinates": [ -111.824, 40.76619 ] } },
{ "type": "Feature", "properties": { "year": "2021", "month": "08", "day": "29", "Bombus species": "huntii", "date": "2021-08-29", "julian_day": 241.0, "source": "UtahPP" }, "geometry": { "type": "Point", "coordinates": [ -111.824, 40.76692 ] } },
{ "type": "Feature", "properties": { "year": "2021", "month": "08", "day": "29", "Bombus species": "huntii", "date": "2021-08-29", "julian_day": 241.0, "source": "UtahPP" }, "geometry": { "type": "Point", "coordinates": [ -111.824, 40.76692 ] } },
{ "type": "Feature", "properties": { "year": "2021", "month": "08", "day": "29", "Bombus species": "melanopygus", "date": "2021-08-29", "julian_day": 241.0, "source": "UtahPP" }, "geometry": { "type": "Point", "coordinates": [ -111.824, 40.76619 ] } },
{ "type": "Feature", "properties": { "year": "2021", "month": "08", "day": "29", "Bombus species": "nevadensis", "date": "2021-08-29", "julian_day": 241.0, "source": "UtahPP" }, "geometry": { "type": "Point", "coordinates": [ -111.824, 40.76739 ] } },
{ "type": "Feature", "properties": { "year": "2021", "month": "09", "day": "04", "Bombus species": "griseocollis", "date": "2021-09-04", "julian_day": 247.0, "source": "UtahPP" }, "geometry": { "type": "Point", "coordinates": [ -111.824, 40.76663 ] } },
{ "type": "Feature", "properties": { "year": "2021", "month": "09", "day": "04", "Bombus species": "griseocollis", "date": "2021-09-04", "julian_day": 247.0, "source": "UtahPP" }, "geometry": { "type": "Point", "coordinates": [ -111.824, 40.76675 ] } },
{ "type": "Feature", "properties": { "year": "2021", "month": "09", "day": "07", "Bombus species": "griseocollis", "date": "2021-09-07", "julian_day": 250.0, "source": "UtahPP" }, "geometry": { "type": "Point", "coordinates": [ -111.824, 40.76662 ] } },
{ "type": "Feature", "properties": { "year": "2021", "month": "09", "day": "07", "Bombus species": "griseocollis", "date": "2021-09-07", "julian_day": 250.0, "source": "UtahPP" }, "geometry": { "type": "Point", "coordinates": [ -111.824, 40.76683 ] } },
{ "type": "Feature", "properties": { "year": "2022", "month": "07", "day": "05", "Bombus species": "rufocinctus", "date": "2022-07-05", "julian_day": 186.0, "source": "UtahPP" }, "geometry": { "type": "Point", "coordinates": [ -111.8240507, 40.76682931 ] } },
{ "type": "Feature", "properties": { "year": "2023", "month": "06", "day": "01", "Bombus species": "nevadensis", "date": "2023-06-01", "julian_day": 152.0, "source": "UtahPP" }, "geometry": { "type": "Point", "coordinates": [ -111.824095, 40.766662 ] } },
{ "type": "Feature", "properties": { "year": "2020", "month": "09", "day": "06", "Bombus species": "griseocollis", "date": "2020-09-06", "julian_day": 250.0, "source": "UtahPP" }, "geometry": { "type": "Point", "coordinates": [ -111.8241229, 40.76668602 ] } },
{ "type": "Feature", "properties": { "year": "2023", "month": "08", "day": "05", "Bombus species": "griseocollis", "date": "2023-08-05", "julian_day": 217.0, "source": "UtahPP" }, "geometry": { "type": "Point", "coordinates": [ -111.8241247, 40.76637013 ] } },
{ "type": "Feature", "properties": { "year": "2020", "month": "09", "day": "06", "Bombus species": "griseocollis", "date": "2020-09-06", "julian_day": 250.0, "source": "UtahPP" }, "geometry": { "type": "Point", "coordinates": [ -111.8241385, 40.76666859 ] } },
{ "type": "Feature", "properties": { "year": "2020", "month": "06", "day": "16", "Bombus species": "flavifrons", "date": "2020-06-16", "julian_day": 168.0, "source": "UtahPP" }, "geometry": { "type": "Point", "coordinates": [ -111.8241487, 40.77988773 ] } },
{ "type": "Feature", "properties": { "year": "2020", "month": "09", "day": "06", "Bombus species": "griseocollis", "date": "2020-09-06", "julian_day": 250.0, "source": "UtahPP" }, "geometry": { "type": "Point", "coordinates": [ -111.824177, 40.76667697 ] } },
{ "type": "Feature", "properties": { "year": "2022", "month": "07", "day": "05", "Bombus species": "griseocollis", "date": "2022-07-05", "julian_day": 186.0, "source": "UtahPP" }, "geometry": { "type": "Point", "coordinates": [ -111.8247505, 40.76682123 ] } },
{ "type": "Feature", "properties": { "year": "2022", "month": "08", "day": "30", "Bombus species": "griseocollis", "date": "2022-08-30", "julian_day": 242.0, "source": "UtahPP" }, "geometry": { "type": "Point", "coordinates": [ -111.82476, 40.7628 ] } },
{ "type": "Feature", "properties": { "year": "2022", "month": "08", "day": "30", "Bombus species": "griseocollis", "date": "2022-08-30", "julian_day": 242.0, "source": "UtahPP" }, "geometry": { "type": "Point", "coordinates": [ -111.82476, 40.7628 ] } },
{ "type": "Feature", "properties": { "year": "2022", "month": "08", "day": "30", "Bombus species": "griseocollis", "date": "2022-08-30", "julian_day": 242.0, "source": "UtahPP" }, "geometry": { "type": "Point", "coordinates": [ -111.82476, 40.7628 ] } },
{ "type": "Feature", "properties": { "year": "2022", "month": "08", "day": "30", "Bombus species": "griseocollis", "date": "2022-08-30", "julian_day": 242.0, "source": "UtahPP" }, "geometry": { "type": "Point", "coordinates": [ -111.82476, 40.7628 ] } },
{ "type": "Feature", "properties": { "year": "2022", "month": "08", "day": "30", "Bombus species": "griseocollis", "date": "2022-08-30", "julian_day": 242.0, "source": "UtahPP" }, "geometry": { "type": "Point", "coordinates": [ -111.82476, 40.7628 ] } },
{ "type": "Feature", "properties": { "year": "2022", "month": "08", "day": "30", "Bombus species": "griseocollis", "date": "2022-08-30", "julian_day": 242.0, "source": "UtahPP" }, "geometry": { "type": "Point", "coordinates": [ -111.82476, 40.7628 ] } },
{ "type": "Feature", "properties": { "year": "2022", "month": "08", "day": "30", "Bombus species": "griseocollis", "date": "2022-08-30", "julian_day": 242.0, "source": "UtahPP" }, "geometry": { "type": "Point", "coordinates": [ -111.82476, 40.7628 ] } },
{ "type": "Feature", "properties": { "year": "2023", "month": "06", "day": "11", "Bombus species": "nevadensis", "date": "2023-06-11", "julian_day": 162.0, "source": "UtahPP" }, "geometry": { "type": "Point", "coordinates": [ -111.82476, 40.7628 ] } },
{ "type": "Feature", "properties": { "year": "2023", "month": "08", "day": "27", "Bombus species": "griseocollis", "date": "2023-08-27", "julian_day": 239.0, "source": "UtahPP" }, "geometry": { "type": "Point", "coordinates": [ -111.82476, 40.7628 ] } },
{ "type": "Feature", "properties": { "year": "2023", "month": "11", "day": "03", "Bombus species": "griseocollis", "date": "2023-11-03", "julian_day": 307.0, "source": "UtahPP" }, "geometry": { "type": "Point", "coordinates": [ -111.82476, 40.7628 ] } },
{ "type": "Feature", "properties": { "year": "2023", "month": "11", "day": "03", "Bombus species": "griseocollis", "date": "2023-11-03", "julian_day": 307.0, "source": "UtahPP" }, "geometry": { "type": "Point", "coordinates": [ -111.82476, 40.7628 ] } },
{ "type": "Feature", "properties": { "year": "2022", "month": "07", "day": "05", "Bombus species": "huntii", "date": "2022-07-05", "julian_day": 186.0, "source": "UtahPP" }, "geometry": { "type": "Point", "coordinates": [ -111.8247605, 40.76663259 ] } },
{ "type": "Feature", "properties": { "year": "2023", "month": "08", "day": "05", "Bombus species": "huntii", "date": "2023-08-05", "julian_day": 217.0, "source": "UtahPP" }, "geometry": { "type": "Point", "coordinates": [ -111.8247902, 40.76517994 ] } },
{ "type": "Feature", "properties": { "year": "2023", "month": "07", "day": "28", "Bombus species": "griseocollis", "date": "2023-07-28", "julian_day": 209.0, "source": "UtahPP" }, "geometry": { "type": "Point", "coordinates": [ -111.8249634, 40.74893085 ] } },
{ "type": "Feature", "properties": { "year": "2022", "month": "08", "day": "06", "Bombus species": "fervidus", "date": "2022-08-06", "julian_day": 218.0, "source": "UtahPP" }, "geometry": { "type": "Point", "coordinates": [ -111.824988, 40.748839 ] } },
{ "type": "Feature", "properties": { "year": "2023", "month": "04", "day": "28", "Bombus species": "huntii", "date": "2023-04-28", "julian_day": 118.0, "source": "UtahPP" }, "geometry": { "type": "Point", "coordinates": [ -111.824988, 40.748839 ] } },
{ "type": "Feature", "properties": { "year": "2023", "month": "06", "day": "27", "Bombus species": "fervidus", "date": "2023-06-27", "julian_day": 178.0, "source": "UtahPP" }, "geometry": { "type": "Point", "coordinates": [ -111.824988, 40.748839 ] } },
{ "type": "Feature", "properties": { "year": "2021", "month": "06", "day": "30", "Bombus species": "appositus", "date": "2021-06-30", "julian_day": 181.0, "source": "UtahPP" }, "geometry": { "type": "Point", "coordinates": [ -111.825, 40.7628 ] } },
{ "type": "Feature", "properties": { "year": "2021", "month": "06", "day": "30", "Bombus species": "centralis", "date": "2021-06-30", "julian_day": 181.0, "source": "UtahPP" }, "geometry": { "type": "Point", "coordinates": [ -111.825, 40.7628 ] } },
{ "type": "Feature", "properties": { "year": "2021", "month": "06", "day": "30", "Bombus species": "fervidus", "date": "2021-06-30", "julian_day": 181.0, "source": "UtahPP" }, "geometry": { "type": "Point", "coordinates": [ -111.825, 40.7628 ] } },
{ "type": "Feature", "properties": { "year": "2021", "month": "06", "day": "30", "Bombus species": "fervidus", "date": "2021-06-30", "julian_day": 181.0, "source": "UtahPP" }, "geometry": { "type": "Point", "coordinates": [ -111.825, 40.7628 ] } },
{ "type": "Feature", "properties": { "year": "2021", "month": "06", "day": "30", "Bombus species": "fervidus", "date": "2021-06-30", "julian_day": 181.0, "source": "UtahPP" }, "geometry": { "type": "Point", "coordinates": [ -111.825, 40.7628 ] } },
{ "type": "Feature", "properties": { "year": "2021", "month": "06", "day": "30", "Bombus species": "fervidus", "date": "2021-06-30", "julian_day": 181.0, "source": "UtahPP" }, "geometry": { "type": "Point", "coordinates": [ -111.825, 40.7628 ] } },
{ "type": "Feature", "properties": { "year": "2021", "month": "06", "day": "30", "Bombus species": "griseocollis", "date": "2021-06-30", "julian_day": 181.0, "source": "UtahPP" }, "geometry": { "type": "Point", "coordinates": [ -111.825, 40.7628 ] } },
{ "type": "Feature", "properties": { "year": "2021", "month": "06", "day": "30", "Bombus species": "griseocollis", "date": "2021-06-30", "julian_day": 181.0, "source": "UtahPP" }, "geometry": { "type": "Point", "coordinates": [ -111.825, 40.7628 ] } },
{ "type": "Feature", "properties": { "year": "2021", "month": "06", "day": "30", "Bombus species": "huntii", "date": "2021-06-30", "julian_day": 181.0, "source": "UtahPP" }, "geometry": { "type": "Point", "coordinates": [ -111.825, 40.7628 ] } },
{ "type": "Feature", "properties": { "year": "2021", "month": "06", "day": "30", "Bombus species": "morrisoni", "date": "2021-06-30", "julian_day": 181.0, "source": "UtahPP" }, "geometry": { "type": "Point", "coordinates": [ -111.825, 40.7628 ] } },
{ "type": "Feature", "properties": { "year": "2021", "month": "06", "day": "30", "Bombus species": "morrisoni", "date": "2021-06-30", "julian_day": 181.0, "source": "UtahPP" }, "geometry": { "type": "Point", "coordinates": [ -111.825, 40.7628 ] } },
{ "type": "Feature", "properties": { "year": "2021", "month": "06", "day": "30", "Bombus species": "morrisoni", "date": "2021-06-30", "julian_day": 181.0, "source": "UtahPP" }, "geometry": { "type": "Point", "coordinates": [ -111.825, 40.7628 ] } },
{ "type": "Feature", "properties": { "year": "2021", "month": "06", "day": "30", "Bombus species": "rufocinctus", "date": "2021-06-30", "julian_day": 181.0, "source": "UtahPP" }, "geometry": { "type": "Point", "coordinates": [ -111.825, 40.7628 ] } },
{ "type": "Feature", "properties": { "year": "2021", "month": "06", "day": "30", "Bombus species": "rufocinctus", "date": "2021-06-30", "julian_day": 181.0, "source": "UtahPP" }, "geometry": { "type": "Point", "coordinates": [ -111.825, 40.7628 ] } },
{ "type": "Feature", "properties": { "year": "2021", "month": "06", "day": "30", "Bombus species": "rufocinctus", "date": "2021-06-30", "julian_day": 181.0, "source": "UtahPP" }, "geometry": { "type": "Point", "coordinates": [ -111.825, 40.7628 ] } },
{ "type": "Feature", "properties": { "year": "2021", "month": "06", "day": "30", "Bombus species": "rufocinctus", "date": "2021-06-30", "julian_day": 181.0, "source": "UtahPP" }, "geometry": { "type": "Point", "coordinates": [ -111.825, 40.7628 ] } },
{ "type": "Feature", "properties": { "year": "2021", "month": "08", "day": "29", "Bombus species": "appositus", "date": "2021-08-29", "julian_day": 241.0, "source": "UtahPP" }, "geometry": { "type": "Point", "coordinates": [ -111.825, 40.76646 ] } },
{ "type": "Feature", "properties": { "year": "2021", "month": "08", "day": "29", "Bombus species": "griseocollis", "date": "2021-08-29", "julian_day": 241.0, "source": "UtahPP" }, "geometry": { "type": "Point", "coordinates": [ -111.825, 40.76646 ] } },
{ "type": "Feature", "properties": { "year": "2021", "month": "08", "day": "29", "Bombus species": "griseocollis", "date": "2021-08-29", "julian_day": 241.0, "source": "UtahPP" }, "geometry": { "type": "Point", "coordinates": [ -111.825, 40.76646 ] } },
{ "type": "Feature", "properties": { "year": "2021", "month": "08", "day": "29", "Bombus species": "griseocollis", "date": "2021-08-29", "julian_day": 241.0, "source": "UtahPP" }, "geometry": { "type": "Point", "coordinates": [ -111.825, 40.76646 ] } },
{ "type": "Feature", "properties": { "year": "2021", "month": "08", "day": "29", "Bombus species": "huntii", "date": "2021-08-29", "julian_day": 241.0, "source": "UtahPP" }, "geometry": { "type": "Point", "coordinates": [ -111.825, 40.76646 ] } },
{ "type": "Feature", "properties": { "year": "2023", "month": "07", "day": "28", "Bombus species": "griseocollis", "date": "2023-07-28", "julian_day": 209.0, "source": "UtahPP" }, "geometry": { "type": "Point", "coordinates": [ -111.825003, 40.74893379 ] } },
{ "type": "Feature", "properties": { "year": "2020", "month": "06", "day": "09", "Bombus species": "nevadensis", "date": "2020-06-09", "julian_day": 161.0, "source": "UtahPP" }, "geometry": { "type": "Point", "coordinates": [ -111.8252886, 40.43173305 ] } },
{ "type": "Feature", "properties": { "year": "2022", "month": "03", "day": "26", "Bombus species": "huntii", "date": "2022-03-26", "julian_day": 85.0, "source": "UtahPP" }, "geometry": { "type": "Point", "coordinates": [ -111.8259946, 40.76665318 ] } },
{ "type": "Feature", "properties": { "year": "2023", "month": "08", "day": "13", "Bombus species": "griseocollis", "date": "2023-08-13", "julian_day": 225.0, "source": "UtahPP" }, "geometry": { "type": "Point", "coordinates": [ -111.826851, 40.76932687 ] } },
{ "type": "Feature", "properties": { "year": "2021", "month": "07", "day": "19", "Bombus species": "griseocollis", "date": "2021-07-19", "julian_day": 200.0, "source": "UtahPP" }, "geometry": { "type": "Point", "coordinates": [ -111.827, 40.75685 ] } },
{ "type": "Feature", "properties": { "year": "2021", "month": "07", "day": "19", "Bombus species": "griseocollis", "date": "2021-07-19", "julian_day": 200.0, "source": "UtahPP" }, "geometry": { "type": "Point", "coordinates": [ -111.827, 40.75686 ] } },
{ "type": "Feature", "properties": { "year": "2021", "month": "07", "day": "26", "Bombus species": "griseocollis", "date": "2021-07-26", "julian_day": 207.0, "source": "UtahPP" }, "geometry": { "type": "Point", "coordinates": [ -111.827, 40.75734 ] } },
{ "type": "Feature", "properties": { "year": "2021", "month": "07", "day": "26", "Bombus species": "griseocollis", "date": "2021-07-26", "julian_day": 207.0, "source": "UtahPP" }, "geometry": { "type": "Point", "coordinates": [ -111.827, 40.75735 ] } },
{ "type": "Feature", "properties": { "year": "2021", "month": "07", "day": "26", "Bombus species": "griseocollis", "date": "2021-07-26", "julian_day": 207.0, "source": "UtahPP" }, "geometry": { "type": "Point", "coordinates": [ -111.827, 40.75736 ] } },
{ "type": "Feature", "properties": { "year": "2021", "month": "07", "day": "26", "Bombus species": "griseocollis", "date": "2021-07-26", "julian_day": 207.0, "source": "UtahPP" }, "geometry": { "type": "Point", "coordinates": [ -111.827, 40.75736 ] } },
{ "type": "Feature", "properties": { "year": "2021", "month": "08", "day": "29", "Bombus species": "griseocollis", "date": "2021-08-29", "julian_day": 241.0, "source": "UtahPP" }, "geometry": { "type": "Point", "coordinates": [ -111.827, 40.76569 ] } },
{ "type": "Feature", "properties": { "year": "2021", "month": "07", "day": "06", "Bombus species": "centralis", "date": "2021-07-06", "julian_day": 187.0, "source": "UtahPP" }, "geometry": { "type": "Point", "coordinates": [ -111.827414, 37.920246 ] } },
{ "type": "Feature", "properties": { "year": "2021", "month": "08", "day": "01", "Bombus species": "appositus", "date": "2021-08-01", "julian_day": 213.0, "source": "UtahPP" }, "geometry": { "type": "Point", "coordinates": [ -111.827414, 37.920246 ] } },
{ "type": "Feature", "properties": { "year": "2021", "month": "08", "day": "01", "Bombus species": "flavifrons", "date": "2021-08-01", "julian_day": 213.0, "source": "UtahPP" }, "geometry": { "type": "Point", "coordinates": [ -111.827414, 37.920246 ] } },
{ "type": "Feature", "properties": { "year": "2021", "month": "08", "day": "03", "Bombus species": "appositus", "date": "2021-08-03", "julian_day": 215.0, "source": "UtahPP" }, "geometry": { "type": "Point", "coordinates": [ -111.827414, 37.920246 ] } },
{ "type": "Feature", "properties": { "year": "2021", "month": "08", "day": "03", "Bombus species": "fervidus", "date": "2021-08-03", "julian_day": 215.0, "source": "UtahPP" }, "geometry": { "type": "Point", "coordinates": [ -111.827414, 37.920246 ] } },
{ "type": "Feature", "properties": { "year": "2021", "month": "08", "day": "03", "Bombus species": "flavifrons", "date": "2021-08-03", "julian_day": 215.0, "source": "UtahPP" }, "geometry": { "type": "Point", "coordinates": [ -111.8274414, 37.920246 ] } },
{ "type": "Feature", "properties": { "year": "2020", "month": "09", "day": "05", "Bombus species": "griseocollis", "date": "2020-09-05", "julian_day": 249.0, "source": "UtahPP" }, "geometry": { "type": "Point", "coordinates": [ -111.8275472, 40.67131183 ] } },
{ "type": "Feature", "properties": { "year": "2022", "month": "08", "day": "06", "Bombus species": "nevadensis", "date": "2022-08-06", "julian_day": 218.0, "source": "UtahPP" }, "geometry": { "type": "Point", "coordinates": [ -111.82793, 37.92136 ] } },
{ "type": "Feature", "properties": { "year": "2021", "month": "08", "day": "29", "Bombus species": "huntii", "date": "2021-08-29", "julian_day": 241.0, "source": "UtahPP" }, "geometry": { "type": "Point", "coordinates": [ -111.828, 40.7656 ] } },
{ "type": "Feature", "properties": { "year": "2023", "month": "07", "day": "23", "Bombus species": "griseocollis", "date": "2023-07-23", "julian_day": 204.0, "source": "UtahPP" }, "geometry": { "type": "Point", "coordinates": [ -111.8286007, 40.77006875 ] } },
{ "type": "Feature", "properties": { "year": "2022", "month": "06", "day": "16", "Bombus species": "griseocollis", "date": "2022-06-16", "julian_day": 167.0, "source": "UtahPP" }, "geometry": { "type": "Point", "coordinates": [ -111.8293349, 40.71306327 ] } },
{ "type": "Feature", "properties": { "year": "2023", "month": "07", "day": "29", "Bombus species": "griseocollis", "date": "2023-07-29", "julian_day": 210.0, "source": "UtahPP" }, "geometry": { "type": "Point", "coordinates": [ -111.8294277, 40.71309754 ] } },
{ "type": "Feature", "properties": { "year": "2021", "month": "05", "day": "24", "Bombus species": "nevadensis", "date": "2021-05-24", "julian_day": 144.0, "source": "UtahPP" }, "geometry": { "type": "Point", "coordinates": [ -111.8297588, 40.49006145 ] } },
{ "type": "Feature", "properties": { "year": "2023", "month": "04", "day": "26", "Bombus species": "huntii", "date": "2023-04-26", "julian_day": 116.0, "source": "UtahPP" }, "geometry": { "type": "Point", "coordinates": [ -111.8298465, 40.57013001 ] } },
{ "type": "Feature", "properties": { "year": "2020", "month": "09", "day": "01", "Bombus species": "griseocollis", "date": "2020-09-01", "julian_day": 245.0, "source": "UtahPP" }, "geometry": { "type": "Point", "coordinates": [ -111.8307062, 40.67349996 ] } },
{ "type": "Feature", "properties": { "year": "2022", "month": "09", "day": "12", "Bombus species": "griseocollis", "date": "2022-09-12", "julian_day": 255.0, "source": "UtahPP" }, "geometry": { "type": "Point", "coordinates": [ -111.8309538, 40.73557312 ] } },
{ "type": "Feature", "properties": { "year": "2020", "month": "09", "day": "01", "Bombus species": "griseocollis", "date": "2020-09-01", "julian_day": 245.0, "source": "UtahPP" }, "geometry": { "type": "Point", "coordinates": [ -111.8317784, 40.67111825 ] } },
{ "type": "Feature", "properties": { "year": "2021", "month": "08", "day": "17", "Bombus species": "griseocollis", "date": "2021-08-17", "julian_day": 229.0, "source": "UtahPP" }, "geometry": { "type": "Point", "coordinates": [ -111.832, 40.71106 ] } },
{ "type": "Feature", "properties": { "year": "2021", "month": "08", "day": "22", "Bombus species": "melanopygus", "date": "2021-08-22", "julian_day": 234.0, "source": "UtahPP" }, "geometry": { "type": "Point", "coordinates": [ -111.832, 40.71103 ] } },
{ "type": "Feature", "properties": { "year": "2023", "month": "04", "day": "29", "Bombus species": "huntii", "date": "2023-04-29", "julian_day": 119.0, "source": "UtahPP" }, "geometry": { "type": "Point", "coordinates": [ -111.8337107, 41.68645825 ] } },
{ "type": "Feature", "properties": { "year": "2022", "month": "08", "day": "23", "Bombus species": "huntii", "date": "2022-08-23", "julian_day": 235.0, "source": "UtahPP" }, "geometry": { "type": "Point", "coordinates": [ -111.8337663, 41.76315228 ] } },
{ "type": "Feature", "properties": { "year": "2020", "month": "09", "day": "16", "Bombus species": "griseocollis", "date": "2020-09-16", "julian_day": 260.0, "source": "UtahPP" }, "geometry": { "type": "Point", "coordinates": [ -111.8339644, 40.69640184 ] } },
{ "type": "Feature", "properties": { "year": "2021", "month": "07", "day": "21", "Bombus species": "huntii", "date": "2021-07-21", "julian_day": 202.0, "source": "UtahPP" }, "geometry": { "type": "Point", "coordinates": [ -111.834, 40.71486 ] } },
{ "type": "Feature", "properties": { "year": "2021", "month": "08", "day": "29", "Bombus species": "griseocollis", "date": "2021-08-29", "julian_day": 241.0, "source": "UtahPP" }, "geometry": { "type": "Point", "coordinates": [ -111.835, 40.76339 ] } },
{ "type": "Feature", "properties": { "year": "2023", "month": "08", "day": "07", "Bombus species": "griseocollis", "date": "2023-08-07", "julian_day": 219.0, "source": "UtahPP" }, "geometry": { "type": "Point", "coordinates": [ -111.8352346, 40.77475478 ] } },
{ "type": "Feature", "properties": { "year": "2020", "month": "09", "day": "02", "Bombus species": "huntii", "date": "2020-09-02", "julian_day": 246.0, "source": "UtahPP" }, "geometry": { "type": "Point", "coordinates": [ -111.8364972, 40.69757841 ] } },
{ "type": "Feature", "properties": { "year": "2021", "month": "09", "day": "01", "Bombus species": "huntii", "date": "2021-09-01", "julian_day": 244.0, "source": "UtahPP" }, "geometry": { "type": "Point", "coordinates": [ -111.837, 40.74242 ] } },
{ "type": "Feature", "properties": { "year": "2020", "month": "08", "day": "28", "Bombus species": "huntii", "date": "2020-08-28", "julian_day": 241.0, "source": "UtahPP" }, "geometry": { "type": "Point", "coordinates": [ -111.8378099, 40.69696204 ] } },
{ "type": "Feature", "properties": { "year": "2020", "month": "09", "day": "02", "Bombus species": "nevadensis", "date": "2020-09-02", "julian_day": 246.0, "source": "UtahPP" }, "geometry": { "type": "Point", "coordinates": [ -111.8378457, 40.69701275 ] } },
{ "type": "Feature", "properties": { "year": "2020", "month": "09", "day": "07", "Bombus species": "rufocinctus", "date": "2020-09-07", "julian_day": 251.0, "source": "UtahPP" }, "geometry": { "type": "Point", "coordinates": [ -111.8378622, 40.69698438 ] } },
{ "type": "Feature", "properties": { "year": "2023", "month": "08", "day": "05", "Bombus species": "nevadensis", "date": "2023-08-05", "julian_day": 217.0, "source": "UtahPP" }, "geometry": { "type": "Point", "coordinates": [ -111.839292, 40.501206 ] } },
{ "type": "Feature", "properties": { "year": "2023", "month": "06", "day": "24", "Bombus species": "fervidus", "date": "2023-06-24", "julian_day": 175.0, "source": "UtahPP" }, "geometry": { "type": "Point", "coordinates": [ -111.8397955, 40.73478265 ] } },
{ "type": "Feature", "properties": { "year": "2021", "month": "06", "day": "17", "Bombus species": "huntii", "date": "2021-06-17", "julian_day": 168.0, "source": "UtahPP" }, "geometry": { "type": "Point", "coordinates": [ -111.840698, 40.495597 ] } },
{ "type": "Feature", "properties": { "year": "2020", "month": "06", "day": "26", "Bombus species": "nevadensis", "date": "2020-06-26", "julian_day": 178.0, "source": "UtahPP" }, "geometry": { "type": "Point", "coordinates": [ -111.8414505, 41.04500761 ] } },
{ "type": "Feature", "properties": { "year": "2021", "month": "09", "day": "01", "Bombus species": "huntii", "date": "2021-09-01", "julian_day": 244.0, "source": "UtahPP" }, "geometry": { "type": "Point", "coordinates": [ -111.842, 40.74997 ] } },
{ "type": "Feature", "properties": { "year": "2021", "month": "08", "day": "12", "Bombus species": "huntii", "date": "2021-08-12", "julian_day": 224.0, "source": "UtahPP" }, "geometry": { "type": "Point", "coordinates": [ -111.843, 40.76951 ] } },
{ "type": "Feature", "properties": { "year": "2023", "month": "06", "day": "11", "Bombus species": "griseocollis", "date": "2023-06-11", "julian_day": 162.0, "source": "UtahPP" }, "geometry": { "type": "Point", "coordinates": [ -111.8450819, 40.77549575 ] } },
{ "type": "Feature", "properties": { "year": "2023", "month": "05", "day": "19", "Bombus species": "huntii", "date": "2023-05-19", "julian_day": 139.0, "source": "UtahPP" }, "geometry": { "type": "Point", "coordinates": [ -111.8473674, 37.69069403 ] } },
{ "type": "Feature", "properties": { "year": "2023", "month": "07", "day": "12", "Bombus species": "nevadensis", "date": "2023-07-12", "julian_day": 193.0, "source": "UtahPP" }, "geometry": { "type": "Point", "coordinates": [ -111.8475491, 40.67173712 ] } },
{ "type": "Feature", "properties": { "year": "2021", "month": "09", "day": "01", "Bombus species": "huntii", "date": "2021-09-01", "julian_day": 244.0, "source": "UtahPP" }, "geometry": { "type": "Point", "coordinates": [ -111.848, 40.74986 ] } },
{ "type": "Feature", "properties": { "year": "2022", "month": "07", "day": "18", "Bombus species": "fervidus", "date": "2022-07-18", "julian_day": 199.0, "source": "UtahPP" }, "geometry": { "type": "Point", "coordinates": [ -111.8481882, 40.5642509 ] } },
{ "type": "Feature", "properties": { "year": "2022", "month": "08", "day": "02", "Bombus species": "huntii", "date": "2022-08-02", "julian_day": 214.0, "source": "UtahPP" }, "geometry": { "type": "Point", "coordinates": [ -111.8482085, 40.74691839 ] } },
{ "type": "Feature", "properties": { "year": "2022", "month": "08", "day": "12", "Bombus species": "huntii", "date": "2022-08-12", "julian_day": 224.0, "source": "UtahPP" }, "geometry": { "type": "Point", "coordinates": [ -111.848218, 40.5642542 ] } },
{ "type": "Feature", "properties": { "year": "2022", "month": "08", "day": "12", "Bombus species": "huntii", "date": "2022-08-12", "julian_day": 224.0, "source": "UtahPP" }, "geometry": { "type": "Point", "coordinates": [ -111.848218, 40.5642542 ] } },
{ "type": "Feature", "properties": { "year": "2022", "month": "07", "day": "18", "Bombus species": "huntii", "date": "2022-07-18", "julian_day": 199.0, "source": "UtahPP" }, "geometry": { "type": "Point", "coordinates": [ -111.84822, 40.5640237 ] } },
{ "type": "Feature", "properties": { "year": "2022", "month": "07", "day": "18", "Bombus species": "huntii", "date": "2022-07-18", "julian_day": 199.0, "source": "UtahPP" }, "geometry": { "type": "Point", "coordinates": [ -111.8482288, 40.5640174 ] } },
{ "type": "Feature", "properties": { "year": "2022", "month": "07", "day": "19", "Bombus species": "griseocollis", "date": "2022-07-19", "julian_day": 200.0, "source": "UtahPP" }, "geometry": { "type": "Point", "coordinates": [ -111.8483232, 40.5642643 ] } },
{ "type": "Feature", "properties": { "year": "2022", "month": "07", "day": "20", "Bombus species": "huntii", "date": "2022-07-20", "julian_day": 201.0, "source": "UtahPP" }, "geometry": { "type": "Point", "coordinates": [ -111.8484791, 40.60175299 ] } },
{ "type": "Feature", "properties": { "year": "2022", "month": "07", "day": "01", "Bombus species": "fervidus", "date": "2022-07-01", "julian_day": 182.0, "source": "UtahPP" }, "geometry": { "type": "Point", "coordinates": [ -111.8484953, 40.60175155 ] } },
{ "type": "Feature", "properties": { "year": "2022", "month": "10", "day": "10", "Bombus species": "morrisoni", "date": "2022-10-10", "julian_day": 283.0, "source": "UtahPP" }, "geometry": { "type": "Point", "coordinates": [ -111.8485124, 40.60178705 ] } },
{ "type": "Feature", "properties": { "year": "2022", "month": "06", "day": "21", "Bombus species": "griseocollis", "date": "2022-06-21", "julian_day": 172.0, "source": "UtahPP" }, "geometry": { "type": "Point", "coordinates": [ -111.848516, 40.56369739 ] } },
{ "type": "Feature", "properties": { "year": "2022", "month": "06", "day": "21", "Bombus species": "griseocollis", "date": "2022-06-21", "julian_day": 172.0, "source": "UtahPP" }, "geometry": { "type": "Point", "coordinates": [ -111.848516, 40.56369739 ] } },
{ "type": "Feature", "properties": { "year": "2022", "month": "07", "day": "08", "Bombus species": "huntii", "date": "2022-07-08", "julian_day": 189.0, "source": "UtahPP" }, "geometry": { "type": "Point", "coordinates": [ -111.8485423, 40.60163335 ] } },
{ "type": "Feature", "properties": { "year": "2022", "month": "06", "day": "20", "Bombus species": "huntii", "date": "2022-06-20", "julian_day": 171.0, "source": "UtahPP" }, "geometry": { "type": "Point", "coordinates": [ -111.8485727, 40.60166687 ] } },
{ "type": "Feature", "properties": { "year": "2022", "month": "07", "day": "15", "Bombus species": "huntii", "date": "2022-07-15", "julian_day": 196.0, "source": "UtahPP" }, "geometry": { "type": "Point", "coordinates": [ -111.848591, 40.60159111 ] } },
{ "type": "Feature", "properties": { "year": "2022", "month": "07", "day": "25", "Bombus species": "huntii", "date": "2022-07-25", "julian_day": 206.0, "source": "UtahPP" }, "geometry": { "type": "Point", "coordinates": [ -111.8486444, 40.66368058 ] } },
{ "type": "Feature", "properties": { "year": "2022", "month": "10", "day": "05", "Bombus species": "griseocollis", "date": "2022-10-05", "julian_day": 278.0, "source": "UtahPP" }, "geometry": { "type": "Point", "coordinates": [ -111.8486659, 40.60158218 ] } },
{ "type": "Feature", "properties": { "year": "2022", "month": "09", "day": "22", "Bombus species": "huntii", "date": "2022-09-22", "julian_day": 265.0, "source": "UtahPP" }, "geometry": { "type": "Point", "coordinates": [ -111.8486679, 40.60168291 ] } },
{ "type": "Feature", "properties": { "year": "2023", "month": "08", "day": "18", "Bombus species": "griseocollis", "date": "2023-08-18", "julian_day": 230.0, "source": "UtahPP" }, "geometry": { "type": "Point", "coordinates": [ -111.848708, 40.74829163 ] } },
{ "type": "Feature", "properties": { "year": "2022", "month": "07", "day": "01", "Bombus species": "griseocollis", "date": "2022-07-01", "julian_day": 182.0, "source": "UtahPP" }, "geometry": { "type": "Point", "coordinates": [ -111.84874, 40.56372384 ] } },
{ "type": "Feature", "properties": { "year": "2023", "month": "07", "day": "12", "Bombus species": "huntii", "date": "2023-07-12", "julian_day": 193.0, "source": "UtahPP" }, "geometry": { "type": "Point", "coordinates": [ -111.8487488, 40.66376832 ] } },
{ "type": "Feature", "properties": { "year": "2022", "month": "07", "day": "01", "Bombus species": "griseocollis", "date": "2022-07-01", "julian_day": 182.0, "source": "UtahPP" }, "geometry": { "type": "Point", "coordinates": [ -111.8487574, 40.56371212 ] } },
{ "type": "Feature", "properties": { "year": "2023", "month": "08", "day": "18", "Bombus species": "griseocollis", "date": "2023-08-18", "julian_day": 230.0, "source": "UtahPP" }, "geometry": { "type": "Point", "coordinates": [ -111.8487659, 40.74823274 ] } },
{ "type": "Feature", "properties": { "year": "2022", "month": "06", "day": "30", "Bombus species": "griseocollis", "date": "2022-06-30", "julian_day": 181.0, "source": "UtahPP" }, "geometry": { "type": "Point", "coordinates": [ -111.848821, 40.56372809 ] } },
{ "type": "Feature", "properties": { "year": "2022", "month": "07", "day": "21", "Bombus species": "griseocollis", "date": "2022-07-21", "julian_day": 202.0, "source": "UtahPP" }, "geometry": { "type": "Point", "coordinates": [ -111.8488788, 40.5639023 ] } },
{ "type": "Feature", "properties": { "year": "2023", "month": "08", "day": "18", "Bombus species": "griseocollis", "date": "2023-08-18", "julian_day": 230.0, "source": "UtahPP" }, "geometry": { "type": "Point", "coordinates": [ -111.8489028, 40.74825659 ] } },
{ "type": "Feature", "properties": { "year": "2023", "month": "08", "day": "18", "Bombus species": "griseocollis", "date": "2023-08-18", "julian_day": 230.0, "source": "UtahPP" }, "geometry": { "type": "Point", "coordinates": [ -111.8489171, 40.74825677 ] } },
{ "type": "Feature", "properties": { "year": "2022", "month": "07", "day": "27", "Bombus species": "griseocollis", "date": "2022-07-27", "julian_day": 208.0, "source": "UtahPP" }, "geometry": { "type": "Point", "coordinates": [ -111.8490994, 40.5639341 ] } },
{ "type": "Feature", "properties": { "year": "2023", "month": "08", "day": "08", "Bombus species": "griseocollis", "date": "2023-08-08", "julian_day": 220.0, "source": "UtahPP" }, "geometry": { "type": "Point", "coordinates": [ -111.8493351, 40.7472816 ] } },
{ "type": "Feature", "properties": { "year": "2023", "month": "08", "day": "08", "Bombus species": "huntii", "date": "2023-08-08", "julian_day": 220.0, "source": "UtahPP" }, "geometry": { "type": "Point", "coordinates": [ -111.8494063, 40.74732277 ] } },
{ "type": "Feature", "properties": { "year": "2023", "month": "05", "day": "29", "Bombus species": "huntii", "date": "2023-05-29", "julian_day": 149.0, "source": "UtahPP" }, "geometry": { "type": "Point", "coordinates": [ -111.8494182, 40.66136929 ] } },
{ "type": "Feature", "properties": { "year": "2023", "month": "07", "day": "22", "Bombus species": "griseocollis", "date": "2023-07-22", "julian_day": 203.0, "source": "UtahPP" }, "geometry": { "type": "Point", "coordinates": [ -111.8495447, 40.78357376 ] } },
{ "type": "Feature", "properties": { "year": "2022", "month": "07", "day": "27", "Bombus species": "huntii", "date": "2022-07-27", "julian_day": 208.0, "source": "UtahPP" }, "geometry": { "type": "Point", "coordinates": [ -111.8497481, 38.58489281 ] } },
{ "type": "Feature", "properties": { "year": "2022", "month": "08", "day": "03", "Bombus species": "vancouverensis/bifarius", "date": "2022-08-03", "julian_day": 215.0, "source": "UtahPP" }, "geometry": { "type": "Point", "coordinates": [ -111.8497569, 38.58486539 ] } },
{ "type": "Feature", "properties": { "year": "2022", "month": "07", "day": "27", "Bombus species": "huntii", "date": "2022-07-27", "julian_day": 208.0, "source": "UtahPP" }, "geometry": { "type": "Point", "coordinates": [ -111.8497706, 38.58488844 ] } },
{ "type": "Feature", "properties": { "year": "2022", "month": "07", "day": "27", "Bombus species": "huntii", "date": "2022-07-27", "julian_day": 208.0, "source": "UtahPP" }, "geometry": { "type": "Point", "coordinates": [ -111.849812, 38.58485005 ] } },
{ "type": "Feature", "properties": { "year": "2022", "month": "07", "day": "27", "Bombus species": "appositus", "date": "2022-07-27", "julian_day": 208.0, "source": "UtahPP" }, "geometry": { "type": "Point", "coordinates": [ -111.8498226, 38.58487462 ] } },
{ "type": "Feature", "properties": { "year": "2022", "month": "08", "day": "03", "Bombus species": "huntii", "date": "2022-08-03", "julian_day": 215.0, "source": "UtahPP" }, "geometry": { "type": "Point", "coordinates": [ -111.8499028, 38.58482434 ] } },
{ "type": "Feature", "properties": { "year": "2022", "month": "07", "day": "27", "Bombus species": "huntii", "date": "2022-07-27", "julian_day": 208.0, "source": "UtahPP" }, "geometry": { "type": "Point", "coordinates": [ -111.8499069, 38.5847688 ] } },
{ "type": "Feature", "properties": { "year": "2021", "month": "06", "day": "28", "Bombus species": "fervidus", "date": "2021-06-28", "julian_day": 179.0, "source": "UtahPP" }, "geometry": { "type": "Point", "coordinates": [ -111.85, 40.58738 ] } },
{ "type": "Feature", "properties": { "year": "2021", "month": "06", "day": "28", "Bombus species": "huntii", "date": "2021-06-28", "julian_day": 179.0, "source": "UtahPP" }, "geometry": { "type": "Point", "coordinates": [ -111.85, 40.58738 ] } },
{ "type": "Feature", "properties": { "year": "2021", "month": "08", "day": "29", "Bombus species": "nevadensis", "date": "2021-08-29", "julian_day": 241.0, "source": "UtahPP" }, "geometry": { "type": "Point", "coordinates": [ -111.85, 40.75687 ] } },
{ "type": "Feature", "properties": { "year": "2023", "month": "09", "day": "07", "Bombus species": "griseocollis", "date": "2023-09-07", "julian_day": 250.0, "source": "UtahPP" }, "geometry": { "type": "Point", "coordinates": [ -111.850007, 40.74644199 ] } },
{ "type": "Feature", "properties": { "year": "2021", "month": "06", "day": "06", "Bombus species": "centralis", "date": "2021-06-06", "julian_day": 157.0, "source": "UtahPP" }, "geometry": { "type": "Point", "coordinates": [ -111.8504419, 40.58728453 ] } },
{ "type": "Feature", "properties": { "year": "2021", "month": "06", "day": "06", "Bombus species": "griseocollis", "date": "2021-06-06", "julian_day": 157.0, "source": "UtahPP" }, "geometry": { "type": "Point", "coordinates": [ -111.8504515, 40.58713874 ] } },
{ "type": "Feature", "properties": { "year": "2023", "month": "08", "day": "16", "Bombus species": "griseocollis", "date": "2023-08-16", "julian_day": 228.0, "source": "UtahPP" }, "geometry": { "type": "Point", "coordinates": [ -111.8509755, 40.74646957 ] } },
{ "type": "Feature", "properties": { "year": "2023", "month": "10", "day": "07", "Bombus species": "huntii", "date": "2023-10-07", "julian_day": 280.0, "source": "UtahPP" }, "geometry": { "type": "Point", "coordinates": [ -111.8509877, 40.66458709 ] } },
{ "type": "Feature", "properties": { "year": "2021", "month": "07", "day": "24", "Bombus species": "centralis", "date": "2021-07-24", "julian_day": 205.0, "source": "UtahPP" }, "geometry": { "type": "Point", "coordinates": [ -111.8509885, 40.66466764 ] } },
{ "type": "Feature", "properties": { "year": "2023", "month": "07", "day": "12", "Bombus species": "griseocollis", "date": "2023-07-12", "julian_day": 193.0, "source": "UtahPP" }, "geometry": { "type": "Point", "coordinates": [ -111.8510488, 40.66454193 ] } },
{ "type": "Feature", "properties": { "year": "2023", "month": "07", "day": "11", "Bombus species": "fervidus", "date": "2023-07-11", "julian_day": 192.0, "source": "UtahPP" }, "geometry": { "type": "Point", "coordinates": [ -111.8510513, 40.66455773 ] } },
{ "type": "Feature", "properties": { "year": "2023", "month": "07", "day": "13", "Bombus species": "griseocollis", "date": "2023-07-13", "julian_day": 194.0, "source": "UtahPP" }, "geometry": { "type": "Point", "coordinates": [ -111.8510528, 40.66451924 ] } },
{ "type": "Feature", "properties": { "year": "2023", "month": "07", "day": "13", "Bombus species": "fervidus", "date": "2023-07-13", "julian_day": 194.0, "source": "UtahPP" }, "geometry": { "type": "Point", "coordinates": [ -111.851059, 40.66453187 ] } },
{ "type": "Feature", "properties": { "year": "2021", "month": "04", "day": "24", "Bombus species": "fervidus", "date": "2021-04-24", "julian_day": 114.0, "source": "UtahPP" }, "geometry": { "type": "Point", "coordinates": [ -111.8510707, 40.66458524 ] } },
{ "type": "Feature", "properties": { "year": "2023", "month": "08", "day": "16", "Bombus species": "griseocollis", "date": "2023-08-16", "julian_day": 228.0, "source": "UtahPP" }, "geometry": { "type": "Point", "coordinates": [ -111.8518806, 40.74735637 ] } },
{ "type": "Feature", "properties": { "year": "2021", "month": "09", "day": "04", "Bombus species": "huntii", "date": "2021-09-04", "julian_day": 247.0, "source": "UtahPP" }, "geometry": { "type": "Point", "coordinates": [ -111.852, 40.77236 ] } },
{ "type": "Feature", "properties": { "year": "2021", "month": "09", "day": "12", "Bombus species": "nevadensis", "date": "2021-09-12", "julian_day": 255.0, "source": "UtahPP" }, "geometry": { "type": "Point", "coordinates": [ -111.852, 40.77026 ] } },
{ "type": "Feature", "properties": { "year": "2023", "month": "08", "day": "16", "Bombus species": "huntii", "date": "2023-08-16", "julian_day": 228.0, "source": "UtahPP" }, "geometry": { "type": "Point", "coordinates": [ -111.8528395, 40.74971932 ] } },
{ "type": "Feature", "properties": { "year": "2020", "month": "08", "day": "23", "Bombus species": "huntii", "date": "2020-08-23", "julian_day": 236.0, "source": "UtahPP" }, "geometry": { "type": "Point", "coordinates": [ -111.8529034, 40.8068375 ] } },
{ "type": "Feature", "properties": { "year": "2023", "month": "08", "day": "18", "Bombus species": "huntii", "date": "2023-08-18", "julian_day": 230.0, "source": "UtahPP" }, "geometry": { "type": "Point", "coordinates": [ -111.8531288, 40.74839814 ] } },
{ "type": "Feature", "properties": { "year": "2023", "month": "08", "day": "24", "Bombus species": "griseocollis", "date": "2023-08-24", "julian_day": 236.0, "source": "UtahPP" }, "geometry": { "type": "Point", "coordinates": [ -111.8537136, 40.74982665 ] } },
{ "type": "Feature", "properties": { "year": "2023", "month": "08", "day": "10", "Bombus species": "griseocollis", "date": "2023-08-10", "julian_day": 222.0, "source": "UtahPP" }, "geometry": { "type": "Point", "coordinates": [ -111.8539401, 40.74388344 ] } },
{ "type": "Feature", "properties": { "year": "2021", "month": "07", "day": "27", "Bombus species": "griseocollis", "date": "2021-07-27", "julian_day": 208.0, "source": "UtahPP" }, "geometry": { "type": "Point", "coordinates": [ -111.854, 40.75433 ] } },
{ "type": "Feature", "properties": { "year": "2021", "month": "07", "day": "27", "Bombus species": "huntii", "date": "2021-07-27", "julian_day": 208.0, "source": "UtahPP" }, "geometry": { "type": "Point", "coordinates": [ -111.854, 40.75428 ] } },
{ "type": "Feature", "properties": { "year": "2021", "month": "07", "day": "27", "Bombus species": "huntii", "date": "2021-07-27", "julian_day": 208.0, "source": "UtahPP" }, "geometry": { "type": "Point", "coordinates": [ -111.854, 40.75429 ] } },
{ "type": "Feature", "properties": { "year": "2021", "month": "09", "day": "06", "Bombus species": "fervidus", "date": "2021-09-06", "julian_day": 249.0, "source": "UtahPP" }, "geometry": { "type": "Point", "coordinates": [ -111.854, 40.77168 ] } },
{ "type": "Feature", "properties": { "year": "2021", "month": "08", "day": "30", "Bombus species": "griseocollis", "date": "2021-08-30", "julian_day": 242.0, "source": "UtahPP" }, "geometry": { "type": "Point", "coordinates": [ -111.855, 40.78514 ] } },
{ "type": "Feature", "properties": { "year": "2021", "month": "08", "day": "30", "Bombus species": "huntii", "date": "2021-08-30", "julian_day": 242.0, "source": "UtahPP" }, "geometry": { "type": "Point", "coordinates": [ -111.855, 40.78489 ] } },
{ "type": "Feature", "properties": { "year": "2021", "month": "09", "day": "04", "Bombus species": "griseocollis", "date": "2021-09-04", "julian_day": 247.0, "source": "UtahPP" }, "geometry": { "type": "Point", "coordinates": [ -111.855, 40.77391 ] } },
{ "type": "Feature", "properties": { "year": "2021", "month": "06", "day": "06", "Bombus species": "griseocollis", "date": "2021-06-06", "julian_day": 157.0, "source": "UtahPP" }, "geometry": { "type": "Point", "coordinates": [ -111.8556165, 40.44244265 ] } },
{ "type": "Feature", "properties": { "year": "2021", "month": "06", "day": "27", "Bombus species": "nevadensis", "date": "2021-06-27", "julian_day": 178.0, "source": "UtahPP" }, "geometry": { "type": "Point", "coordinates": [ -111.856, 40.7545 ] } },
{ "type": "Feature", "properties": { "year": "2021", "month": "07", "day": "09", "Bombus species": "vancouverensis/bifarius", "date": "2021-07-09", "julian_day": 190.0, "source": "UtahPP" }, "geometry": { "type": "Point", "coordinates": [ -111.856, 40.75442 ] } },
{ "type": "Feature", "properties": { "year": "2021", "month": "08", "day": "01", "Bombus species": "sylvicola", "date": "2021-08-01", "julian_day": 213.0, "source": "UtahPP" }, "geometry": { "type": "Point", "coordinates": [ -111.856, 40.75445 ] } },
{ "type": "Feature", "properties": { "year": "2023", "month": "09", "day": "01", "Bombus species": "insularis", "date": "2023-09-01", "julian_day": 244.0, "source": "UtahPP" }, "geometry": { "type": "Point", "coordinates": [ -111.856829, 40.75581279 ] } },
{ "type": "Feature", "properties": { "year": "2023", "month": "08", "day": "08", "Bombus species": "griseocollis", "date": "2023-08-08", "julian_day": 220.0, "source": "UtahPP" }, "geometry": { "type": "Point", "coordinates": [ -111.8568982, 40.75378985 ] } },
{ "type": "Feature", "properties": { "year": "2023", "month": "09", "day": "01", "Bombus species": "huntii", "date": "2023-09-01", "julian_day": 244.0, "source": "UtahPP" }, "geometry": { "type": "Point", "coordinates": [ -111.8569359, 40.75584192 ] } },
{ "type": "Feature", "properties": { "year": "2023", "month": "08", "day": "18", "Bombus species": "huntii", "date": "2023-08-18", "julian_day": 230.0, "source": "UtahPP" }, "geometry": { "type": "Point", "coordinates": [ -111.8569369, 40.75582288 ] } },
{ "type": "Feature", "properties": { "year": "2023", "month": "06", "day": "19", "Bombus species": "fervidus", "date": "2023-06-19", "julian_day": 170.0, "source": "UtahPP" }, "geometry": { "type": "Point", "coordinates": [ -111.8569555, 40.6960341 ] } },
{ "type": "Feature", "properties": { "year": "2022", "month": "07", "day": "11", "Bombus species": "huntii", "date": "2022-07-11", "julian_day": 192.0, "source": "UtahPP" }, "geometry": { "type": "Point", "coordinates": [ -111.856959, 40.62402819 ] } },
{ "type": "Feature", "properties": { "year": "2023", "month": "08", "day": "18", "Bombus species": "griseocollis", "date": "2023-08-18", "julian_day": 230.0, "source": "UtahPP" }, "geometry": { "type": "Point", "coordinates": [ -111.856972, 40.75581256 ] } },
{ "type": "Feature", "properties": { "year": "2020", "month": "08", "day": "01", "Bombus species": "griseocollis", "date": "2020-08-01", "julian_day": 214.0, "source": "UtahPP" }, "geometry": { "type": "Point", "coordinates": [ -111.8569868, 40.74193587 ] } },
{ "type": "Feature", "properties": { "year": "2021", "month": "07", "day": "06", "Bombus species": "huntii", "date": "2021-07-06", "julian_day": 187.0, "source": "UtahPP" }, "geometry": { "type": "Point", "coordinates": [ -111.857, 40.69609 ] } },
{ "type": "Feature", "properties": { "year": "2021", "month": "07", "day": "08", "Bombus species": "griseocollis", "date": "2021-07-08", "julian_day": 189.0, "source": "UtahPP" }, "geometry": { "type": "Point", "coordinates": [ -111.857, 40.69609 ] } },
{ "type": "Feature", "properties": { "year": "2021", "month": "07", "day": "21", "Bombus species": "fervidus", "date": "2021-07-21", "julian_day": 202.0, "source": "UtahPP" }, "geometry": { "type": "Point", "coordinates": [ -111.857, 40.69609 ] } },
{ "type": "Feature", "properties": { "year": "2021", "month": "08", "day": "29", "Bombus species": "fervidus", "date": "2021-08-29", "julian_day": 241.0, "source": "UtahPP" }, "geometry": { "type": "Point", "coordinates": [ -111.857, 40.69606 ] } },
{ "type": "Feature", "properties": { "year": "2023", "month": "06", "day": "23", "Bombus species": "griseocollis", "date": "2023-06-23", "julian_day": 174.0, "source": "UtahPP" }, "geometry": { "type": "Point", "coordinates": [ -111.857, 41.691 ] } },
{ "type": "Feature", "properties": { "year": "2023", "month": "06", "day": "23", "Bombus species": "griseocollis", "date": "2023-06-23", "julian_day": 174.0, "source": "UtahPP" }, "geometry": { "type": "Point", "coordinates": [ -111.857, 41.691 ] } },
{ "type": "Feature", "properties": { "year": "2023", "month": "06", "day": "23", "Bombus species": "griseocollis", "date": "2023-06-23", "julian_day": 174.0, "source": "UtahPP" }, "geometry": { "type": "Point", "coordinates": [ -111.857, 41.691 ] } },
{ "type": "Feature", "properties": { "year": "2023", "month": "06", "day": "23", "Bombus species": "griseocollis", "date": "2023-06-23", "julian_day": 174.0, "source": "UtahPP" }, "geometry": { "type": "Point", "coordinates": [ -111.857, 41.691 ] } },
{ "type": "Feature", "properties": { "year": "2022", "month": "07", "day": "22", "Bombus species": "huntii", "date": "2022-07-22", "julian_day": 203.0, "source": "UtahPP" }, "geometry": { "type": "Point", "coordinates": [ -111.857045, 40.69626748 ] } },
{ "type": "Feature", "properties": { "year": "2022", "month": "07", "day": "22", "Bombus species": "huntii", "date": "2022-07-22", "julian_day": 203.0, "source": "UtahPP" }, "geometry": { "type": "Point", "coordinates": [ -111.8570462, 40.6962132 ] } },
{ "type": "Feature", "properties": { "year": "2022", "month": "07", "day": "22", "Bombus species": "melanopygus", "date": "2022-07-22", "julian_day": 203.0, "source": "UtahPP" }, "geometry": { "type": "Point", "coordinates": [ -111.8570494, 40.69622277 ] } },
{ "type": "Feature", "properties": { "year": "2022", "month": "07", "day": "22", "Bombus species": "vancouverensis/bifarius", "date": "2022-07-22", "julian_day": 203.0, "source": "UtahPP" }, "geometry": { "type": "Point", "coordinates": [ -111.8570498, 40.69628732 ] } },
{ "type": "Feature", "properties": { "year": "2023", "month": "07", "day": "04", "Bombus species": "griseocollis", "date": "2023-07-04", "julian_day": 185.0, "source": "UtahPP" }, "geometry": { "type": "Point", "coordinates": [ -111.8570499, 40.69592951 ] } },
{ "type": "Feature", "properties": { "year": "2023", "month": "06", "day": "28", "Bombus species": "fervidus", "date": "2023-06-28", "julian_day": 179.0, "source": "UtahPP" }, "geometry": { "type": "Point", "coordinates": [ -111.8570611, 40.69624626 ] } },
{ "type": "Feature", "properties": { "year": "2022", "month": "06", "day": "26", "Bombus species": "huntii", "date": "2022-06-26", "julian_day": 177.0, "source": "UtahPP" }, "geometry": { "type": "Point", "coordinates": [ -111.857068, 40.69594613 ] } },
{ "type": "Feature", "properties": { "year": "2023", "month": "07", "day": "07", "Bombus species": "vancouverensis/bifarius", "date": "2023-07-07", "julian_day": 188.0, "source": "UtahPP" }, "geometry": { "type": "Point", "coordinates": [ -111.8572071, 41.69390113 ] } },
{ "type": "Feature", "properties": { "year": "2020", "month": "05", "day": "25", "Bombus species": "fervidus", "date": "2020-05-25", "julian_day": 146.0, "source": "UtahPP" }, "geometry": { "type": "Point", "coordinates": [ -111.8574117, 40.63257089 ] } },
{ "type": "Feature", "properties": { "year": "2020", "month": "06", "day": "18", "Bombus species": "morrisoni", "date": "2020-06-18", "julian_day": 170.0, "source": "UtahPP" }, "geometry": { "type": "Point", "coordinates": [ -111.8576938, 41.72660672 ] } },
{ "type": "Feature", "properties": { "year": "2021", "month": "07", "day": "28", "Bombus species": "nevadensis", "date": "2021-07-28", "julian_day": 209.0, "source": "UtahPP" }, "geometry": { "type": "Point", "coordinates": [ -111.859, 40.75313 ] } },
{ "type": "Feature", "properties": { "year": "2021", "month": "08", "day": "28", "Bombus species": "fervidus", "date": "2021-08-28", "julian_day": 240.0, "source": "UtahPP" }, "geometry": { "type": "Point", "coordinates": [ -111.859, 40.73629 ] } },
{ "type": "Feature", "properties": { "year": "2021", "month": "08", "day": "28", "Bombus species": "fervidus", "date": "2021-08-28", "julian_day": 240.0, "source": "UtahPP" }, "geometry": { "type": "Point", "coordinates": [ -111.859, 40.7471 ] } },
{ "type": "Feature", "properties": { "year": "2021", "month": "08", "day": "30", "Bombus species": "griseocollis", "date": "2021-08-30", "julian_day": 242.0, "source": "UtahPP" }, "geometry": { "type": "Point", "coordinates": [ -111.859, 40.7884 ] } },
{ "type": "Feature", "properties": { "year": "2021", "month": "09", "day": "04", "Bombus species": "huntii", "date": "2021-09-04", "julian_day": 247.0, "source": "UtahPP" }, "geometry": { "type": "Point", "coordinates": [ -111.859, 40.77395 ] } },
{ "type": "Feature", "properties": { "year": "2023", "month": "08", "day": "11", "Bombus species": "griseocollis", "date": "2023-08-11", "julian_day": 223.0, "source": "UtahPP" }, "geometry": { "type": "Point", "coordinates": [ -111.8591357, 40.75497985 ] } },
{ "type": "Feature", "properties": { "year": "2023", "month": "08", "day": "03", "Bombus species": "griseocollis", "date": "2023-08-03", "julian_day": 215.0, "source": "UtahPP" }, "geometry": { "type": "Point", "coordinates": [ -111.859356, 40.75587246 ] } },
{ "type": "Feature", "properties": { "year": "2023", "month": "08", "day": "28", "Bombus species": "huntii", "date": "2023-08-28", "julian_day": 240.0, "source": "UtahPP" }, "geometry": { "type": "Point", "coordinates": [ -111.8593721, 40.75782686 ] } },
{ "type": "Feature", "properties": { "year": "2023", "month": "08", "day": "14", "Bombus species": "griseocollis", "date": "2023-08-14", "julian_day": 226.0, "source": "UtahPP" }, "geometry": { "type": "Point", "coordinates": [ -111.8593903, 40.75588099 ] } },
{ "type": "Feature", "properties": { "year": "2023", "month": "08", "day": "30", "Bombus species": "griseocollis", "date": "2023-08-30", "julian_day": 242.0, "source": "UtahPP" }, "geometry": { "type": "Point", "coordinates": [ -111.859405, 40.75496432 ] } },
{ "type": "Feature", "properties": { "year": "2023", "month": "08", "day": "28", "Bombus species": "griseocollis", "date": "2023-08-28", "julian_day": 240.0, "source": "UtahPP" }, "geometry": { "type": "Point", "coordinates": [ -111.8594102, 40.75793701 ] } },
{ "type": "Feature", "properties": { "year": "2023", "month": "09", "day": "10", "Bombus species": "griseocollis", "date": "2023-09-10", "julian_day": 253.0, "source": "UtahPP" }, "geometry": { "type": "Point", "coordinates": [ -111.859412, 40.75487353 ] } },
{ "type": "Feature", "properties": { "year": "2023", "month": "08", "day": "17", "Bombus species": "huntii", "date": "2023-08-17", "julian_day": 229.0, "source": "UtahPP" }, "geometry": { "type": "Point", "coordinates": [ -111.8594133, 40.76001543 ] } },
{ "type": "Feature", "properties": { "year": "2023", "month": "09", "day": "30", "Bombus species": "griseocollis", "date": "2023-09-30", "julian_day": 273.0, "source": "UtahPP" }, "geometry": { "type": "Point", "coordinates": [ -111.8594186, 40.75488198 ] } },
{ "type": "Feature", "properties": { "year": "2023", "month": "09", "day": "02", "Bombus species": "huntii", "date": "2023-09-02", "julian_day": 245.0, "source": "UtahPP" }, "geometry": { "type": "Point", "coordinates": [ -111.8594427, 40.75957592 ] } },
{ "type": "Feature", "properties": { "year": "2023", "month": "08", "day": "18", "Bombus species": "griseocollis", "date": "2023-08-18", "julian_day": 230.0, "source": "UtahPP" }, "geometry": { "type": "Point", "coordinates": [ -111.8594483, 40.75584308 ] } },
{ "type": "Feature", "properties": { "year": "2023", "month": "08", "day": "28", "Bombus species": "griseocollis", "date": "2023-08-28", "julian_day": 240.0, "source": "UtahPP" }, "geometry": { "type": "Point", "coordinates": [ -111.8594525, 40.75793019 ] } },
{ "type": "Feature", "properties": { "year": "2023", "month": "09", "day": "01", "Bombus species": "fervidus", "date": "2023-09-01", "julian_day": 244.0, "source": "UtahPP" }, "geometry": { "type": "Point", "coordinates": [ -111.8594569, 40.75579899 ] } },
{ "type": "Feature", "properties": { "year": "2023", "month": "08", "day": "14", "Bombus species": "huntii", "date": "2023-08-14", "julian_day": 226.0, "source": "UtahPP" }, "geometry": { "type": "Point", "coordinates": [ -111.8594629, 40.75579294 ] } },
{ "type": "Feature", "properties": { "year": "2023", "month": "08", "day": "17", "Bombus species": "griseocollis", "date": "2023-08-17", "julian_day": 229.0, "source": "UtahPP" }, "geometry": { "type": "Point", "coordinates": [ -111.8595724, 40.75799931 ] } },
{ "type": "Feature", "properties": { "year": "2023", "month": "09", "day": "02", "Bombus species": "griseocollis", "date": "2023-09-02", "julian_day": 245.0, "source": "UtahPP" }, "geometry": { "type": "Point", "coordinates": [ -111.8596177, 40.75796971 ] } },
{ "type": "Feature", "properties": { "year": "2023", "month": "08", "day": "28", "Bombus species": "griseocollis", "date": "2023-08-28", "julian_day": 240.0, "source": "UtahPP" }, "geometry": { "type": "Point", "coordinates": [ -111.8596364, 40.74634896 ] } },
{ "type": "Feature", "properties": { "year": "2023", "month": "08", "day": "15", "Bombus species": "griseocollis", "date": "2023-08-15", "julian_day": 227.0, "source": "UtahPP" }, "geometry": { "type": "Point", "coordinates": [ -111.8596522, 40.74638506 ] } },
{ "type": "Feature", "properties": { "year": "2023", "month": "08", "day": "15", "Bombus species": "griseocollis", "date": "2023-08-15", "julian_day": 227.0, "source": "UtahPP" }, "geometry": { "type": "Point", "coordinates": [ -111.8596568, 40.7464893 ] } },
{ "type": "Feature", "properties": { "year": "2023", "month": "08", "day": "28", "Bombus species": "huntii", "date": "2023-08-28", "julian_day": 240.0, "source": "UtahPP" }, "geometry": { "type": "Point", "coordinates": [ -111.8596594, 40.74643841 ] } },
{ "type": "Feature", "properties": { "year": "2023", "month": "08", "day": "15", "Bombus species": "griseocollis", "date": "2023-08-15", "julian_day": 227.0, "source": "UtahPP" }, "geometry": { "type": "Point", "coordinates": [ -111.8596919, 40.74590435 ] } },
{ "type": "Feature", "properties": { "year": "2021", "month": "06", "day": "20", "Bombus species": "rufocinctus", "date": "2021-06-20", "julian_day": 171.0, "source": "UtahPP" }, "geometry": { "type": "Point", "coordinates": [ -111.86, 40.58279 ] } },
{ "type": "Feature", "properties": { "year": "2021", "month": "07", "day": "11", "Bombus species": "fervidus", "date": "2021-07-11", "julian_day": 192.0, "source": "UtahPP" }, "geometry": { "type": "Point", "coordinates": [ -111.86, 41.24219 ] } },
{ "type": "Feature", "properties": { "year": "2021", "month": "07", "day": "16", "Bombus species": "huntii", "date": "2021-07-16", "julian_day": 197.0, "source": "UtahPP" }, "geometry": { "type": "Point", "coordinates": [ -111.86, 40.72189 ] } },
{ "type": "Feature", "properties": { "year": "2021", "month": "07", "day": "16", "Bombus species": "sylvicola", "date": "2021-07-16", "julian_day": 197.0, "source": "UtahPP" }, "geometry": { "type": "Point", "coordinates": [ -111.86, 40.72197 ] } },
{ "type": "Feature", "properties": { "year": "2021", "month": "07", "day": "28", "Bombus species": "huntii", "date": "2021-07-28", "julian_day": 209.0, "source": "UtahPP" }, "geometry": { "type": "Point", "coordinates": [ -111.86, 40.74442 ] } },
{ "type": "Feature", "properties": { "year": "2021", "month": "08", "day": "20", "Bombus species": "fervidus", "date": "2021-08-20", "julian_day": 232.0, "source": "UtahPP" }, "geometry": { "type": "Point", "coordinates": [ -111.86, 40.72182 ] } },
{ "type": "Feature", "properties": { "year": "2021", "month": "08", "day": "20", "Bombus species": "griseocollis", "date": "2021-08-20", "julian_day": 232.0, "source": "UtahPP" }, "geometry": { "type": "Point", "coordinates": [ -111.86, 40.72173 ] } },
{ "type": "Feature", "properties": { "year": "2023", "month": "07", "day": "10", "Bombus species": "griseocollis", "date": "2023-07-10", "julian_day": 191.0, "source": "UtahPP" }, "geometry": { "type": "Point", "coordinates": [ -111.8601124, 40.72101176 ] } },
{ "type": "Feature", "properties": { "year": "2023", "month": "06", "day": "30", "Bombus species": "griseocollis", "date": "2023-06-30", "julian_day": 181.0, "source": "UtahPP" }, "geometry": { "type": "Point", "coordinates": [ -111.8601743, 40.72092013 ] } },
{ "type": "Feature", "properties": { "year": "2023", "month": "06", "day": "30", "Bombus species": "griseocollis", "date": "2023-06-30", "julian_day": 181.0, "source": "UtahPP" }, "geometry": { "type": "Point", "coordinates": [ -111.8601856, 40.72101196 ] } },
{ "type": "Feature", "properties": { "year": "2023", "month": "06", "day": "26", "Bombus species": "griseocollis", "date": "2023-06-26", "julian_day": 177.0, "source": "UtahPP" }, "geometry": { "type": "Point", "coordinates": [ -111.8602413, 40.72094644 ] } },
{ "type": "Feature", "properties": { "year": "2021", "month": "05", "day": "11", "Bombus species": "morrisoni", "date": "2021-05-11", "julian_day": 131.0, "source": "UtahPP" }, "geometry": { "type": "Point", "coordinates": [ -111.8605426, 40.77317197 ] } },
{ "type": "Feature", "properties": { "year": "2022", "month": "08", "day": "10", "Bombus species": "huntii", "date": "2022-08-10", "julian_day": 222.0, "source": "UtahPP" }, "geometry": { "type": "Point", "coordinates": [ -111.8606645, 40.72168306 ] } },
{ "type": "Feature", "properties": { "year": "2020", "month": "06", "day": "02", "Bombus species": "appositus", "date": "2020-06-02", "julian_day": 154.0, "source": "UtahPP" }, "geometry": { "type": "Point", "coordinates": [ -111.8609028, 40.737798 ] } },
{ "type": "Feature", "properties": { "year": "2021", "month": "06", "day": "20", "Bombus species": "huntii", "date": "2021-06-20", "julian_day": 171.0, "source": "UtahPP" }, "geometry": { "type": "Point", "coordinates": [ -111.861, 40.58257 ] } },
{ "type": "Feature", "properties": { "year": "2021", "month": "06", "day": "27", "Bombus species": "centralis", "date": "2021-06-27", "julian_day": 178.0, "source": "UtahPP" }, "geometry": { "type": "Point", "coordinates": [ -111.861, 40.77372 ] } },
{ "type": "Feature", "properties": { "year": "2020", "month": "08", "day": "12", "Bombus species": "huntii", "date": "2020-08-12", "julian_day": 225.0, "source": "UtahPP" }, "geometry": { "type": "Point", "coordinates": [ -111.8611558, 40.73665192 ] } },
{ "type": "Feature", "properties": { "year": "2020", "month": "08", "day": "12", "Bombus species": "fervidus", "date": "2020-08-12", "julian_day": 225.0, "source": "UtahPP" }, "geometry": { "type": "Point", "coordinates": [ -111.8612985, 40.73659968 ] } },
{ "type": "Feature", "properties": { "year": "2020", "month": "06", "day": "13", "Bombus species": "huntii", "date": "2020-06-13", "julian_day": 165.0, "source": "UtahPP" }, "geometry": { "type": "Point", "coordinates": [ -111.8616514, 41.22721402 ] } },
{ "type": "Feature", "properties": { "year": "2021", "month": "07", "day": "11", "Bombus species": "vancouverensis/bifarius", "date": "2021-07-11", "julian_day": 192.0, "source": "UtahPP" }, "geometry": { "type": "Point", "coordinates": [ -111.863, 41.22025 ] } },
{ "type": "Feature", "properties": { "year": "2021", "month": "09", "day": "04", "Bombus species": "huntii", "date": "2021-09-04", "julian_day": 247.0, "source": "UtahPP" }, "geometry": { "type": "Point", "coordinates": [ -111.863, 40.76313 ] } },
{ "type": "Feature", "properties": { "year": "2022", "month": "07", "day": "06", "Bombus species": "fervidus", "date": "2022-07-06", "julian_day": 187.0, "source": "UtahPP" }, "geometry": { "type": "Point", "coordinates": [ -111.8633743, 40.69624711 ] } },
{ "type": "Feature", "properties": { "year": "2022", "month": "07", "day": "24", "Bombus species": "fervidus", "date": "2022-07-24", "julian_day": 205.0, "source": "UtahPP" }, "geometry": { "type": "Point", "coordinates": [ -111.8635471, 40.69630943 ] } },
{ "type": "Feature", "properties": { "year": "2022", "month": "07", "day": "10", "Bombus species": "melanopygus", "date": "2022-07-10", "julian_day": 191.0, "source": "UtahPP" }, "geometry": { "type": "Point", "coordinates": [ -111.8636042, 40.72726568 ] } },
{ "type": "Feature", "properties": { "year": "2022", "month": "07", "day": "20", "Bombus species": "huntii", "date": "2022-07-20", "julian_day": 201.0, "source": "UtahPP" }, "geometry": { "type": "Point", "coordinates": [ -111.8636185, 40.72702343 ] } },
{ "type": "Feature", "properties": { "year": "2022", "month": "07", "day": "06", "Bombus species": "fervidus", "date": "2022-07-06", "julian_day": 187.0, "source": "UtahPP" }, "geometry": { "type": "Point", "coordinates": [ -111.8636293, 40.72697559 ] } },
{ "type": "Feature", "properties": { "year": "2022", "month": "06", "day": "25", "Bombus species": "fervidus", "date": "2022-06-25", "julian_day": 176.0, "source": "UtahPP" }, "geometry": { "type": "Point", "coordinates": [ -111.8636349, 40.69630469 ] } },
{ "type": "Feature", "properties": { "year": "2022", "month": "04", "day": "04", "Bombus species": "griseocollis", "date": "2022-04-04", "julian_day": 94.0, "source": "UtahPP" }, "geometry": { "type": "Point", "coordinates": [ -111.8636351, 40.72724972 ] } },
{ "type": "Feature", "properties": { "year": "2022", "month": "08", "day": "01", "Bombus species": "huntii", "date": "2022-08-01", "julian_day": 213.0, "source": "UtahPP" }, "geometry": { "type": "Point", "coordinates": [ -111.8636513, 40.7270424 ] } },
{ "type": "Feature", "properties": { "year": "2022", "month": "07", "day": "07", "Bombus species": "fervidus", "date": "2022-07-07", "julian_day": 188.0, "source": "UtahPP" }, "geometry": { "type": "Point", "coordinates": [ -111.863659, 40.72704668 ] } },
{ "type": "Feature", "properties": { "year": "2021", "month": "05", "day": "31", "Bombus species": "fervidus", "date": "2021-05-31", "julian_day": 151.0, "source": "UtahPP" }, "geometry": { "type": "Point", "coordinates": [ -111.8636877, 40.7272596 ] } },
{ "type": "Feature", "properties": { "year": "2022", "month": "07", "day": "21", "Bombus species": "fervidus", "date": "2022-07-21", "julian_day": 202.0, "source": "UtahPP" }, "geometry": { "type": "Point", "coordinates": [ -111.8636898, 40.72702023 ] } },
{ "type": "Feature", "properties": { "year": "2023", "month": "05", "day": "07", "Bombus species": "vancouverensis/bifarius", "date": "2023-05-07", "julian_day": 127.0, "source": "UtahPP" }, "geometry": { "type": "Point", "coordinates": [ -111.863708, 40.72719792 ] } },
{ "type": "Feature", "properties": { "year": "2023", "month": "09", "day": "02", "Bombus species": "griseocollis", "date": "2023-09-02", "julian_day": 245.0, "source": "UtahPP" }, "geometry": { "type": "Point", "coordinates": [ -111.86371, 40.72717099 ] } },
{ "type": "Feature", "properties": { "year": "2023", "month": "09", "day": "05", "Bombus species": "griseocollis", "date": "2023-09-05", "julian_day": 248.0, "source": "UtahPP" }, "geometry": { "type": "Point", "coordinates": [ -111.86371, 40.72717099 ] } },
{ "type": "Feature", "properties": { "year": "2023", "month": "04", "day": "29", "Bombus species": "huntii", "date": "2023-04-29", "julian_day": 119.0, "source": "UtahPP" }, "geometry": { "type": "Point", "coordinates": [ -111.8637145, 40.72729275 ] } },
{ "type": "Feature", "properties": { "year": "2023", "month": "06", "day": "16", "Bombus species": "fervidus", "date": "2023-06-16", "julian_day": 167.0, "source": "UtahPP" }, "geometry": { "type": "Point", "coordinates": [ -111.8637448, 40.72728304 ] } },
{ "type": "Feature", "properties": { "year": "2022", "month": "07", "day": "11", "Bombus species": "fervidus", "date": "2022-07-11", "julian_day": 192.0, "source": "UtahPP" }, "geometry": { "type": "Point", "coordinates": [ -111.8637449, 40.72701887 ] } },
{ "type": "Feature", "properties": { "year": "2022", "month": "07", "day": "31", "Bombus species": "huntii", "date": "2022-07-31", "julian_day": 212.0, "source": "UtahPP" }, "geometry": { "type": "Point", "coordinates": [ -111.8637653, 40.72695209 ] } },
{ "type": "Feature", "properties": { "year": "2022", "month": "08", "day": "27", "Bombus species": "griseocollis", "date": "2022-08-27", "julian_day": 239.0, "source": "UtahPP" }, "geometry": { "type": "Point", "coordinates": [ -111.8637803, 40.72698242 ] } },
{ "type": "Feature", "properties": { "year": "2022", "month": "08", "day": "15", "Bombus species": "griseocollis", "date": "2022-08-15", "julian_day": 227.0, "source": "UtahPP" }, "geometry": { "type": "Point", "coordinates": [ -111.8637961, 40.72717116 ] } },
{ "type": "Feature", "properties": { "year": "2023", "month": "09", "day": "25", "Bombus species": "nevadensis", "date": "2023-09-25", "julian_day": 268.0, "source": "UtahPP" }, "geometry": { "type": "Point", "coordinates": [ -111.8637993, 40.72721907 ] } },
{ "type": "Feature", "properties": { "year": "2022", "month": "07", "day": "31", "Bombus species": "griseocollis", "date": "2022-07-31", "julian_day": 212.0, "source": "UtahPP" }, "geometry": { "type": "Point", "coordinates": [ -111.8638113, 40.7269915 ] } },
{ "type": "Feature", "properties": { "year": "2022", "month": "07", "day": "26", "Bombus species": "griseocollis", "date": "2022-07-26", "julian_day": 207.0, "source": "UtahPP" }, "geometry": { "type": "Point", "coordinates": [ -111.8638418, 40.72698292 ] } },
{ "type": "Feature", "properties": { "year": "2022", "month": "08", "day": "24", "Bombus species": "huntii", "date": "2022-08-24", "julian_day": 236.0, "source": "UtahPP" }, "geometry": { "type": "Point", "coordinates": [ -111.8638965, 40.56786814 ] } },
{ "type": "Feature", "properties": { "year": "2021", "month": "07", "day": "09", "Bombus species": "fervidus", "date": "2021-07-09", "julian_day": 190.0, "source": "UtahPP" }, "geometry": { "type": "Point", "coordinates": [ -111.864, 40.72704 ] } },
{ "type": "Feature", "properties": { "year": "2021", "month": "07", "day": "11", "Bombus species": "fervidus", "date": "2021-07-11", "julian_day": 192.0, "source": "UtahPP" }, "geometry": { "type": "Point", "coordinates": [ -111.864, 40.63533 ] } },
{ "type": "Feature", "properties": { "year": "2021", "month": "07", "day": "11", "Bombus species": "huntii", "date": "2021-07-11", "julian_day": 192.0, "source": "UtahPP" }, "geometry": { "type": "Point", "coordinates": [ -111.864, 40.63533 ] } },
{ "type": "Feature", "properties": { "year": "2021", "month": "08", "day": "05", "Bombus species": "griseocollis", "date": "2021-08-05", "julian_day": 217.0, "source": "UtahPP" }, "geometry": { "type": "Point", "coordinates": [ -111.864, 40.72717 ] } },
{ "type": "Feature", "properties": { "year": "2021", "month": "08", "day": "05", "Bombus species": "huntii", "date": "2021-08-05", "julian_day": 217.0, "source": "UtahPP" }, "geometry": { "type": "Point", "coordinates": [ -111.864, 40.72719 ] } },
{ "type": "Feature", "properties": { "year": "2021", "month": "08", "day": "25", "Bombus species": "griseocollis", "date": "2021-08-25", "julian_day": 237.0, "source": "UtahPP" }, "geometry": { "type": "Point", "coordinates": [ -111.864, 40.72723 ] } },
{ "type": "Feature", "properties": { "year": "2021", "month": "07", "day": "11", "Bombus species": "vancouverensis/bifarius", "date": "2021-07-11", "julian_day": 192.0, "source": "UtahPP" }, "geometry": { "type": "Point", "coordinates": [ -111.865, 41.23855 ] } },
{ "type": "Feature", "properties": { "year": "2021", "month": "07", "day": "11", "Bombus species": "centralis", "date": "2021-07-11", "julian_day": 192.0, "source": "UtahPP" }, "geometry": { "type": "Point", "coordinates": [ -111.865, 41.23861 ] } },
{ "type": "Feature", "properties": { "year": "2021", "month": "05", "day": "30", "Bombus species": "appositus", "date": "2021-05-30", "julian_day": 150.0, "source": "UtahPP" }, "geometry": { "type": "Point", "coordinates": [ -111.8650401, 40.72734692 ] } },
{ "type": "Feature", "properties": { "year": "2023", "month": "07", "day": "20", "Bombus species": "griseocollis", "date": "2023-07-20", "julian_day": 201.0, "source": "UtahPP" }, "geometry": { "type": "Point", "coordinates": [ -111.865938, 40.695314 ] } },
{ "type": "Feature", "properties": { "year": "2023", "month": "07", "day": "20", "Bombus species": "griseocollis", "date": "2023-07-20", "julian_day": 201.0, "source": "UtahPP" }, "geometry": { "type": "Point", "coordinates": [ -111.865938, 40.695314 ] } },
{ "type": "Feature", "properties": { "year": "2021", "month": "07", "day": "11", "Bombus species": "centralis", "date": "2021-07-11", "julian_day": 192.0, "source": "UtahPP" }, "geometry": { "type": "Point", "coordinates": [ -111.866, 41.24243 ] } },
{ "type": "Feature", "properties": { "year": "2021", "month": "07", "day": "11", "Bombus species": "insularis", "date": "2021-07-11", "julian_day": 192.0, "source": "UtahPP" }, "geometry": { "type": "Point", "coordinates": [ -111.866, 41.24234 ] } },
{ "type": "Feature", "properties": { "year": "2021", "month": "09", "day": "06", "Bombus species": "griseocollis", "date": "2021-09-06", "julian_day": 249.0, "source": "UtahPP" }, "geometry": { "type": "Point", "coordinates": [ -111.866, 40.77752 ] } },
{ "type": "Feature", "properties": { "year": "2023", "month": "06", "day": "27", "Bombus species": "fervidus", "date": "2023-06-27", "julian_day": 178.0, "source": "UtahPP" }, "geometry": { "type": "Point", "coordinates": [ -111.8665337, 40.72263216 ] } },
{ "type": "Feature", "properties": { "year": "2023", "month": "08", "day": "10", "Bombus species": "griseocollis", "date": "2023-08-10", "julian_day": 222.0, "source": "UtahPP" }, "geometry": { "type": "Point", "coordinates": [ -111.8668157, 40.75419862 ] } },
{ "type": "Feature", "properties": { "year": "2023", "month": "08", "day": "10", "Bombus species": "griseocollis", "date": "2023-08-10", "julian_day": 222.0, "source": "UtahPP" }, "geometry": { "type": "Point", "coordinates": [ -111.8668252, 40.75425748 ] } },
{ "type": "Feature", "properties": { "year": "2021", "month": "07", "day": "11", "Bombus species": "appositus", "date": "2021-07-11", "julian_day": 192.0, "source": "UtahPP" }, "geometry": { "type": "Point", "coordinates": [ -111.869, 41.22955 ] } },
{ "type": "Feature", "properties": { "year": "2021", "month": "07", "day": "11", "Bombus species": "sylvicola", "date": "2021-07-11", "julian_day": 192.0, "source": "UtahPP" }, "geometry": { "type": "Point", "coordinates": [ -111.869, 41.22959 ] } },
{ "type": "Feature", "properties": { "year": "2020", "month": "06", "day": "14", "Bombus species": "fervidus", "date": "2020-06-14", "julian_day": 166.0, "source": "UtahPP" }, "geometry": { "type": "Point", "coordinates": [ -111.8693096, 41.22512077 ] } },
{ "type": "Feature", "properties": { "year": "2021", "month": "09", "day": "12", "Bombus species": "griseocollis", "date": "2021-09-12", "julian_day": 255.0, "source": "UtahPP" }, "geometry": { "type": "Point", "coordinates": [ -111.87, 40.77187 ] } },
{ "type": "Feature", "properties": { "year": "2023", "month": "10", "day": "08", "Bombus species": "griseocollis", "date": "2023-10-08", "julian_day": 281.0, "source": "UtahPP" }, "geometry": { "type": "Point", "coordinates": [ -111.8701029, 40.82794356 ] } },
{ "type": "Feature", "properties": { "year": "2023", "month": "08", "day": "19", "Bombus species": "griseocollis", "date": "2023-08-19", "julian_day": 231.0, "source": "UtahPP" }, "geometry": { "type": "Point", "coordinates": [ -111.8701305, 40.74995926 ] } },
{ "type": "Feature", "properties": { "year": "2023", "month": "08", "day": "21", "Bombus species": "griseocollis", "date": "2023-08-21", "julian_day": 233.0, "source": "UtahPP" }, "geometry": { "type": "Point", "coordinates": [ -111.8701741, 40.74992309 ] } },
{ "type": "Feature", "properties": { "year": "2021", "month": "06", "day": "05", "Bombus species": "griseocollis", "date": "2021-06-05", "julian_day": 156.0, "source": "UtahPP" }, "geometry": { "type": "Point", "coordinates": [ -111.8708208, 40.57532779 ] } },
{ "type": "Feature", "properties": { "year": "2021", "month": "07", "day": "11", "Bombus species": "vancouverensis/bifarius", "date": "2021-07-11", "julian_day": 192.0, "source": "UtahPP" }, "geometry": { "type": "Point", "coordinates": [ -111.871, 41.2391 ] } },
{ "type": "Feature", "properties": { "year": "2021", "month": "07", "day": "11", "Bombus species": "centralis", "date": "2021-07-11", "julian_day": 192.0, "source": "UtahPP" }, "geometry": { "type": "Point", "coordinates": [ -111.872, 41.23928 ] } },
{ "type": "Feature", "properties": { "year": "2021", "month": "08", "day": "27", "Bombus species": "griseocollis", "date": "2021-08-27", "julian_day": 239.0, "source": "UtahPP" }, "geometry": { "type": "Point", "coordinates": [ -111.872, 40.77514 ] } },
{ "type": "Feature", "properties": { "year": "2021", "month": "08", "day": "29", "Bombus species": "huntii", "date": "2021-08-29", "julian_day": 241.0, "source": "UtahPP" }, "geometry": { "type": "Point", "coordinates": [ -111.872, 40.75222 ] } },
{ "type": "Feature", "properties": { "year": "2021", "month": "06", "day": "20", "Bombus species": "fervidus", "date": "2021-06-20", "julian_day": 171.0, "source": "UtahPP" }, "geometry": { "type": "Point", "coordinates": [ -111.873, 40.87282 ] } },
{ "type": "Feature", "properties": { "year": "2021", "month": "06", "day": "21", "Bombus species": "fervidus", "date": "2021-06-21", "julian_day": 172.0, "source": "UtahPP" }, "geometry": { "type": "Point", "coordinates": [ -111.873, 40.87285 ] } },
{ "type": "Feature", "properties": { "year": "2021", "month": "06", "day": "21", "Bombus species": "rufocinctus", "date": "2021-06-21", "julian_day": 172.0, "source": "UtahPP" }, "geometry": { "type": "Point", "coordinates": [ -111.873, 40.87305 ] } },
{ "type": "Feature", "properties": { "year": "2021", "month": "06", "day": "26", "Bombus species": "insularis", "date": "2021-06-26", "julian_day": 177.0, "source": "UtahPP" }, "geometry": { "type": "Point", "coordinates": [ -111.873, 40.87293 ] } },
{ "type": "Feature", "properties": { "year": "2021", "month": "06", "day": "27", "Bombus species": "huntii", "date": "2021-06-27", "julian_day": 178.0, "source": "UtahPP" }, "geometry": { "type": "Point", "coordinates": [ -111.873, 40.87293 ] } },
{ "type": "Feature", "properties": { "year": "2021", "month": "06", "day": "30", "Bombus species": "vancouverensis/bifarius", "date": "2021-06-30", "julian_day": 181.0, "source": "UtahPP" }, "geometry": { "type": "Point", "coordinates": [ -111.873, 40.87301 ] } },
{ "type": "Feature", "properties": { "year": "2021", "month": "08", "day": "27", "Bombus species": "griseocollis", "date": "2021-08-27", "julian_day": 239.0, "source": "UtahPP" }, "geometry": { "type": "Point", "coordinates": [ -111.873, 40.77517 ] } },
{ "type": "Feature", "properties": { "year": "2021", "month": "08", "day": "27", "Bombus species": "morrisoni", "date": "2021-08-27", "julian_day": 239.0, "source": "UtahPP" }, "geometry": { "type": "Point", "coordinates": [ -111.873, 40.77405 ] } },
{ "type": "Feature", "properties": { "year": "2021", "month": "06", "day": "07", "Bombus species": "insularis", "date": "2021-06-07", "julian_day": 158.0, "source": "UtahPP" }, "geometry": { "type": "Point", "coordinates": [ -111.8731539, 40.87298708 ] } },
{ "type": "Feature", "properties": { "year": "2021", "month": "08", "day": "27", "Bombus species": "griseocollis", "date": "2021-08-27", "julian_day": 239.0, "source": "UtahPP" }, "geometry": { "type": "Point", "coordinates": [ -111.874, 40.7741 ] } },
{ "type": "Feature", "properties": { "year": "2021", "month": "08", "day": "30", "Bombus species": "huntii", "date": "2021-08-30", "julian_day": 242.0, "source": "UtahPP" }, "geometry": { "type": "Point", "coordinates": [ -111.874, 40.78872 ] } },
{ "type": "Feature", "properties": { "year": "2021", "month": "08", "day": "16", "Bombus species": "huntii", "date": "2021-08-16", "julian_day": 228.0, "source": "UtahPP" }, "geometry": { "type": "Point", "coordinates": [ -111.875, 40.74473 ] } },
{ "type": "Feature", "properties": { "year": "2021", "month": "08", "day": "16", "Bombus species": "nevadensis", "date": "2021-08-16", "julian_day": 228.0, "source": "UtahPP" }, "geometry": { "type": "Point", "coordinates": [ -111.875, 40.74471 ] } },
{ "type": "Feature", "properties": { "year": "2023", "month": "05", "day": "01", "Bombus species": "fervidus", "date": "2023-05-01", "julian_day": 121.0, "source": "UtahPP" }, "geometry": { "type": "Point", "coordinates": [ -111.8758182, 40.72787278 ] } },
{ "type": "Feature", "properties": { "year": "2023", "month": "06", "day": "27", "Bombus species": "fervidus", "date": "2023-06-27", "julian_day": 178.0, "source": "UtahPP" }, "geometry": { "type": "Point", "coordinates": [ -111.8758522, 40.73024358 ] } },
{ "type": "Feature", "properties": { "year": "2021", "month": "06", "day": "06", "Bombus species": "insularis", "date": "2021-06-06", "julian_day": 157.0, "source": "UtahPP" }, "geometry": { "type": "Point", "coordinates": [ -111.8762074, 40.84738454 ] } },
{ "type": "Feature", "properties": { "year": "2023", "month": "05", "day": "29", "Bombus species": "fervidus", "date": "2023-05-29", "julian_day": 149.0, "source": "UtahPP" }, "geometry": { "type": "Point", "coordinates": [ -111.8764118, 40.72783067 ] } },
{ "type": "Feature", "properties": { "year": "2023", "month": "06", "day": "20", "Bombus species": "fervidus", "date": "2023-06-20", "julian_day": 171.0, "source": "UtahPP" }, "geometry": { "type": "Point", "coordinates": [ -111.8768269, 40.74803687 ] } },
{ "type": "Feature", "properties": { "year": "2023", "month": "06", "day": "20", "Bombus species": "fervidus", "date": "2023-06-20", "julian_day": 171.0, "source": "UtahPP" }, "geometry": { "type": "Point", "coordinates": [ -111.8768622, 40.74790174 ] } },
{ "type": "Feature", "properties": { "year": "2022", "month": "06", "day": "18", "Bombus species": "griseocollis", "date": "2022-06-18", "julian_day": 169.0, "source": "UtahPP" }, "geometry": { "type": "Point", "coordinates": [ -111.87897, 40.92178 ] } },
{ "type": "Feature", "properties": { "year": "2021", "month": "06", "day": "24", "Bombus species": "fervidus", "date": "2021-06-24", "julian_day": 175.0, "source": "UtahPP" }, "geometry": { "type": "Point", "coordinates": [ -111.881, 40.7062 ] } },
{ "type": "Feature", "properties": { "year": "2022", "month": "08", "day": "30", "Bombus species": "griseocollis", "date": "2022-08-30", "julian_day": 242.0, "source": "UtahPP" }, "geometry": { "type": "Point", "coordinates": [ -111.8814842, 40.85103996 ] } },
{ "type": "Feature", "properties": { "year": "2023", "month": "07", "day": "28", "Bombus species": "griseocollis", "date": "2023-07-28", "julian_day": 209.0, "source": "UtahPP" }, "geometry": { "type": "Point", "coordinates": [ -111.8816431, 40.78737806 ] } },
{ "type": "Feature", "properties": { "year": "2021", "month": "07", "day": "29", "Bombus species": "griseocollis", "date": "2021-07-29", "julian_day": 210.0, "source": "UtahPP" }, "geometry": { "type": "Point", "coordinates": [ -111.882, 40.6647 ] } },
{ "type": "Feature", "properties": { "year": "2021", "month": "06", "day": "09", "Bombus species": "griseocollis", "date": "2021-06-09", "julian_day": 160.0, "source": "UtahPP" }, "geometry": { "type": "Point", "coordinates": [ -111.8820036, 40.66478396 ] } },
{ "type": "Feature", "properties": { "year": "2022", "month": "08", "day": "19", "Bombus species": "fervidus", "date": "2022-08-19", "julian_day": 231.0, "source": "UtahPP" }, "geometry": { "type": "Point", "coordinates": [ -111.8821548, 40.66456854 ] } },
{ "type": "Feature", "properties": { "year": "2022", "month": "08", "day": "07", "Bombus species": "griseocollis", "date": "2022-08-07", "julian_day": 219.0, "source": "UtahPP" }, "geometry": { "type": "Point", "coordinates": [ -111.8825039, 41.20024178 ] } },
{ "type": "Feature", "properties": { "year": "2022", "month": "08", "day": "07", "Bombus species": "vancouverensis/bifarius", "date": "2022-08-07", "julian_day": 219.0, "source": "UtahPP" }, "geometry": { "type": "Point", "coordinates": [ -111.8825613, 41.19839512 ] } },
{ "type": "Feature", "properties": { "year": "2023", "month": "06", "day": "08", "Bombus species": "fervidus", "date": "2023-06-08", "julian_day": 159.0, "source": "UtahPP" }, "geometry": { "type": "Point", "coordinates": [ -111.8828292, 40.66081781 ] } },
{ "type": "Feature", "properties": { "year": "2023", "month": "07", "day": "23", "Bombus species": "griseocollis", "date": "2023-07-23", "julian_day": 204.0, "source": "UtahPP" }, "geometry": { "type": "Point", "coordinates": [ -111.8837781, 40.6603338 ] } },
{ "type": "Feature", "properties": { "year": "2023", "month": "06", "day": "19", "Bombus species": "insularis", "date": "2023-06-19", "julian_day": 170.0, "source": "UtahPP" }, "geometry": { "type": "Point", "coordinates": [ -111.8840866, 40.69851337 ] } },
{ "type": "Feature", "properties": { "year": "2023", "month": "06", "day": "03", "Bombus species": "griseocollis", "date": "2023-06-03", "julian_day": 154.0, "source": "UtahPP" }, "geometry": { "type": "Point", "coordinates": [ -111.884307, 40.30173951 ] } },
{ "type": "Feature", "properties": { "year": "2023", "month": "06", "day": "27", "Bombus species": "griseocollis", "date": "2023-06-27", "julian_day": 178.0, "source": "UtahPP" }, "geometry": { "type": "Point", "coordinates": [ -111.8845204, 40.51779929 ] } },
{ "type": "Feature", "properties": { "year": "2023", "month": "06", "day": "27", "Bombus species": "griseocollis", "date": "2023-06-27", "julian_day": 178.0, "source": "UtahPP" }, "geometry": { "type": "Point", "coordinates": [ -111.884669, 40.51798499 ] } },
{ "type": "Feature", "properties": { "year": "2023", "month": "05", "day": "19", "Bombus species": "nevadensis", "date": "2023-05-19", "julian_day": 139.0, "source": "UtahPP" }, "geometry": { "type": "Point", "coordinates": [ -111.884739, 40.51785179 ] } },
{ "type": "Feature", "properties": { "year": "2023", "month": "05", "day": "03", "Bombus species": "huntii", "date": "2023-05-03", "julian_day": 123.0, "source": "UtahPP" }, "geometry": { "type": "Point", "coordinates": [ -111.8847485, 40.51779237 ] } },
{ "type": "Feature", "properties": { "year": "2023", "month": "07", "day": "11", "Bombus species": "griseocollis", "date": "2023-07-11", "julian_day": 192.0, "source": "UtahPP" }, "geometry": { "type": "Point", "coordinates": [ -111.8848073, 40.51799567 ] } },
{ "type": "Feature", "properties": { "year": "2023", "month": "06", "day": "18", "Bombus species": "griseocollis", "date": "2023-06-18", "julian_day": 169.0, "source": "UtahPP" }, "geometry": { "type": "Point", "coordinates": [ -111.884843, 40.51775754 ] } },
{ "type": "Feature", "properties": { "year": "2021", "month": "08", "day": "26", "Bombus species": "griseocollis", "date": "2021-08-26", "julian_day": 238.0, "source": "UtahPP" }, "geometry": { "type": "Point", "coordinates": [ -111.885, 40.94145 ] } },
{ "type": "Feature", "properties": { "year": "2023", "month": "09", "day": "07", "Bombus species": "huntii", "date": "2023-09-07", "julian_day": 250.0, "source": "UtahPP" }, "geometry": { "type": "Point", "coordinates": [ -111.8851454, 40.5180182 ] } },
{ "type": "Feature", "properties": { "year": "2023", "month": "06", "day": "04", "Bombus species": "griseocollis", "date": "2023-06-04", "julian_day": 155.0, "source": "UtahPP" }, "geometry": { "type": "Point", "coordinates": [ -111.8853994, 40.74709826 ] } },
{ "type": "Feature", "properties": { "year": "2021", "month": "05", "day": "12", "Bombus species": "griseocollis", "date": "2021-05-12", "julian_day": 132.0, "source": "UtahPP" }, "geometry": { "type": "Point", "coordinates": [ -111.886329, 40.984256 ] } },
{ "type": "Feature", "properties": { "year": "2023", "month": "07", "day": "23", "Bombus species": "huntii", "date": "2023-07-23", "julian_day": 204.0, "source": "UtahPP" }, "geometry": { "type": "Point", "coordinates": [ -111.886463, 40.59721576 ] } },
{ "type": "Feature", "properties": { "year": "2023", "month": "05", "day": "12", "Bombus species": "griseocollis", "date": "2023-05-12", "julian_day": 132.0, "source": "UtahPP" }, "geometry": { "type": "Point", "coordinates": [ -111.8865178, 40.59704607 ] } },
{ "type": "Feature", "properties": { "year": "2023", "month": "09", "day": "23", "Bombus species": "griseocollis", "date": "2023-09-23", "julian_day": 266.0, "source": "UtahPP" }, "geometry": { "type": "Point", "coordinates": [ -111.8873634, 40.74571169 ] } },
{ "type": "Feature", "properties": { "year": "2023", "month": "05", "day": "27", "Bombus species": "griseocollis", "date": "2023-05-27", "julian_day": 147.0, "source": "UtahPP" }, "geometry": { "type": "Point", "coordinates": [ -111.8873928, 40.74550848 ] } },
{ "type": "Feature", "properties": { "year": "2023", "month": "07", "day": "28", "Bombus species": "griseocollis", "date": "2023-07-28", "julian_day": 209.0, "source": "UtahPP" }, "geometry": { "type": "Point", "coordinates": [ -111.8874216, 40.82578711 ] } },
{ "type": "Feature", "properties": { "year": "2022", "month": "06", "day": "14", "Bombus species": "griseocollis", "date": "2022-06-14", "julian_day": 165.0, "source": "UtahPP" }, "geometry": { "type": "Point", "coordinates": [ -111.887598, 40.42616301 ] } },
{ "type": "Feature", "properties": { "year": "2022", "month": "06", "day": "14", "Bombus species": "huntii", "date": "2022-06-14", "julian_day": 165.0, "source": "UtahPP" }, "geometry": { "type": "Point", "coordinates": [ -111.8879904, 40.42593986 ] } },
{ "type": "Feature", "properties": { "year": "2021", "month": "08", "day": "05", "Bombus species": "griseocollis", "date": "2021-08-05", "julian_day": 217.0, "source": "UtahPP" }, "geometry": { "type": "Point", "coordinates": [ -111.888, 40.94547 ] } },
{ "type": "Feature", "properties": { "year": "2021", "month": "08", "day": "26", "Bombus species": "nevadensis", "date": "2021-08-26", "julian_day": 238.0, "source": "UtahPP" }, "geometry": { "type": "Point", "coordinates": [ -111.888, 40.5894 ] } },
{ "type": "Feature", "properties": { "year": "2021", "month": "06", "day": "15", "Bombus species": "griseocollis", "date": "2021-06-15", "julian_day": 166.0, "source": "UtahPP" }, "geometry": { "type": "Point", "coordinates": [ -111.8881651, 40.42608208 ] } },
{ "type": "Feature", "properties": { "year": "2021", "month": "05", "day": "25", "Bombus species": "huntii", "date": "2021-05-25", "julian_day": 145.0, "source": "UtahPP" }, "geometry": { "type": "Point", "coordinates": [ -111.8882839, 40.42606462 ] } },
{ "type": "Feature", "properties": { "year": "2020", "month": "05", "day": "06", "Bombus species": "griseocollis", "date": "2020-05-06", "julian_day": 127.0, "source": "UtahPP" }, "geometry": { "type": "Point", "coordinates": [ -111.888342, 40.42655338 ] } },
{ "type": "Feature", "properties": { "year": "2022", "month": "06", "day": "13", "Bombus species": "griseocollis", "date": "2022-06-13", "julian_day": 164.0, "source": "UtahPP" }, "geometry": { "type": "Point", "coordinates": [ -111.8883555, 40.94609111 ] } },
{ "type": "Feature", "properties": { "year": "2020", "month": "09", "day": "02", "Bombus species": "huntii", "date": "2020-09-02", "julian_day": 246.0, "source": "UtahPP" }, "geometry": { "type": "Point", "coordinates": [ -111.8886775, 40.42653768 ] } },
{ "type": "Feature", "properties": { "year": "2022", "month": "06", "day": "12", "Bombus species": "griseocollis", "date": "2022-06-12", "julian_day": 163.0, "source": "UtahPP" }, "geometry": { "type": "Point", "coordinates": [ -111.888941, 40.94540749 ] } },
{ "type": "Feature", "properties": { "year": "2022", "month": "06", "day": "10", "Bombus species": "griseocollis", "date": "2022-06-10", "julian_day": 161.0, "source": "UtahPP" }, "geometry": { "type": "Point", "coordinates": [ -111.8890713, 40.94565859 ] } },
{ "type": "Feature", "properties": { "year": "2021", "month": "05", "day": "21", "Bombus species": "huntii", "date": "2021-05-21", "julian_day": 141.0, "source": "UtahPP" }, "geometry": { "type": "Point", "coordinates": [ -111.8901937, 40.45123525 ] } },
{ "type": "Feature", "properties": { "year": "2023", "month": "06", "day": "30", "Bombus species": "griseocollis", "date": "2023-06-30", "julian_day": 181.0, "source": "UtahPP" }, "geometry": { "type": "Point", "coordinates": [ -111.891683, 40.843482 ] } },
{ "type": "Feature", "properties": { "year": "2023", "month": "07", "day": "07", "Bombus species": "huntii", "date": "2023-07-07", "julian_day": 188.0, "source": "UtahPP" }, "geometry": { "type": "Point", "coordinates": [ -111.891683, 40.843482 ] } },
{ "type": "Feature", "properties": { "year": "2023", "month": "07", "day": "08", "Bombus species": "centralis", "date": "2023-07-08", "julian_day": 189.0, "source": "UtahPP" }, "geometry": { "type": "Point", "coordinates": [ -111.891683, 40.843482 ] } },
{ "type": "Feature", "properties": { "year": "2023", "month": "07", "day": "08", "Bombus species": "rufocinctus", "date": "2023-07-08", "julian_day": 189.0, "source": "UtahPP" }, "geometry": { "type": "Point", "coordinates": [ -111.891683, 40.843482 ] } },
{ "type": "Feature", "properties": { "year": "2023", "month": "07", "day": "09", "Bombus species": "griseocollis", "date": "2023-07-09", "julian_day": 190.0, "source": "UtahPP" }, "geometry": { "type": "Point", "coordinates": [ -111.891683, 40.843482 ] } },
{ "type": "Feature", "properties": { "year": "2023", "month": "07", "day": "09", "Bombus species": "huntii", "date": "2023-07-09", "julian_day": 190.0, "source": "UtahPP" }, "geometry": { "type": "Point", "coordinates": [ -111.891683, 40.843482 ] } },
{ "type": "Feature", "properties": { "year": "2023", "month": "08", "day": "13", "Bombus species": "griseocollis", "date": "2023-08-13", "julian_day": 225.0, "source": "UtahPP" }, "geometry": { "type": "Point", "coordinates": [ -111.891683, 40.843482 ] } },
{ "type": "Feature", "properties": { "year": "2023", "month": "06", "day": "05", "Bombus species": "griseocollis", "date": "2023-06-05", "julian_day": 156.0, "source": "UtahPP" }, "geometry": { "type": "Point", "coordinates": [ -111.8916904, 40.84355397 ] } },
{ "type": "Feature", "properties": { "year": "2023", "month": "07", "day": "28", "Bombus species": "griseocollis", "date": "2023-07-28", "julian_day": 209.0, "source": "UtahPP" }, "geometry": { "type": "Point", "coordinates": [ -111.891719, 40.82645122 ] } },
{ "type": "Feature", "properties": { "year": "2021", "month": "07", "day": "02", "Bombus species": "fervidus", "date": "2021-07-02", "julian_day": 183.0, "source": "UtahPP" }, "geometry": { "type": "Point", "coordinates": [ -111.893, 40.7141 ] } },
{ "type": "Feature", "properties": { "year": "2021", "month": "07", "day": "13", "Bombus species": "fervidus", "date": "2021-07-13", "julian_day": 194.0, "source": "UtahPP" }, "geometry": { "type": "Point", "coordinates": [ -111.893, 40.71419 ] } },
{ "type": "Feature", "properties": { "year": "2023", "month": "08", "day": "02", "Bombus species": "huntii", "date": "2023-08-02", "julian_day": 214.0, "source": "UtahPP" }, "geometry": { "type": "Point", "coordinates": [ -111.8934471, 40.82554585 ] } },
{ "type": "Feature", "properties": { "year": "2023", "month": "08", "day": "11", "Bombus species": "nevadensis", "date": "2023-08-11", "julian_day": 223.0, "source": "UtahPP" }, "geometry": { "type": "Point", "coordinates": [ -111.8943367, 40.82585434 ] } },
{ "type": "Feature", "properties": { "year": "2023", "month": "08", "day": "13", "Bombus species": "griseocollis", "date": "2023-08-13", "julian_day": 225.0, "source": "UtahPP" }, "geometry": { "type": "Point", "coordinates": [ -111.894473, 40.891908 ] } },
{ "type": "Feature", "properties": { "year": "2023", "month": "08", "day": "13", "Bombus species": "griseocollis", "date": "2023-08-13", "julian_day": 225.0, "source": "UtahPP" }, "geometry": { "type": "Point", "coordinates": [ -111.894473, 40.891908 ] } },
{ "type": "Feature", "properties": { "year": "2020", "month": "06", "day": "11", "Bombus species": "griseocollis", "date": "2020-06-11", "julian_day": 163.0, "source": "UtahPP" }, "geometry": { "type": "Point", "coordinates": [ -111.8951535, 40.41837832 ] } },
{ "type": "Feature", "properties": { "year": "2022", "month": "08", "day": "08", "Bombus species": "insularis", "date": "2022-08-08", "julian_day": 220.0, "source": "UtahPP" }, "geometry": { "type": "Point", "coordinates": [ -111.8955821, 40.7767633 ] } },
{ "type": "Feature", "properties": { "year": "2023", "month": "07", "day": "16", "Bombus species": "nevadensis", "date": "2023-07-16", "julian_day": 197.0, "source": "UtahPP" }, "geometry": { "type": "Point", "coordinates": [ -111.8956649, 40.82594494 ] } },
{ "type": "Feature", "properties": { "year": "2023", "month": "06", "day": "13", "Bombus species": "griseocollis", "date": "2023-06-13", "julian_day": 164.0, "source": "UtahPP" }, "geometry": { "type": "Point", "coordinates": [ -111.89713, 40.82625 ] } },
{ "type": "Feature", "properties": { "year": "2023", "month": "07", "day": "02", "Bombus species": "griseocollis", "date": "2023-07-02", "julian_day": 183.0, "source": "UtahPP" }, "geometry": { "type": "Point", "coordinates": [ -111.89713, 40.82625 ] } },
{ "type": "Feature", "properties": { "year": "2023", "month": "07", "day": "21", "Bombus species": "huntii", "date": "2023-07-21", "julian_day": 202.0, "source": "UtahPP" }, "geometry": { "type": "Point", "coordinates": [ -111.89713, 40.82625 ] } },
{ "type": "Feature", "properties": { "year": "2023", "month": "07", "day": "21", "Bombus species": "rufocinctus", "date": "2023-07-21", "julian_day": 202.0, "source": "UtahPP" }, "geometry": { "type": "Point", "coordinates": [ -111.89713, 40.82625 ] } },
{ "type": "Feature", "properties": { "year": "2021", "month": "05", "day": "04", "Bombus species": "fervidus", "date": "2021-05-04", "julian_day": 124.0, "source": "UtahPP" }, "geometry": { "type": "Point", "coordinates": [ -111.8975654, 40.80664934 ] } },
{ "type": "Feature", "properties": { "year": "2023", "month": "07", "day": "20", "Bombus species": "huntii", "date": "2023-07-20", "julian_day": 201.0, "source": "UtahPP" }, "geometry": { "type": "Point", "coordinates": [ -111.9009434, 40.84684685 ] } },
{ "type": "Feature", "properties": { "year": "2023", "month": "08", "day": "07", "Bombus species": "fervidus", "date": "2023-08-07", "julian_day": 219.0, "source": "UtahPP" }, "geometry": { "type": "Point", "coordinates": [ -111.9026132, 40.86805551 ] } },
{ "type": "Feature", "properties": { "year": "2023", "month": "08", "day": "03", "Bombus species": "huntii", "date": "2023-08-03", "julian_day": 215.0, "source": "UtahPP" }, "geometry": { "type": "Point", "coordinates": [ -111.9026505, 40.86809083 ] } },
{ "type": "Feature", "properties": { "year": "2023", "month": "07", "day": "10", "Bombus species": "huntii", "date": "2023-07-10", "julian_day": 191.0, "source": "UtahPP" }, "geometry": { "type": "Point", "coordinates": [ -111.9027124, 40.86799636 ] } },
{ "type": "Feature", "properties": { "year": "2023", "month": "07", "day": "04", "Bombus species": "fervidus", "date": "2023-07-04", "julian_day": 185.0, "source": "UtahPP" }, "geometry": { "type": "Point", "coordinates": [ -111.9029167, 40.75119611 ] } },
{ "type": "Feature", "properties": { "year": "2021", "month": "09", "day": "10", "Bombus species": "huntii", "date": "2021-09-10", "julian_day": 253.0, "source": "UtahPP" }, "geometry": { "type": "Point", "coordinates": [ -111.907, 40.3814 ] } },
{ "type": "Feature", "properties": { "year": "2021", "month": "06", "day": "04", "Bombus species": "nevadensis", "date": "2021-06-04", "julian_day": 155.0, "source": "UtahPP" }, "geometry": { "type": "Point", "coordinates": [ -111.9074028, 40.3813466 ] } },
{ "type": "Feature", "properties": { "year": "2020", "month": "05", "day": "19", "Bombus species": "huntii", "date": "2020-05-19", "julian_day": 140.0, "source": "UtahPP" }, "geometry": { "type": "Point", "coordinates": [ -111.909187, 41.17865451 ] } },
{ "type": "Feature", "properties": { "year": "2021", "month": "04", "day": "09", "Bombus species": "huntii", "date": "2021-04-09", "julian_day": 99.0, "source": "UtahPP" }, "geometry": { "type": "Point", "coordinates": [ -111.9100021, 40.43528006 ] } },
{ "type": "Feature", "properties": { "year": "2021", "month": "06", "day": "14", "Bombus species": "fervidus", "date": "2021-06-14", "julian_day": 165.0, "source": "UtahPP" }, "geometry": { "type": "Point", "coordinates": [ -111.9100548, 40.43528482 ] } },
{ "type": "Feature", "properties": { "year": "2021", "month": "07", "day": "20", "Bombus species": "griseocollis", "date": "2021-07-20", "julian_day": 201.0, "source": "UtahPP" }, "geometry": { "type": "Point", "coordinates": [ -111.913, 41.09732 ] } },
{ "type": "Feature", "properties": { "year": "2021", "month": "07", "day": "08", "Bombus species": "huntii", "date": "2021-07-08", "julian_day": 189.0, "source": "UtahPP" }, "geometry": { "type": "Point", "coordinates": [ -111.915, 40.5965 ] } },
{ "type": "Feature", "properties": { "year": "2023", "month": "08", "day": "04", "Bombus species": "fervidus", "date": "2023-08-04", "julian_day": 216.0, "source": "UtahPP" }, "geometry": { "type": "Point", "coordinates": [ -111.916197, 40.884664 ] } },
{ "type": "Feature", "properties": { "year": "2021", "month": "05", "day": "24", "Bombus species": "nevadensis", "date": "2021-05-24", "julian_day": 144.0, "source": "UtahPP" }, "geometry": { "type": "Point", "coordinates": [ -111.921737, 41.2966374 ] } },
{ "type": "Feature", "properties": { "year": "2023", "month": "07", "day": "30", "Bombus species": "huntii", "date": "2023-07-30", "julian_day": 211.0, "source": "UtahPP" }, "geometry": { "type": "Point", "coordinates": [ -111.9226828, 40.73531046 ] } },
{ "type": "Feature", "properties": { "year": "2023", "month": "07", "day": "22", "Bombus species": "huntii", "date": "2023-07-22", "julian_day": 203.0, "source": "UtahPP" }, "geometry": { "type": "Point", "coordinates": [ -111.9228576, 40.69871889 ] } },
{ "type": "Feature", "properties": { "year": "2021", "month": "07", "day": "07", "Bombus species": "huntii", "date": "2021-07-07", "julian_day": 188.0, "source": "UtahPP" }, "geometry": { "type": "Point", "coordinates": [ -111.923, 40.6989 ] } },
{ "type": "Feature", "properties": { "year": "2020", "month": "07", "day": "22", "Bombus species": "fervidus", "date": "2020-07-22", "julian_day": 204.0, "source": "UtahPP" }, "geometry": { "type": "Point", "coordinates": [ -111.9231595, 40.69901885 ] } },
{ "type": "Feature", "properties": { "year": "2020", "month": "07", "day": "23", "Bombus species": "huntii", "date": "2020-07-23", "julian_day": 205.0, "source": "UtahPP" }, "geometry": { "type": "Point", "coordinates": [ -111.9232304, 40.69889562 ] } },
{ "type": "Feature", "properties": { "year": "2023", "month": "06", "day": "16", "Bombus species": "fervidus", "date": "2023-06-16", "julian_day": 167.0, "source": "UtahPP" }, "geometry": { "type": "Point", "coordinates": [ -111.9238759, 40.69919797 ] } },
{ "type": "Feature", "properties": { "year": "2020", "month": "06", "day": "04", "Bombus species": "fervidus", "date": "2020-06-04", "julian_day": 156.0, "source": "UtahPP" }, "geometry": { "type": "Point", "coordinates": [ -111.924537, 40.6328029 ] } },
{ "type": "Feature", "properties": { "year": "2020", "month": "09", "day": "11", "Bombus species": "nevadensis", "date": "2020-09-11", "julian_day": 255.0, "source": "UtahPP" }, "geometry": { "type": "Point", "coordinates": [ -111.9275827, 40.60122858 ] } },
{ "type": "Feature", "properties": { "year": "2023", "month": "05", "day": "29", "Bombus species": "fervidus", "date": "2023-05-29", "julian_day": 149.0, "source": "UtahPP" }, "geometry": { "type": "Point", "coordinates": [ -111.9329647, 41.77963838 ] } },
{ "type": "Feature", "properties": { "year": "2023", "month": "06", "day": "05", "Bombus species": "huntii", "date": "2023-06-05", "julian_day": 156.0, "source": "UtahPP" }, "geometry": { "type": "Point", "coordinates": [ -111.9333946, 41.77988679 ] } },
{ "type": "Feature", "properties": { "year": "2023", "month": "06", "day": "14", "Bombus species": "fervidus", "date": "2023-06-14", "julian_day": 165.0, "source": "UtahPP" }, "geometry": { "type": "Point", "coordinates": [ -111.9334138, 41.77992099 ] } },
{ "type": "Feature", "properties": { "year": "2021", "month": "05", "day": "24", "Bombus species": "fervidus", "date": "2021-05-24", "julian_day": 144.0, "source": "UtahPP" }, "geometry": { "type": "Point", "coordinates": [ -111.9354277, 40.78989428 ] } },
{ "type": "Feature", "properties": { "year": "2021", "month": "06", "day": "28", "Bombus species": "fervidus", "date": "2021-06-28", "julian_day": 179.0, "source": "UtahPP" }, "geometry": { "type": "Point", "coordinates": [ -111.937, 40.77218 ] } },
{ "type": "Feature", "properties": { "year": "2021", "month": "08", "day": "03", "Bombus species": "fervidus", "date": "2021-08-03", "julian_day": 215.0, "source": "UtahPP" }, "geometry": { "type": "Point", "coordinates": [ -111.937, 40.77224 ] } },
{ "type": "Feature", "properties": { "year": "2023", "month": "07", "day": "23", "Bombus species": "fervidus", "date": "2023-07-23", "julian_day": 204.0, "source": "UtahPP" }, "geometry": { "type": "Point", "coordinates": [ -111.9398378, 40.8127948 ] } },
{ "type": "Feature", "properties": { "year": "2023", "month": "07", "day": "23", "Bombus species": "fervidus", "date": "2023-07-23", "julian_day": 204.0, "source": "UtahPP" }, "geometry": { "type": "Point", "coordinates": [ -111.9399046, 40.81213264 ] } },
{ "type": "Feature", "properties": { "year": "2021", "month": "07", "day": "13", "Bombus species": "huntii", "date": "2021-07-13", "julian_day": 194.0, "source": "UtahPP" }, "geometry": { "type": "Point", "coordinates": [ -111.943, 40.55664 ] } },
{ "type": "Feature", "properties": { "year": "2021", "month": "07", "day": "18", "Bombus species": "huntii", "date": "2021-07-18", "julian_day": 199.0, "source": "UtahPP" }, "geometry": { "type": "Point", "coordinates": [ -111.943, 40.55673 ] } },
{ "type": "Feature", "properties": { "year": "2021", "month": "07", "day": "19", "Bombus species": "huntii", "date": "2021-07-19", "julian_day": 200.0, "source": "UtahPP" }, "geometry": { "type": "Point", "coordinates": [ -111.943, 40.55664 ] } },
{ "type": "Feature", "properties": { "year": "2021", "month": "07", "day": "21", "Bombus species": "huntii", "date": "2021-07-21", "julian_day": 202.0, "source": "UtahPP" }, "geometry": { "type": "Point", "coordinates": [ -111.943, 40.55683 ] } },
{ "type": "Feature", "properties": { "year": "2021", "month": "08", "day": "02", "Bombus species": "huntii", "date": "2021-08-02", "julian_day": 214.0, "source": "UtahPP" }, "geometry": { "type": "Point", "coordinates": [ -111.943, 40.5565 ] } },
{ "type": "Feature", "properties": { "year": "2023", "month": "08", "day": "08", "Bombus species": "vancouverensis/bifarius", "date": "2023-08-08", "julian_day": 220.0, "source": "UtahPP" }, "geometry": { "type": "Point", "coordinates": [ -111.9483075, 40.68059412 ] } },
{ "type": "Feature", "properties": { "year": "2023", "month": "07", "day": "27", "Bombus species": "huntii", "date": "2023-07-27", "julian_day": 208.0, "source": "UtahPP" }, "geometry": { "type": "Point", "coordinates": [ -111.9483283, 41.28182904 ] } },
{ "type": "Feature", "properties": { "year": "2022", "month": "06", "day": "02", "Bombus species": "griseocollis", "date": "2022-06-02", "julian_day": 153.0, "source": "UtahPP" }, "geometry": { "type": "Point", "coordinates": [ -111.9499302, 40.459414 ] } },
{ "type": "Feature", "properties": { "year": "2022", "month": "08", "day": "11", "Bombus species": "nevadensis", "date": "2022-08-11", "julian_day": 223.0, "source": "UtahPP" }, "geometry": { "type": "Point", "coordinates": [ -111.9526036, 38.32500071 ] } },
{ "type": "Feature", "properties": { "year": "2022", "month": "08", "day": "24", "Bombus species": "morrisoni", "date": "2022-08-24", "julian_day": 236.0, "source": "UtahPP" }, "geometry": { "type": "Point", "coordinates": [ -111.9527791, 38.31133695 ] } },
{ "type": "Feature", "properties": { "year": "2022", "month": "08", "day": "24", "Bombus species": "morrisoni", "date": "2022-08-24", "julian_day": 236.0, "source": "UtahPP" }, "geometry": { "type": "Point", "coordinates": [ -111.9528445, 38.31141097 ] } },
{ "type": "Feature", "properties": { "year": "2023", "month": "05", "day": "29", "Bombus species": "huntii", "date": "2023-05-29", "julian_day": 149.0, "source": "UtahPP" }, "geometry": { "type": "Point", "coordinates": [ -111.9547683, 41.78671354 ] } },
{ "type": "Feature", "properties": { "year": "2020", "month": "09", "day": "01", "Bombus species": "appositus", "date": "2020-09-01", "julian_day": 245.0, "source": "UtahPP" }, "geometry": { "type": "Point", "coordinates": [ -111.9558231, 40.6336593 ] } },
{ "type": "Feature", "properties": { "year": "2023", "month": "07", "day": "19", "Bombus species": "huntii", "date": "2023-07-19", "julian_day": 200.0, "source": "UtahPP" }, "geometry": { "type": "Point", "coordinates": [ -111.956409, 38.64626796 ] } },
{ "type": "Feature", "properties": { "year": "2023", "month": "06", "day": "17", "Bombus species": "griseocollis", "date": "2023-06-17", "julian_day": 168.0, "source": "UtahPP" }, "geometry": { "type": "Point", "coordinates": [ -111.9623139, 41.72580788 ] } },
{ "type": "Feature", "properties": { "year": "2020", "month": "07", "day": "19", "Bombus species": "vancouverensis/bifarius", "date": "2020-07-19", "julian_day": 201.0, "source": "UtahPP" }, "geometry": { "type": "Point", "coordinates": [ -111.9654012, 41.17756834 ] } },
{ "type": "Feature", "properties": { "year": "2021", "month": "06", "day": "09", "Bombus species": "fervidus", "date": "2021-06-09", "julian_day": 160.0, "source": "UtahPP" }, "geometry": { "type": "Point", "coordinates": [ -111.9688934, 41.3185889 ] } },
{ "type": "Feature", "properties": { "year": "2021", "month": "06", "day": "18", "Bombus species": "fervidus", "date": "2021-06-18", "julian_day": 169.0, "source": "UtahPP" }, "geometry": { "type": "Point", "coordinates": [ -111.969, 41.31859 ] } },
{ "type": "Feature", "properties": { "year": "2021", "month": "08", "day": "04", "Bombus species": "griseocollis", "date": "2021-08-04", "julian_day": 216.0, "source": "UtahPP" }, "geometry": { "type": "Point", "coordinates": [ -111.969, 41.31861 ] } },
{ "type": "Feature", "properties": { "year": "2023", "month": "08", "day": "08", "Bombus species": "vancouverensis/bifarius", "date": "2023-08-08", "julian_day": 220.0, "source": "UtahPP" }, "geometry": { "type": "Point", "coordinates": [ -111.9741004, 40.68833625 ] } },
{ "type": "Feature", "properties": { "year": "2023", "month": "07", "day": "18", "Bombus species": "vancouverensis/bifarius", "date": "2023-07-18", "julian_day": 199.0, "source": "UtahPP" }, "geometry": { "type": "Point", "coordinates": [ -111.9796823, 38.4911608 ] } },
{ "type": "Feature", "properties": { "year": "2023", "month": "07", "day": "18", "Bombus species": "flavifrons", "date": "2023-07-18", "julian_day": 199.0, "source": "UtahPP" }, "geometry": { "type": "Point", "coordinates": [ -111.9833296, 38.49061667 ] } },
{ "type": "Feature", "properties": { "year": "2023", "month": "07", "day": "18", "Bombus species": "nevadensis", "date": "2023-07-18", "julian_day": 199.0, "source": "UtahPP" }, "geometry": { "type": "Point", "coordinates": [ -111.9850113, 38.4916148 ] } },
{ "type": "Feature", "properties": { "year": "2022", "month": "05", "day": "27", "Bombus species": "huntii", "date": "2022-05-27", "julian_day": 147.0, "source": "UtahPP" }, "geometry": { "type": "Point", "coordinates": [ -111.9900946, 40.78877111 ] } },
{ "type": "Feature", "properties": { "year": "2021", "month": "06", "day": "30", "Bombus species": "huntii", "date": "2021-06-30", "julian_day": 181.0, "source": "UtahPP" }, "geometry": { "type": "Point", "coordinates": [ -111.992, 40.69138 ] } },
{ "type": "Feature", "properties": { "year": "2021", "month": "07", "day": "23", "Bombus species": "fervidus", "date": "2021-07-23", "julian_day": 204.0, "source": "UtahPP" }, "geometry": { "type": "Point", "coordinates": [ -111.996, 40.6656 ] } },
{ "type": "Feature", "properties": { "year": "2021", "month": "07", "day": "23", "Bombus species": "fervidus", "date": "2021-07-23", "julian_day": 204.0, "source": "UtahPP" }, "geometry": { "type": "Point", "coordinates": [ -111.996, 40.66562 ] } },
{ "type": "Feature", "properties": { "year": "2022", "month": "06", "day": "10", "Bombus species": "fervidus", "date": "2022-06-10", "julian_day": 161.0, "source": "UtahPP" }, "geometry": { "type": "Point", "coordinates": [ -111.9961744, 40.66554695 ] } },
{ "type": "Feature", "properties": { "year": "2022", "month": "08", "day": "03", "Bombus species": "huntii", "date": "2022-08-03", "julian_day": 215.0, "source": "UtahPP" }, "geometry": { "type": "Point", "coordinates": [ -111.9961909, 40.66560941 ] } },
{ "type": "Feature", "properties": { "year": "2023", "month": "06", "day": "11", "Bombus species": "fervidus", "date": "2023-06-11", "julian_day": 162.0, "source": "UtahPP" }, "geometry": { "type": "Point", "coordinates": [ -111.99621, 40.66557302 ] } },
{ "type": "Feature", "properties": { "year": "2022", "month": "07", "day": "29", "Bombus species": "huntii", "date": "2022-07-29", "julian_day": 210.0, "source": "UtahPP" }, "geometry": { "type": "Point", "coordinates": [ -111.9962514, 40.66557223 ] } },
{ "type": "Feature", "properties": { "year": "2023", "month": "07", "day": "30", "Bombus species": "fervidus", "date": "2023-07-30", "julian_day": 211.0, "source": "UtahPP" }, "geometry": { "type": "Point", "coordinates": [ -111.9963595, 40.66554016 ] } },
{ "type": "Feature", "properties": { "year": "2023", "month": "07", "day": "29", "Bombus species": "huntii", "date": "2023-07-29", "julian_day": 210.0, "source": "UtahPP" }, "geometry": { "type": "Point", "coordinates": [ -111.99639, 40.66561079 ] } },
{ "type": "Feature", "properties": { "year": "2023", "month": "08", "day": "07", "Bombus species": "vancouverensis/bifarius", "date": "2023-08-07", "julian_day": 219.0, "source": "UtahPP" }, "geometry": { "type": "Point", "coordinates": [ -111.9997517, 40.69603808 ] } },
{ "type": "Feature", "properties": { "year": "2021", "month": "06", "day": "15", "Bombus species": "insularis", "date": "2021-06-15", "julian_day": 166.0, "source": "UtahPP" }, "geometry": { "type": "Point", "coordinates": [ -112.0023816, 41.03807764 ] } },
{ "type": "Feature", "properties": { "year": "2021", "month": "06", "day": "18", "Bombus species": "griseocollis", "date": "2021-06-18", "julian_day": 169.0, "source": "UtahPP" }, "geometry": { "type": "Point", "coordinates": [ -112.007, 41.04575 ] } },
{ "type": "Feature", "properties": { "year": "2023", "month": "05", "day": "27", "Bombus species": "fervidus", "date": "2023-05-27", "julian_day": 147.0, "source": "UtahPP" }, "geometry": { "type": "Point", "coordinates": [ -112.02253, 40.63208458 ] } },
{ "type": "Feature", "properties": { "year": "2023", "month": "07", "day": "17", "Bombus species": "sylvicola", "date": "2023-07-17", "julian_day": 198.0, "source": "UtahPP" }, "geometry": { "type": "Point", "coordinates": [ -112.0293397, 38.53948761 ] } },
{ "type": "Feature", "properties": { "year": "2020", "month": "07", "day": "16", "Bombus species": "fervidus", "date": "2020-07-16", "julian_day": 198.0, "source": "UtahPP" }, "geometry": { "type": "Point", "coordinates": [ -112.0373517, 40.43910306 ] } },
{ "type": "Feature", "properties": { "year": "2020", "month": "08", "day": "01", "Bombus species": "fervidus", "date": "2020-08-01", "julian_day": 214.0, "source": "UtahPP" }, "geometry": { "type": "Point", "coordinates": [ -112.0452318, 41.45614798 ] } },
{ "type": "Feature", "properties": { "year": "2022", "month": "08", "day": "16", "Bombus species": "fervidus", "date": "2022-08-16", "julian_day": 228.0, "source": "UtahPP" }, "geometry": { "type": "Point", "coordinates": [ -112.0528364, 41.46666338 ] } },
{ "type": "Feature", "properties": { "year": "2022", "month": "05", "day": "27", "Bombus species": "rufocinctus", "date": "2022-05-27", "julian_day": 147.0, "source": "UtahPP" }, "geometry": { "type": "Point", "coordinates": [ -112.0529575, 40.68506161 ] } },
{ "type": "Feature", "properties": { "year": "2021", "month": "08", "day": "12", "Bombus species": "fervidus", "date": "2021-08-12", "julian_day": 224.0, "source": "UtahPP" }, "geometry": { "type": "Point", "coordinates": [ -112.053, 41.46725 ] } },
{ "type": "Feature", "properties": { "year": "2021", "month": "08", "day": "12", "Bombus species": "griseocollis", "date": "2021-08-12", "julian_day": 224.0, "source": "UtahPP" }, "geometry": { "type": "Point", "coordinates": [ -112.053, 41.46725 ] } },
{ "type": "Feature", "properties": { "year": "2023", "month": "06", "day": "22", "Bombus species": "fervidus", "date": "2023-06-22", "julian_day": 173.0, "source": "UtahPP" }, "geometry": { "type": "Point", "coordinates": [ -112.053, 41.467 ] } },
{ "type": "Feature", "properties": { "year": "2023", "month": "06", "day": "22", "Bombus species": "fervidus", "date": "2023-06-22", "julian_day": 173.0, "source": "UtahPP" }, "geometry": { "type": "Point", "coordinates": [ -112.053, 41.467 ] } },
{ "type": "Feature", "properties": { "year": "2023", "month": "09", "day": "13", "Bombus species": "rufocinctus", "date": "2023-09-13", "julian_day": 256.0, "source": "UtahPP" }, "geometry": { "type": "Point", "coordinates": [ -112.053141, 41.466702 ] } },
{ "type": "Feature", "properties": { "year": "2023", "month": "06", "day": "22", "Bombus species": "griseocollis", "date": "2023-06-22", "julian_day": 173.0, "source": "UtahPP" }, "geometry": { "type": "Point", "coordinates": [ -112.0621447, 40.47791335 ] } },
{ "type": "Feature", "properties": { "year": "2022", "month": "07", "day": "23", "Bombus species": "centralis", "date": "2022-07-23", "julian_day": 204.0, "source": "UtahPP" }, "geometry": { "type": "Point", "coordinates": [ -112.0758185, 40.687751 ] } },
{ "type": "Feature", "properties": { "year": "2022", "month": "07", "day": "23", "Bombus species": "huntii", "date": "2022-07-23", "julian_day": 204.0, "source": "UtahPP" }, "geometry": { "type": "Point", "coordinates": [ -112.0758185, 40.687751 ] } },
{ "type": "Feature", "properties": { "year": "2023", "month": "07", "day": "18", "Bombus species": "huntii", "date": "2023-07-18", "julian_day": 199.0, "source": "UtahPP" }, "geometry": { "type": "Point", "coordinates": [ -112.0805752, 38.47975502 ] } },
{ "type": "Feature", "properties": { "year": "2021", "month": "07", "day": "11", "Bombus species": "centralis", "date": "2021-07-11", "julian_day": 192.0, "source": "UtahPP" }, "geometry": { "type": "Point", "coordinates": [ -112.084, 40.46518 ] } },
{ "type": "Feature", "properties": { "year": "2021", "month": "06", "day": "16", "Bombus species": "griseocollis", "date": "2021-06-16", "julian_day": 167.0, "source": "UtahPP" }, "geometry": { "type": "Point", "coordinates": [ -112.0860799, 41.06364973 ] } },
{ "type": "Feature", "properties": { "year": "2021", "month": "07", "day": "11", "Bombus species": "fervidus", "date": "2021-07-11", "julian_day": 192.0, "source": "UtahPP" }, "geometry": { "type": "Point", "coordinates": [ -112.088, 40.46588 ] } },
{ "type": "Feature", "properties": { "year": "2021", "month": "07", "day": "11", "Bombus species": "huntii", "date": "2021-07-11", "julian_day": 192.0, "source": "UtahPP" }, "geometry": { "type": "Point", "coordinates": [ -112.09, 40.46634 ] } },
{ "type": "Feature", "properties": { "year": "2021", "month": "07", "day": "11", "Bombus species": "vancouverensis/bifarius", "date": "2021-07-11", "julian_day": 192.0, "source": "UtahPP" }, "geometry": { "type": "Point", "coordinates": [ -112.091, 40.46623 ] } },
{ "type": "Feature", "properties": { "year": "2021", "month": "08", "day": "21", "Bombus species": "huntii", "date": "2021-08-21", "julian_day": 233.0, "source": "UtahPP" }, "geometry": { "type": "Point", "coordinates": [ -112.091, 40.46624 ] } },
{ "type": "Feature", "properties": { "year": "2021", "month": "07", "day": "11", "Bombus species": "centralis", "date": "2021-07-11", "julian_day": 192.0, "source": "UtahPP" }, "geometry": { "type": "Point", "coordinates": [ -112.093, 40.46648 ] } },
{ "type": "Feature", "properties": { "year": "2021", "month": "06", "day": "25", "Bombus species": "centralis", "date": "2021-06-25", "julian_day": 176.0, "source": "UtahPP" }, "geometry": { "type": "Point", "coordinates": [ -112.096, 40.42146 ] } },
{ "type": "Feature", "properties": { "year": "2021", "month": "06", "day": "01", "Bombus species": "fervidus", "date": "2021-06-01", "julian_day": 152.0, "source": "UtahPP" }, "geometry": { "type": "Point", "coordinates": [ -112.0999423, 41.06398667 ] } },
{ "type": "Feature", "properties": { "year": "2020", "month": "09", "day": "14", "Bombus species": "appositus", "date": "2020-09-14", "julian_day": 258.0, "source": "UtahPP" }, "geometry": { "type": "Point", "coordinates": [ -112.1183628, 41.2768111 ] } },
{ "type": "Feature", "properties": { "year": "2020", "month": "09", "day": "07", "Bombus species": "fervidus", "date": "2020-09-07", "julian_day": 251.0, "source": "UtahPP" }, "geometry": { "type": "Point", "coordinates": [ -112.1183635, 41.2766671 ] } },
{ "type": "Feature", "properties": { "year": "2023", "month": "07", "day": "07", "Bombus species": "huntii", "date": "2023-07-07", "julian_day": 188.0, "source": "UtahPP" }, "geometry": { "type": "Point", "coordinates": [ -112.1725912, 37.475 ] } },
{ "type": "Feature", "properties": { "year": "2022", "month": "06", "day": "08", "Bombus species": "morrisoni", "date": "2022-06-08", "julian_day": 159.0, "source": "UtahPP" }, "geometry": { "type": "Point", "coordinates": [ -112.2347626, 38.46631193 ] } },
{ "type": "Feature", "properties": { "year": "2022", "month": "06", "day": "06", "Bombus species": "huntii", "date": "2022-06-06", "julian_day": 157.0, "source": "UtahPP" }, "geometry": { "type": "Point", "coordinates": [ -112.2347696, 38.46634902 ] } },
{ "type": "Feature", "properties": { "year": "2023", "month": "07", "day": "07", "Bombus species": "vancouverensis/bifarius", "date": "2023-07-07", "julian_day": 188.0, "source": "UtahPP" }, "geometry": { "type": "Point", "coordinates": [ -112.24, 37.475 ] } },
{ "type": "Feature", "properties": { "year": "2023", "month": "07", "day": "07", "Bombus species": "vancouverensis/bifarius", "date": "2023-07-07", "julian_day": 188.0, "source": "UtahPP" }, "geometry": { "type": "Point", "coordinates": [ -112.24, 37.475 ] } },
{ "type": "Feature", "properties": { "year": "2023", "month": "07", "day": "07", "Bombus species": "vancouverensis/bifarius", "date": "2023-07-07", "julian_day": 188.0, "source": "UtahPP" }, "geometry": { "type": "Point", "coordinates": [ -112.24, 37.475 ] } },
{ "type": "Feature", "properties": { "year": "2023", "month": "07", "day": "07", "Bombus species": "centralis", "date": "2023-07-07", "julian_day": 188.0, "source": "UtahPP" }, "geometry": { "type": "Point", "coordinates": [ -112.24, 37.475 ] } },
{ "type": "Feature", "properties": { "year": "2023", "month": "07", "day": "07", "Bombus species": "centralis", "date": "2023-07-07", "julian_day": 188.0, "source": "UtahPP" }, "geometry": { "type": "Point", "coordinates": [ -112.24, 37.475 ] } },
{ "type": "Feature", "properties": { "year": "2023", "month": "07", "day": "07", "Bombus species": "centralis", "date": "2023-07-07", "julian_day": 188.0, "source": "UtahPP" }, "geometry": { "type": "Point", "coordinates": [ -112.24, 37.475 ] } },
{ "type": "Feature", "properties": { "year": "2023", "month": "07", "day": "07", "Bombus species": "centralis", "date": "2023-07-07", "julian_day": 188.0, "source": "UtahPP" }, "geometry": { "type": "Point", "coordinates": [ -112.24, 37.475 ] } },
{ "type": "Feature", "properties": { "year": "2023", "month": "07", "day": "07", "Bombus species": "centralis", "date": "2023-07-07", "julian_day": 188.0, "source": "UtahPP" }, "geometry": { "type": "Point", "coordinates": [ -112.24, 37.475 ] } },
{ "type": "Feature", "properties": { "year": "2023", "month": "07", "day": "07", "Bombus species": "huntii", "date": "2023-07-07", "julian_day": 188.0, "source": "UtahPP" }, "geometry": { "type": "Point", "coordinates": [ -112.24, 37.475 ] } },
{ "type": "Feature", "properties": { "year": "2023", "month": "07", "day": "07", "Bombus species": "huntii", "date": "2023-07-07", "julian_day": 188.0, "source": "UtahPP" }, "geometry": { "type": "Point", "coordinates": [ -112.24, 37.475 ] } },
{ "type": "Feature", "properties": { "year": "2023", "month": "07", "day": "07", "Bombus species": "huntii", "date": "2023-07-07", "julian_day": 188.0, "source": "UtahPP" }, "geometry": { "type": "Point", "coordinates": [ -112.24047, 37.47248 ] } },
{ "type": "Feature", "properties": { "year": "2022", "month": "07", "day": "28", "Bombus species": "huntii", "date": "2022-07-28", "julian_day": 209.0, "source": "UtahPP" }, "geometry": { "type": "Point", "coordinates": [ -112.367296, 39.89884696 ] } },
{ "type": "Feature", "properties": { "year": "2022", "month": "07", "day": "28", "Bombus species": "huntii", "date": "2022-07-28", "julian_day": 209.0, "source": "UtahPP" }, "geometry": { "type": "Point", "coordinates": [ -112.367406, 39.89833249 ] } },
{ "type": "Feature", "properties": { "year": "2022", "month": "07", "day": "28", "Bombus species": "huntii", "date": "2022-07-28", "julian_day": 209.0, "source": "UtahPP" }, "geometry": { "type": "Point", "coordinates": [ -112.3682201, 39.89915994 ] } },
{ "type": "Feature", "properties": { "year": "2022", "month": "07", "day": "28", "Bombus species": "huntii", "date": "2022-07-28", "julian_day": 209.0, "source": "UtahPP" }, "geometry": { "type": "Point", "coordinates": [ -112.3722672, 39.85640072 ] } },
{ "type": "Feature", "properties": { "year": "2022", "month": "07", "day": "28", "Bombus species": "huntii", "date": "2022-07-28", "julian_day": 209.0, "source": "UtahPP" }, "geometry": { "type": "Point", "coordinates": [ -112.3727193, 39.85662526 ] } },
{ "type": "Feature", "properties": { "year": "2020", "month": "06", "day": "11", "Bombus species": "centralis", "date": "2020-06-11", "julian_day": 163.0, "source": "UtahPP" }, "geometry": { "type": "Point", "coordinates": [ -112.3751612, 39.96001221 ] } },
{ "type": "Feature", "properties": { "year": "2021", "month": "07", "day": "24", "Bombus species": "centralis", "date": "2021-07-24", "julian_day": 205.0, "source": "UtahPP" }, "geometry": { "type": "Point", "coordinates": [ -112.381256, 38.493298 ] } },
{ "type": "Feature", "properties": { "year": "2021", "month": "07", "day": "24", "Bombus species": "huntii", "date": "2021-07-24", "julian_day": 205.0, "source": "UtahPP" }, "geometry": { "type": "Point", "coordinates": [ -112.383, 37.757 ] } },
{ "type": "Feature", "properties": { "year": "2021", "month": "07", "day": "24", "Bombus species": "huntii", "date": "2021-07-24", "julian_day": 205.0, "source": "UtahPP" }, "geometry": { "type": "Point", "coordinates": [ -112.383, 37.757 ] } },
{ "type": "Feature", "properties": { "year": "2021", "month": "07", "day": "24", "Bombus species": "huntii", "date": "2021-07-24", "julian_day": 205.0, "source": "UtahPP" }, "geometry": { "type": "Point", "coordinates": [ -112.383, 37.757 ] } },
{ "type": "Feature", "properties": { "year": "2021", "month": "07", "day": "24", "Bombus species": "huntii", "date": "2021-07-24", "julian_day": 205.0, "source": "UtahPP" }, "geometry": { "type": "Point", "coordinates": [ -112.383, 37.757 ] } },
{ "type": "Feature", "properties": { "year": "2021", "month": "07", "day": "24", "Bombus species": "huntii", "date": "2021-07-24", "julian_day": 205.0, "source": "UtahPP" }, "geometry": { "type": "Point", "coordinates": [ -112.383, 37.757 ] } },
{ "type": "Feature", "properties": { "year": "2021", "month": "07", "day": "24", "Bombus species": "huntii", "date": "2021-07-24", "julian_day": 205.0, "source": "UtahPP" }, "geometry": { "type": "Point", "coordinates": [ -112.383, 37.757 ] } },
{ "type": "Feature", "properties": { "year": "2021", "month": "07", "day": "24", "Bombus species": "huntii", "date": "2021-07-24", "julian_day": 205.0, "source": "UtahPP" }, "geometry": { "type": "Point", "coordinates": [ -112.383, 37.757 ] } },
{ "type": "Feature", "properties": { "year": "2021", "month": "07", "day": "24", "Bombus species": "nevadensis", "date": "2021-07-24", "julian_day": 205.0, "source": "UtahPP" }, "geometry": { "type": "Point", "coordinates": [ -112.383, 37.757 ] } },
{ "type": "Feature", "properties": { "year": "2021", "month": "07", "day": "24", "Bombus species": "nevadensis", "date": "2021-07-24", "julian_day": 205.0, "source": "UtahPP" }, "geometry": { "type": "Point", "coordinates": [ -112.383, 37.757 ] } },
{ "type": "Feature", "properties": { "year": "2021", "month": "07", "day": "24", "Bombus species": "nevadensis", "date": "2021-07-24", "julian_day": 205.0, "source": "UtahPP" }, "geometry": { "type": "Point", "coordinates": [ -112.383, 37.757 ] } },
{ "type": "Feature", "properties": { "year": "2021", "month": "07", "day": "15", "Bombus species": "nevadensis", "date": "2021-07-15", "julian_day": 196.0, "source": "UtahPP" }, "geometry": { "type": "Point", "coordinates": [ -112.536, 38.21477 ] } },
{ "type": "Feature", "properties": { "year": "2021", "month": "07", "day": "15", "Bombus species": "nevadensis", "date": "2021-07-15", "julian_day": 196.0, "source": "UtahPP" }, "geometry": { "type": "Point", "coordinates": [ -112.536, 38.21483 ] } },
{ "type": "Feature", "properties": { "year": "2021", "month": "07", "day": "15", "Bombus species": "nevadensis", "date": "2021-07-15", "julian_day": 196.0, "source": "UtahPP" }, "geometry": { "type": "Point", "coordinates": [ -112.537, 38.21464 ] } },
{ "type": "Feature", "properties": { "year": "2021", "month": "07", "day": "15", "Bombus species": "nevadensis", "date": "2021-07-15", "julian_day": 196.0, "source": "UtahPP" }, "geometry": { "type": "Point", "coordinates": [ -112.537, 38.21464 ] } },
{ "type": "Feature", "properties": { "year": "2021", "month": "08", "day": "12", "Bombus species": "vancouverensis/bifarius", "date": "2021-08-12", "julian_day": 224.0, "source": "UtahPP" }, "geometry": { "type": "Point", "coordinates": [ -112.538, 38.21478 ] } },
{ "type": "Feature", "properties": { "year": "2021", "month": "08", "day": "12", "Bombus species": "vancouverensis/bifarius", "date": "2021-08-12", "julian_day": 224.0, "source": "UtahPP" }, "geometry": { "type": "Point", "coordinates": [ -112.538, 38.2148 ] } },
{ "type": "Feature", "properties": { "year": "2021", "month": "08", "day": "17", "Bombus species": "nevadensis", "date": "2021-08-17", "julian_day": 229.0, "source": "UtahPP" }, "geometry": { "type": "Point", "coordinates": [ -112.588, 38.04708 ] } },
{ "type": "Feature", "properties": { "year": "2022", "month": "08", "day": "08", "Bombus species": "vancouverensis/bifarius", "date": "2022-08-08", "julian_day": 220.0, "source": "UtahPP" }, "geometry": { "type": "Point", "coordinates": [ -112.6150024, 37.51198157 ] } },
{ "type": "Feature", "properties": { "year": "2021", "month": "07", "day": "22", "Bombus species": "huntii", "date": "2021-07-22", "julian_day": 203.0, "source": "UtahPP" }, "geometry": { "type": "Point", "coordinates": [ -112.661, 38.46692 ] } },
{ "type": "Feature", "properties": { "year": "2021", "month": "07", "day": "22", "Bombus species": "huntii", "date": "2021-07-22", "julian_day": 203.0, "source": "UtahPP" }, "geometry": { "type": "Point", "coordinates": [ -112.661, 38.46694 ] } },
{ "type": "Feature", "properties": { "year": "2021", "month": "07", "day": "22", "Bombus species": "morrisoni", "date": "2021-07-22", "julian_day": 203.0, "source": "UtahPP" }, "geometry": { "type": "Point", "coordinates": [ -112.661, 38.46695 ] } },
{ "type": "Feature", "properties": { "year": "2021", "month": "07", "day": "22", "Bombus species": "fervidus", "date": "2021-07-22", "julian_day": 203.0, "source": "UtahPP" }, "geometry": { "type": "Point", "coordinates": [ -112.662, 38.46693 ] } },
{ "type": "Feature", "properties": { "year": "2021", "month": "07", "day": "22", "Bombus species": "huntii", "date": "2021-07-22", "julian_day": 203.0, "source": "UtahPP" }, "geometry": { "type": "Point", "coordinates": [ -112.662, 38.46699 ] } },
{ "type": "Feature", "properties": { "year": "2021", "month": "07", "day": "22", "Bombus species": "huntii", "date": "2021-07-22", "julian_day": 203.0, "source": "UtahPP" }, "geometry": { "type": "Point", "coordinates": [ -112.662, 38.46699 ] } },
{ "type": "Feature", "properties": { "year": "2021", "month": "07", "day": "22", "Bombus species": "nevadensis", "date": "2021-07-22", "julian_day": 203.0, "source": "UtahPP" }, "geometry": { "type": "Point", "coordinates": [ -112.662, 38.46703 ] } },
{ "type": "Feature", "properties": { "year": "2021", "month": "07", "day": "22", "Bombus species": "fervidus", "date": "2021-07-22", "julian_day": 203.0, "source": "UtahPP" }, "geometry": { "type": "Point", "coordinates": [ -112.665, 38.4646 ] } },
{ "type": "Feature", "properties": { "year": "2021", "month": "07", "day": "22", "Bombus species": "huntii", "date": "2021-07-22", "julian_day": 203.0, "source": "UtahPP" }, "geometry": { "type": "Point", "coordinates": [ -112.665, 38.4646 ] } },
{ "type": "Feature", "properties": { "year": "2021", "month": "07", "day": "22", "Bombus species": "huntii", "date": "2021-07-22", "julian_day": 203.0, "source": "UtahPP" }, "geometry": { "type": "Point", "coordinates": [ -112.665, 38.4646 ] } },
{ "type": "Feature", "properties": { "year": "2021", "month": "07", "day": "22", "Bombus species": "huntii", "date": "2021-07-22", "julian_day": 203.0, "source": "UtahPP" }, "geometry": { "type": "Point", "coordinates": [ -112.665, 38.46462 ] } },
{ "type": "Feature", "properties": { "year": "2021", "month": "07", "day": "22", "Bombus species": "nevadensis", "date": "2021-07-22", "julian_day": 203.0, "source": "UtahPP" }, "geometry": { "type": "Point", "coordinates": [ -112.665, 38.46461 ] } },
{ "type": "Feature", "properties": { "year": "2021", "month": "07", "day": "22", "Bombus species": "nevadensis", "date": "2021-07-22", "julian_day": 203.0, "source": "UtahPP" }, "geometry": { "type": "Point", "coordinates": [ -112.665, 38.46464 ] } },
{ "type": "Feature", "properties": { "year": "2021", "month": "08", "day": "12", "Bombus species": "morrisoni", "date": "2021-08-12", "julian_day": 224.0, "source": "UtahPP" }, "geometry": { "type": "Point", "coordinates": [ -112.665, 38.46452 ] } },
{ "type": "Feature", "properties": { "year": "2021", "month": "08", "day": "12", "Bombus species": "morrisoni", "date": "2021-08-12", "julian_day": 224.0, "source": "UtahPP" }, "geometry": { "type": "Point", "coordinates": [ -112.665, 38.46456 ] } },
{ "type": "Feature", "properties": { "year": "2021", "month": "08", "day": "12", "Bombus species": "morrisoni", "date": "2021-08-12", "julian_day": 224.0, "source": "UtahPP" }, "geometry": { "type": "Point", "coordinates": [ -112.665, 38.46457 ] } },
{ "type": "Feature", "properties": { "year": "2021", "month": "07", "day": "22", "Bombus species": "fervidus", "date": "2021-07-22", "julian_day": 203.0, "source": "UtahPP" }, "geometry": { "type": "Point", "coordinates": [ -112.681, 38.46467 ] } },
{ "type": "Feature", "properties": { "year": "2021", "month": "07", "day": "22", "Bombus species": "huntii", "date": "2021-07-22", "julian_day": 203.0, "source": "UtahPP" }, "geometry": { "type": "Point", "coordinates": [ -112.682, 38.46405 ] } },
{ "type": "Feature", "properties": { "year": "2021", "month": "07", "day": "22", "Bombus species": "huntii", "date": "2021-07-22", "julian_day": 203.0, "source": "UtahPP" }, "geometry": { "type": "Point", "coordinates": [ -112.682, 38.46405 ] } },
{ "type": "Feature", "properties": { "year": "2021", "month": "07", "day": "22", "Bombus species": "nevadensis", "date": "2021-07-22", "julian_day": 203.0, "source": "UtahPP" }, "geometry": { "type": "Point", "coordinates": [ -112.682, 38.46405 ] } },
{ "type": "Feature", "properties": { "year": "2021", "month": "07", "day": "22", "Bombus species": "nevadensis", "date": "2021-07-22", "julian_day": 203.0, "source": "UtahPP" }, "geometry": { "type": "Point", "coordinates": [ -112.682, 38.46405 ] } },
{ "type": "Feature", "properties": { "year": "2021", "month": "07", "day": "22", "Bombus species": "nevadensis", "date": "2021-07-22", "julian_day": 203.0, "source": "UtahPP" }, "geometry": { "type": "Point", "coordinates": [ -112.682, 38.46406 ] } },
{ "type": "Feature", "properties": { "year": "2021", "month": "07", "day": "22", "Bombus species": "nevadensis", "date": "2021-07-22", "julian_day": 203.0, "source": "UtahPP" }, "geometry": { "type": "Point", "coordinates": [ -112.682, 38.46407 ] } },
{ "type": "Feature", "properties": { "year": "2020", "month": "05", "day": "05", "Bombus species": "huntii", "date": "2020-05-05", "julian_day": 126.0, "source": "UtahPP" }, "geometry": { "type": "Point", "coordinates": [ -112.7103061, 37.05021267 ] } },
{ "type": "Feature", "properties": { "year": "2021", "month": "05", "day": "18", "Bombus species": "morrisoni", "date": "2021-05-18", "julian_day": 138.0, "source": "UtahPP" }, "geometry": { "type": "Point", "coordinates": [ -112.7142023, 37.05041796 ] } },
{ "type": "Feature", "properties": { "year": "2022", "month": "08", "day": "08", "Bombus species": "fervidus", "date": "2022-08-08", "julian_day": 220.0, "source": "UtahPP" }, "geometry": { "type": "Point", "coordinates": [ -112.7239239, 37.66545236 ] } },
{ "type": "Feature", "properties": { "year": "2022", "month": "08", "day": "08", "Bombus species": "fervidus", "date": "2022-08-08", "julian_day": 220.0, "source": "UtahPP" }, "geometry": { "type": "Point", "coordinates": [ -112.7242406, 37.66562108 ] } },
{ "type": "Feature", "properties": { "year": "2022", "month": "08", "day": "08", "Bombus species": "fervidus", "date": "2022-08-08", "julian_day": 220.0, "source": "UtahPP" }, "geometry": { "type": "Point", "coordinates": [ -112.7242981, 37.66565675 ] } },
{ "type": "Feature", "properties": { "year": "2022", "month": "08", "day": "08", "Bombus species": "insularis", "date": "2022-08-08", "julian_day": 220.0, "source": "UtahPP" }, "geometry": { "type": "Point", "coordinates": [ -112.7243278, 37.66558692 ] } },
{ "type": "Feature", "properties": { "year": "2022", "month": "08", "day": "08", "Bombus species": "insularis", "date": "2022-08-08", "julian_day": 220.0, "source": "UtahPP" }, "geometry": { "type": "Point", "coordinates": [ -112.7243759, 37.66546827 ] } },
{ "type": "Feature", "properties": { "year": "2022", "month": "08", "day": "08", "Bombus species": "melanopygus", "date": "2022-08-08", "julian_day": 220.0, "source": "UtahPP" }, "geometry": { "type": "Point", "coordinates": [ -112.7244387, 37.6654542 ] } },
{ "type": "Feature", "properties": { "year": "2021", "month": "08", "day": "23", "Bombus species": "huntii", "date": "2021-08-23", "julian_day": 235.0, "source": "UtahPP" }, "geometry": { "type": "Point", "coordinates": [ -112.792, 41.71583 ] } },
{ "type": "Feature", "properties": { "year": "2021", "month": "06", "day": "23", "Bombus species": "huntii", "date": "2021-06-23", "julian_day": 174.0, "source": "UtahPP" }, "geometry": { "type": "Point", "coordinates": [ -112.804, 37.8209 ] } },
{ "type": "Feature", "properties": { "year": "2021", "month": "06", "day": "24", "Bombus species": "nevadensis", "date": "2021-06-24", "julian_day": 175.0, "source": "UtahPP" }, "geometry": { "type": "Point", "coordinates": [ -112.804, 37.8206 ] } },
{ "type": "Feature", "properties": { "year": "2023", "month": "06", "day": "22", "Bombus species": "morrisoni", "date": "2023-06-22", "julian_day": 173.0, "source": "UtahPP" }, "geometry": { "type": "Point", "coordinates": [ -112.8263336, 37.83469032 ] } },
{ "type": "Feature", "properties": { "year": "2022", "month": "08", "day": "08", "Bombus species": "rufocinctus", "date": "2022-08-08", "julian_day": 220.0, "source": "UtahPP" }, "geometry": { "type": "Point", "coordinates": [ -112.8263682, 37.65376554 ] } },
{ "type": "Feature", "properties": { "year": "2022", "month": "08", "day": "08", "Bombus species": "vancouverensis/bifarius", "date": "2022-08-08", "julian_day": 220.0, "source": "UtahPP" }, "geometry": { "type": "Point", "coordinates": [ -112.8263942, 37.65335811 ] } },
{ "type": "Feature", "properties": { "year": "2022", "month": "08", "day": "08", "Bombus species": "vancouverensis/bifarius", "date": "2022-08-08", "julian_day": 220.0, "source": "UtahPP" }, "geometry": { "type": "Point", "coordinates": [ -112.8264558, 37.65377534 ] } },
{ "type": "Feature", "properties": { "year": "2022", "month": "08", "day": "08", "Bombus species": "appositus", "date": "2022-08-08", "julian_day": 220.0, "source": "UtahPP" }, "geometry": { "type": "Point", "coordinates": [ -112.8264697, 37.65364433 ] } },
{ "type": "Feature", "properties": { "year": "2022", "month": "08", "day": "08", "Bombus species": "occidentalis", "date": "2022-08-08", "julian_day": 220.0, "source": "UtahPP" }, "geometry": { "type": "Point", "coordinates": [ -112.826607, 37.65424753 ] } },
{ "type": "Feature", "properties": { "year": "2022", "month": "08", "day": "08", "Bombus species": "vancouverensis/bifarius", "date": "2022-08-08", "julian_day": 220.0, "source": "UtahPP" }, "geometry": { "type": "Point", "coordinates": [ -112.826632, 37.65410734 ] } },
{ "type": "Feature", "properties": { "year": "2022", "month": "08", "day": "08", "Bombus species": "centralis", "date": "2022-08-08", "julian_day": 220.0, "source": "UtahPP" }, "geometry": { "type": "Point", "coordinates": [ -112.8268228, 37.65415274 ] } },
{ "type": "Feature", "properties": { "year": "2022", "month": "08", "day": "08", "Bombus species": "vancouverensis/bifarius", "date": "2022-08-08", "julian_day": 220.0, "source": "UtahPP" }, "geometry": { "type": "Point", "coordinates": [ -112.8269434, 37.65398394 ] } },
{ "type": "Feature", "properties": { "year": "2021", "month": "07", "day": "13", "Bombus species": "appositus", "date": "2021-07-13", "julian_day": 194.0, "source": "UtahPP" }, "geometry": { "type": "Point", "coordinates": [ -112.84, 37.66274 ] } },
{ "type": "Feature", "properties": { "year": "2021", "month": "07", "day": "13", "Bombus species": "appositus", "date": "2021-07-13", "julian_day": 194.0, "source": "UtahPP" }, "geometry": { "type": "Point", "coordinates": [ -112.84, 37.66275 ] } },
{ "type": "Feature", "properties": { "year": "2021", "month": "07", "day": "13", "Bombus species": "vancouverensis/bifarius", "date": "2021-07-13", "julian_day": 194.0, "source": "UtahPP" }, "geometry": { "type": "Point", "coordinates": [ -112.84, 37.6627 ] } },
{ "type": "Feature", "properties": { "year": "2021", "month": "07", "day": "13", "Bombus species": "vancouverensis/bifarius", "date": "2021-07-13", "julian_day": 194.0, "source": "UtahPP" }, "geometry": { "type": "Point", "coordinates": [ -112.84, 37.66272 ] } },
{ "type": "Feature", "properties": { "year": "2021", "month": "07", "day": "13", "Bombus species": "vancouverensis/bifarius", "date": "2021-07-13", "julian_day": 194.0, "source": "UtahPP" }, "geometry": { "type": "Point", "coordinates": [ -112.84, 37.66272 ] } },
{ "type": "Feature", "properties": { "year": "2021", "month": "07", "day": "13", "Bombus species": "vancouverensis/bifarius", "date": "2021-07-13", "julian_day": 194.0, "source": "UtahPP" }, "geometry": { "type": "Point", "coordinates": [ -112.84, 37.66272 ] } },
{ "type": "Feature", "properties": { "year": "2021", "month": "07", "day": "13", "Bombus species": "centralis", "date": "2021-07-13", "julian_day": 194.0, "source": "UtahPP" }, "geometry": { "type": "Point", "coordinates": [ -112.84, 37.66271 ] } },
{ "type": "Feature", "properties": { "year": "2021", "month": "07", "day": "13", "Bombus species": "centralis", "date": "2021-07-13", "julian_day": 194.0, "source": "UtahPP" }, "geometry": { "type": "Point", "coordinates": [ -112.84, 37.66272 ] } },
{ "type": "Feature", "properties": { "year": "2021", "month": "07", "day": "13", "Bombus species": "flavifrons", "date": "2021-07-13", "julian_day": 194.0, "source": "UtahPP" }, "geometry": { "type": "Point", "coordinates": [ -112.84, 37.6627 ] } },
{ "type": "Feature", "properties": { "year": "2021", "month": "07", "day": "13", "Bombus species": "flavifrons", "date": "2021-07-13", "julian_day": 194.0, "source": "UtahPP" }, "geometry": { "type": "Point", "coordinates": [ -112.84, 37.66271 ] } },
{ "type": "Feature", "properties": { "year": "2021", "month": "07", "day": "13", "Bombus species": "flavifrons", "date": "2021-07-13", "julian_day": 194.0, "source": "UtahPP" }, "geometry": { "type": "Point", "coordinates": [ -112.84, 37.66271 ] } },
{ "type": "Feature", "properties": { "year": "2021", "month": "07", "day": "13", "Bombus species": "flavifrons", "date": "2021-07-13", "julian_day": 194.0, "source": "UtahPP" }, "geometry": { "type": "Point", "coordinates": [ -112.84, 37.66271 ] } },
{ "type": "Feature", "properties": { "year": "2021", "month": "07", "day": "13", "Bombus species": "flavifrons", "date": "2021-07-13", "julian_day": 194.0, "source": "UtahPP" }, "geometry": { "type": "Point", "coordinates": [ -112.84, 37.66272 ] } },
{ "type": "Feature", "properties": { "year": "2021", "month": "07", "day": "13", "Bombus species": "flavifrons", "date": "2021-07-13", "julian_day": 194.0, "source": "UtahPP" }, "geometry": { "type": "Point", "coordinates": [ -112.84, 37.66272 ] } },
{ "type": "Feature", "properties": { "year": "2021", "month": "07", "day": "13", "Bombus species": "flavifrons", "date": "2021-07-13", "julian_day": 194.0, "source": "UtahPP" }, "geometry": { "type": "Point", "coordinates": [ -112.84, 37.66272 ] } },
{ "type": "Feature", "properties": { "year": "2021", "month": "07", "day": "13", "Bombus species": "flavifrons", "date": "2021-07-13", "julian_day": 194.0, "source": "UtahPP" }, "geometry": { "type": "Point", "coordinates": [ -112.84, 37.66272 ] } },
{ "type": "Feature", "properties": { "year": "2021", "month": "07", "day": "13", "Bombus species": "flavifrons", "date": "2021-07-13", "julian_day": 194.0, "source": "UtahPP" }, "geometry": { "type": "Point", "coordinates": [ -112.84, 37.66272 ] } },
{ "type": "Feature", "properties": { "year": "2021", "month": "07", "day": "13", "Bombus species": "flavifrons", "date": "2021-07-13", "julian_day": 194.0, "source": "UtahPP" }, "geometry": { "type": "Point", "coordinates": [ -112.84, 37.66272 ] } },
{ "type": "Feature", "properties": { "year": "2021", "month": "07", "day": "13", "Bombus species": "flavifrons", "date": "2021-07-13", "julian_day": 194.0, "source": "UtahPP" }, "geometry": { "type": "Point", "coordinates": [ -112.84, 37.66272 ] } },
{ "type": "Feature", "properties": { "year": "2021", "month": "07", "day": "13", "Bombus species": "flavifrons", "date": "2021-07-13", "julian_day": 194.0, "source": "UtahPP" }, "geometry": { "type": "Point", "coordinates": [ -112.84, 37.66273 ] } },
{ "type": "Feature", "properties": { "year": "2021", "month": "07", "day": "13", "Bombus species": "flavifrons", "date": "2021-07-13", "julian_day": 194.0, "source": "UtahPP" }, "geometry": { "type": "Point", "coordinates": [ -112.84, 37.66273 ] } },
{ "type": "Feature", "properties": { "year": "2021", "month": "07", "day": "13", "Bombus species": "flavifrons", "date": "2021-07-13", "julian_day": 194.0, "source": "UtahPP" }, "geometry": { "type": "Point", "coordinates": [ -112.84, 37.66273 ] } },
{ "type": "Feature", "properties": { "year": "2021", "month": "07", "day": "13", "Bombus species": "flavifrons", "date": "2021-07-13", "julian_day": 194.0, "source": "UtahPP" }, "geometry": { "type": "Point", "coordinates": [ -112.84, 37.66273 ] } },
{ "type": "Feature", "properties": { "year": "2021", "month": "07", "day": "13", "Bombus species": "flavifrons", "date": "2021-07-13", "julian_day": 194.0, "source": "UtahPP" }, "geometry": { "type": "Point", "coordinates": [ -112.84, 37.66273 ] } },
{ "type": "Feature", "properties": { "year": "2021", "month": "07", "day": "13", "Bombus species": "flavifrons", "date": "2021-07-13", "julian_day": 194.0, "source": "UtahPP" }, "geometry": { "type": "Point", "coordinates": [ -112.84, 37.66273 ] } },
{ "type": "Feature", "properties": { "year": "2021", "month": "07", "day": "13", "Bombus species": "flavifrons", "date": "2021-07-13", "julian_day": 194.0, "source": "UtahPP" }, "geometry": { "type": "Point", "coordinates": [ -112.84, 37.66274 ] } },
{ "type": "Feature", "properties": { "year": "2021", "month": "07", "day": "13", "Bombus species": "flavifrons", "date": "2021-07-13", "julian_day": 194.0, "source": "UtahPP" }, "geometry": { "type": "Point", "coordinates": [ -112.84, 37.66274 ] } },
{ "type": "Feature", "properties": { "year": "2021", "month": "07", "day": "13", "Bombus species": "flavifrons", "date": "2021-07-13", "julian_day": 194.0, "source": "UtahPP" }, "geometry": { "type": "Point", "coordinates": [ -112.84, 37.66274 ] } },
{ "type": "Feature", "properties": { "year": "2021", "month": "07", "day": "13", "Bombus species": "flavifrons", "date": "2021-07-13", "julian_day": 194.0, "source": "UtahPP" }, "geometry": { "type": "Point", "coordinates": [ -112.84, 37.66274 ] } },
{ "type": "Feature", "properties": { "year": "2021", "month": "07", "day": "13", "Bombus species": "flavifrons", "date": "2021-07-13", "julian_day": 194.0, "source": "UtahPP" }, "geometry": { "type": "Point", "coordinates": [ -112.84, 37.66274 ] } },
{ "type": "Feature", "properties": { "year": "2021", "month": "07", "day": "13", "Bombus species": "flavifrons", "date": "2021-07-13", "julian_day": 194.0, "source": "UtahPP" }, "geometry": { "type": "Point", "coordinates": [ -112.84, 37.66275 ] } },
{ "type": "Feature", "properties": { "year": "2021", "month": "07", "day": "13", "Bombus species": "flavifrons", "date": "2021-07-13", "julian_day": 194.0, "source": "UtahPP" }, "geometry": { "type": "Point", "coordinates": [ -112.84, 37.66275 ] } },
{ "type": "Feature", "properties": { "year": "2021", "month": "07", "day": "13", "Bombus species": "nevadensis", "date": "2021-07-13", "julian_day": 194.0, "source": "UtahPP" }, "geometry": { "type": "Point", "coordinates": [ -112.84, 37.66271 ] } },
{ "type": "Feature", "properties": { "year": "2021", "month": "07", "day": "13", "Bombus species": "nevadensis", "date": "2021-07-13", "julian_day": 194.0, "source": "UtahPP" }, "geometry": { "type": "Point", "coordinates": [ -112.84, 37.66273 ] } },
{ "type": "Feature", "properties": { "year": "2021", "month": "07", "day": "13", "Bombus species": "nevadensis", "date": "2021-07-13", "julian_day": 194.0, "source": "UtahPP" }, "geometry": { "type": "Point", "coordinates": [ -112.84, 37.66274 ] } },
{ "type": "Feature", "properties": { "year": "2021", "month": "07", "day": "13", "Bombus species": "nevadensis", "date": "2021-07-13", "julian_day": 194.0, "source": "UtahPP" }, "geometry": { "type": "Point", "coordinates": [ -112.84, 37.66274 ] } },
{ "type": "Feature", "properties": { "year": "2021", "month": "07", "day": "13", "Bombus species": "nevadensis", "date": "2021-07-13", "julian_day": 194.0, "source": "UtahPP" }, "geometry": { "type": "Point", "coordinates": [ -112.84, 37.66275 ] } },
{ "type": "Feature", "properties": { "year": "2021", "month": "07", "day": "13", "Bombus species": "nevadensis", "date": "2021-07-13", "julian_day": 194.0, "source": "UtahPP" }, "geometry": { "type": "Point", "coordinates": [ -112.84, 37.66275 ] } },
{ "type": "Feature", "properties": { "year": "2021", "month": "07", "day": "14", "Bombus species": "vancouverensis/bifarius", "date": "2021-07-14", "julian_day": 195.0, "source": "UtahPP" }, "geometry": { "type": "Point", "coordinates": [ -112.84, 37.66274 ] } },
{ "type": "Feature", "properties": { "year": "2021", "month": "07", "day": "14", "Bombus species": "vancouverensis/bifarius", "date": "2021-07-14", "julian_day": 195.0, "source": "UtahPP" }, "geometry": { "type": "Point", "coordinates": [ -112.84, 37.66275 ] } },
{ "type": "Feature", "properties": { "year": "2021", "month": "07", "day": "14", "Bombus species": "vancouverensis/bifarius", "date": "2021-07-14", "julian_day": 195.0, "source": "UtahPP" }, "geometry": { "type": "Point", "coordinates": [ -112.84, 37.66275 ] } },
{ "type": "Feature", "properties": { "year": "2021", "month": "07", "day": "14", "Bombus species": "centralis", "date": "2021-07-14", "julian_day": 195.0, "source": "UtahPP" }, "geometry": { "type": "Point", "coordinates": [ -112.84, 37.66274 ] } },
{ "type": "Feature", "properties": { "year": "2021", "month": "07", "day": "14", "Bombus species": "centralis", "date": "2021-07-14", "julian_day": 195.0, "source": "UtahPP" }, "geometry": { "type": "Point", "coordinates": [ -112.84, 37.66274 ] } },
{ "type": "Feature", "properties": { "year": "2021", "month": "07", "day": "14", "Bombus species": "centralis", "date": "2021-07-14", "julian_day": 195.0, "source": "UtahPP" }, "geometry": { "type": "Point", "coordinates": [ -112.84, 37.66275 ] } },
{ "type": "Feature", "properties": { "year": "2021", "month": "07", "day": "14", "Bombus species": "centralis", "date": "2021-07-14", "julian_day": 195.0, "source": "UtahPP" }, "geometry": { "type": "Point", "coordinates": [ -112.84, 37.66278 ] } },
{ "type": "Feature", "properties": { "year": "2021", "month": "07", "day": "14", "Bombus species": "flavifrons", "date": "2021-07-14", "julian_day": 195.0, "source": "UtahPP" }, "geometry": { "type": "Point", "coordinates": [ -112.84, 37.66252 ] } },
{ "type": "Feature", "properties": { "year": "2021", "month": "07", "day": "14", "Bombus species": "flavifrons", "date": "2021-07-14", "julian_day": 195.0, "source": "UtahPP" }, "geometry": { "type": "Point", "coordinates": [ -112.84, 37.66271 ] } },
{ "type": "Feature", "properties": { "year": "2021", "month": "07", "day": "14", "Bombus species": "flavifrons", "date": "2021-07-14", "julian_day": 195.0, "source": "UtahPP" }, "geometry": { "type": "Point", "coordinates": [ -112.84, 37.66273 ] } },
{ "type": "Feature", "properties": { "year": "2021", "month": "07", "day": "14", "Bombus species": "flavifrons", "date": "2021-07-14", "julian_day": 195.0, "source": "UtahPP" }, "geometry": { "type": "Point", "coordinates": [ -112.84, 37.66274 ] } },
{ "type": "Feature", "properties": { "year": "2021", "month": "07", "day": "14", "Bombus species": "flavifrons", "date": "2021-07-14", "julian_day": 195.0, "source": "UtahPP" }, "geometry": { "type": "Point", "coordinates": [ -112.84, 37.66274 ] } },
{ "type": "Feature", "properties": { "year": "2021", "month": "07", "day": "14", "Bombus species": "flavifrons", "date": "2021-07-14", "julian_day": 195.0, "source": "UtahPP" }, "geometry": { "type": "Point", "coordinates": [ -112.84, 37.66274 ] } },
{ "type": "Feature", "properties": { "year": "2021", "month": "07", "day": "14", "Bombus species": "flavifrons", "date": "2021-07-14", "julian_day": 195.0, "source": "UtahPP" }, "geometry": { "type": "Point", "coordinates": [ -112.84, 37.66276 ] } },
{ "type": "Feature", "properties": { "year": "2021", "month": "07", "day": "14", "Bombus species": "flavifrons", "date": "2021-07-14", "julian_day": 195.0, "source": "UtahPP" }, "geometry": { "type": "Point", "coordinates": [ -112.84, 37.66277 ] } },
{ "type": "Feature", "properties": { "year": "2021", "month": "07", "day": "14", "Bombus species": "huntii", "date": "2021-07-14", "julian_day": 195.0, "source": "UtahPP" }, "geometry": { "type": "Point", "coordinates": [ -112.84, 37.66275 ] } },
{ "type": "Feature", "properties": { "year": "2021", "month": "07", "day": "14", "Bombus species": "huntii", "date": "2021-07-14", "julian_day": 195.0, "source": "UtahPP" }, "geometry": { "type": "Point", "coordinates": [ -112.84, 37.66275 ] } },
{ "type": "Feature", "properties": { "year": "2021", "month": "07", "day": "14", "Bombus species": "huntii", "date": "2021-07-14", "julian_day": 195.0, "source": "UtahPP" }, "geometry": { "type": "Point", "coordinates": [ -112.84, 37.66276 ] } },
{ "type": "Feature", "properties": { "year": "2021", "month": "07", "day": "14", "Bombus species": "nevadensis", "date": "2021-07-14", "julian_day": 195.0, "source": "UtahPP" }, "geometry": { "type": "Point", "coordinates": [ -112.84, 37.66272 ] } },
{ "type": "Feature", "properties": { "year": "2021", "month": "07", "day": "14", "Bombus species": "nevadensis", "date": "2021-07-14", "julian_day": 195.0, "source": "UtahPP" }, "geometry": { "type": "Point", "coordinates": [ -112.84, 37.66274 ] } },
{ "type": "Feature", "properties": { "year": "2021", "month": "07", "day": "14", "Bombus species": "nevadensis", "date": "2021-07-14", "julian_day": 195.0, "source": "UtahPP" }, "geometry": { "type": "Point", "coordinates": [ -112.84, 37.66274 ] } },
{ "type": "Feature", "properties": { "year": "2021", "month": "07", "day": "14", "Bombus species": "nevadensis", "date": "2021-07-14", "julian_day": 195.0, "source": "UtahPP" }, "geometry": { "type": "Point", "coordinates": [ -112.84, 37.66275 ] } },
{ "type": "Feature", "properties": { "year": "2021", "month": "07", "day": "14", "Bombus species": "rufocinctus", "date": "2021-07-14", "julian_day": 195.0, "source": "UtahPP" }, "geometry": { "type": "Point", "coordinates": [ -112.84, 37.66274 ] } },
{ "type": "Feature", "properties": { "year": "2021", "month": "07", "day": "14", "Bombus species": "rufocinctus", "date": "2021-07-14", "julian_day": 195.0, "source": "UtahPP" }, "geometry": { "type": "Point", "coordinates": [ -112.84, 37.66278 ] } },
{ "type": "Feature", "properties": { "year": "2021", "month": "07", "day": "29", "Bombus species": "centralis", "date": "2021-07-29", "julian_day": 210.0, "source": "UtahPP" }, "geometry": { "type": "Point", "coordinates": [ -112.84, 37.66274 ] } },
{ "type": "Feature", "properties": { "year": "2021", "month": "07", "day": "29", "Bombus species": "centralis", "date": "2021-07-29", "julian_day": 210.0, "source": "UtahPP" }, "geometry": { "type": "Point", "coordinates": [ -112.84, 37.66276 ] } },
{ "type": "Feature", "properties": { "year": "2021", "month": "07", "day": "29", "Bombus species": "flavifrons", "date": "2021-07-29", "julian_day": 210.0, "source": "UtahPP" }, "geometry": { "type": "Point", "coordinates": [ -112.84, 37.66274 ] } },
{ "type": "Feature", "properties": { "year": "2021", "month": "07", "day": "29", "Bombus species": "flavifrons", "date": "2021-07-29", "julian_day": 210.0, "source": "UtahPP" }, "geometry": { "type": "Point", "coordinates": [ -112.84, 37.66274 ] } },
{ "type": "Feature", "properties": { "year": "2021", "month": "07", "day": "29", "Bombus species": "flavifrons", "date": "2021-07-29", "julian_day": 210.0, "source": "UtahPP" }, "geometry": { "type": "Point", "coordinates": [ -112.84, 37.66274 ] } },
{ "type": "Feature", "properties": { "year": "2021", "month": "07", "day": "29", "Bombus species": "flavifrons", "date": "2021-07-29", "julian_day": 210.0, "source": "UtahPP" }, "geometry": { "type": "Point", "coordinates": [ -112.84, 37.66275 ] } },
{ "type": "Feature", "properties": { "year": "2021", "month": "07", "day": "29", "Bombus species": "flavifrons", "date": "2021-07-29", "julian_day": 210.0, "source": "UtahPP" }, "geometry": { "type": "Point", "coordinates": [ -112.84, 37.66275 ] } },
{ "type": "Feature", "properties": { "year": "2021", "month": "07", "day": "29", "Bombus species": "flavifrons", "date": "2021-07-29", "julian_day": 210.0, "source": "UtahPP" }, "geometry": { "type": "Point", "coordinates": [ -112.84, 37.66275 ] } },
{ "type": "Feature", "properties": { "year": "2021", "month": "07", "day": "29", "Bombus species": "flavifrons", "date": "2021-07-29", "julian_day": 210.0, "source": "UtahPP" }, "geometry": { "type": "Point", "coordinates": [ -112.84, 37.66276 ] } },
{ "type": "Feature", "properties": { "year": "2021", "month": "07", "day": "29", "Bombus species": "huntii", "date": "2021-07-29", "julian_day": 210.0, "source": "UtahPP" }, "geometry": { "type": "Point", "coordinates": [ -112.84, 37.66274 ] } },
{ "type": "Feature", "properties": { "year": "2021", "month": "07", "day": "29", "Bombus species": "huntii", "date": "2021-07-29", "julian_day": 210.0, "source": "UtahPP" }, "geometry": { "type": "Point", "coordinates": [ -112.84, 37.66274 ] } },
{ "type": "Feature", "properties": { "year": "2021", "month": "07", "day": "29", "Bombus species": "huntii", "date": "2021-07-29", "julian_day": 210.0, "source": "UtahPP" }, "geometry": { "type": "Point", "coordinates": [ -112.84, 37.66275 ] } },
{ "type": "Feature", "properties": { "year": "2021", "month": "07", "day": "29", "Bombus species": "huntii", "date": "2021-07-29", "julian_day": 210.0, "source": "UtahPP" }, "geometry": { "type": "Point", "coordinates": [ -112.84, 37.66275 ] } },
{ "type": "Feature", "properties": { "year": "2021", "month": "07", "day": "29", "Bombus species": "huntii", "date": "2021-07-29", "julian_day": 210.0, "source": "UtahPP" }, "geometry": { "type": "Point", "coordinates": [ -112.84, 37.66276 ] } },
{ "type": "Feature", "properties": { "year": "2021", "month": "07", "day": "29", "Bombus species": "huntii", "date": "2021-07-29", "julian_day": 210.0, "source": "UtahPP" }, "geometry": { "type": "Point", "coordinates": [ -112.84, 37.66276 ] } },
{ "type": "Feature", "properties": { "year": "2021", "month": "07", "day": "29", "Bombus species": "huntii", "date": "2021-07-29", "julian_day": 210.0, "source": "UtahPP" }, "geometry": { "type": "Point", "coordinates": [ -112.84, 37.66277 ] } },
{ "type": "Feature", "properties": { "year": "2021", "month": "07", "day": "29", "Bombus species": "huntii", "date": "2021-07-29", "julian_day": 210.0, "source": "UtahPP" }, "geometry": { "type": "Point", "coordinates": [ -112.84, 37.66277 ] } },
{ "type": "Feature", "properties": { "year": "2021", "month": "07", "day": "29", "Bombus species": "huntii", "date": "2021-07-29", "julian_day": 210.0, "source": "UtahPP" }, "geometry": { "type": "Point", "coordinates": [ -112.84, 37.66277 ] } },
{ "type": "Feature", "properties": { "year": "2021", "month": "07", "day": "20", "Bombus species": "vancouverensis/bifarius", "date": "2021-07-20", "julian_day": 201.0, "source": "UtahPP" }, "geometry": { "type": "Point", "coordinates": [ -112.863, 37.59049 ] } },
{ "type": "Feature", "properties": { "year": "2021", "month": "07", "day": "21", "Bombus species": "vancouverensis/bifarius", "date": "2021-07-21", "julian_day": 202.0, "source": "UtahPP" }, "geometry": { "type": "Point", "coordinates": [ -112.863, 37.59051 ] } },
{ "type": "Feature", "properties": { "year": "2021", "month": "07", "day": "21", "Bombus species": "vancouverensis/bifarius", "date": "2021-07-21", "julian_day": 202.0, "source": "UtahPP" }, "geometry": { "type": "Point", "coordinates": [ -112.863, 37.59051 ] } },
{ "type": "Feature", "properties": { "year": "2021", "month": "07", "day": "21", "Bombus species": "vancouverensis/bifarius", "date": "2021-07-21", "julian_day": 202.0, "source": "UtahPP" }, "geometry": { "type": "Point", "coordinates": [ -112.863, 37.59051 ] } },
{ "type": "Feature", "properties": { "year": "2021", "month": "07", "day": "21", "Bombus species": "vancouverensis/bifarius", "date": "2021-07-21", "julian_day": 202.0, "source": "UtahPP" }, "geometry": { "type": "Point", "coordinates": [ -112.863, 37.59051 ] } },
{ "type": "Feature", "properties": { "year": "2021", "month": "07", "day": "21", "Bombus species": "vancouverensis/bifarius", "date": "2021-07-21", "julian_day": 202.0, "source": "UtahPP" }, "geometry": { "type": "Point", "coordinates": [ -112.863, 37.59052 ] } },
{ "type": "Feature", "properties": { "year": "2021", "month": "07", "day": "21", "Bombus species": "vancouverensis/bifarius", "date": "2021-07-21", "julian_day": 202.0, "source": "UtahPP" }, "geometry": { "type": "Point", "coordinates": [ -112.863, 37.59052 ] } },
{ "type": "Feature", "properties": { "year": "2021", "month": "07", "day": "21", "Bombus species": "vancouverensis/bifarius", "date": "2021-07-21", "julian_day": 202.0, "source": "UtahPP" }, "geometry": { "type": "Point", "coordinates": [ -112.863, 37.59052 ] } },
{ "type": "Feature", "properties": { "year": "2021", "month": "07", "day": "21", "Bombus species": "vancouverensis/bifarius", "date": "2021-07-21", "julian_day": 202.0, "source": "UtahPP" }, "geometry": { "type": "Point", "coordinates": [ -112.863, 37.59052 ] } },
{ "type": "Feature", "properties": { "year": "2021", "month": "07", "day": "21", "Bombus species": "vancouverensis/bifarius", "date": "2021-07-21", "julian_day": 202.0, "source": "UtahPP" }, "geometry": { "type": "Point", "coordinates": [ -112.863, 37.59052 ] } },
{ "type": "Feature", "properties": { "year": "2021", "month": "07", "day": "21", "Bombus species": "vancouverensis/bifarius", "date": "2021-07-21", "julian_day": 202.0, "source": "UtahPP" }, "geometry": { "type": "Point", "coordinates": [ -112.863, 37.59052 ] } },
{ "type": "Feature", "properties": { "year": "2021", "month": "07", "day": "21", "Bombus species": "vancouverensis/bifarius", "date": "2021-07-21", "julian_day": 202.0, "source": "UtahPP" }, "geometry": { "type": "Point", "coordinates": [ -112.863, 37.59052 ] } },
{ "type": "Feature", "properties": { "year": "2021", "month": "07", "day": "21", "Bombus species": "vancouverensis/bifarius", "date": "2021-07-21", "julian_day": 202.0, "source": "UtahPP" }, "geometry": { "type": "Point", "coordinates": [ -112.863, 37.59052 ] } },
{ "type": "Feature", "properties": { "year": "2021", "month": "07", "day": "21", "Bombus species": "vancouverensis/bifarius", "date": "2021-07-21", "julian_day": 202.0, "source": "UtahPP" }, "geometry": { "type": "Point", "coordinates": [ -112.863, 37.59052 ] } },
{ "type": "Feature", "properties": { "year": "2021", "month": "07", "day": "21", "Bombus species": "vancouverensis/bifarius", "date": "2021-07-21", "julian_day": 202.0, "source": "UtahPP" }, "geometry": { "type": "Point", "coordinates": [ -112.863, 37.59052 ] } },
{ "type": "Feature", "properties": { "year": "2021", "month": "07", "day": "21", "Bombus species": "vancouverensis/bifarius", "date": "2021-07-21", "julian_day": 202.0, "source": "UtahPP" }, "geometry": { "type": "Point", "coordinates": [ -112.863, 37.59052 ] } },
{ "type": "Feature", "properties": { "year": "2021", "month": "07", "day": "21", "Bombus species": "vancouverensis/bifarius", "date": "2021-07-21", "julian_day": 202.0, "source": "UtahPP" }, "geometry": { "type": "Point", "coordinates": [ -112.863, 37.59052 ] } },
{ "type": "Feature", "properties": { "year": "2021", "month": "07", "day": "21", "Bombus species": "vancouverensis/bifarius", "date": "2021-07-21", "julian_day": 202.0, "source": "UtahPP" }, "geometry": { "type": "Point", "coordinates": [ -112.863, 37.59052 ] } },
{ "type": "Feature", "properties": { "year": "2021", "month": "07", "day": "21", "Bombus species": "vancouverensis/bifarius", "date": "2021-07-21", "julian_day": 202.0, "source": "UtahPP" }, "geometry": { "type": "Point", "coordinates": [ -112.863, 37.59052 ] } },
{ "type": "Feature", "properties": { "year": "2021", "month": "07", "day": "21", "Bombus species": "vancouverensis/bifarius", "date": "2021-07-21", "julian_day": 202.0, "source": "UtahPP" }, "geometry": { "type": "Point", "coordinates": [ -112.863, 37.59052 ] } },
{ "type": "Feature", "properties": { "year": "2021", "month": "07", "day": "21", "Bombus species": "vancouverensis/bifarius", "date": "2021-07-21", "julian_day": 202.0, "source": "UtahPP" }, "geometry": { "type": "Point", "coordinates": [ -112.863, 37.59052 ] } },
{ "type": "Feature", "properties": { "year": "2021", "month": "07", "day": "21", "Bombus species": "vancouverensis/bifarius", "date": "2021-07-21", "julian_day": 202.0, "source": "UtahPP" }, "geometry": { "type": "Point", "coordinates": [ -112.863, 37.59052 ] } },
{ "type": "Feature", "properties": { "year": "2021", "month": "07", "day": "21", "Bombus species": "vancouverensis/bifarius", "date": "2021-07-21", "julian_day": 202.0, "source": "UtahPP" }, "geometry": { "type": "Point", "coordinates": [ -112.863, 37.59052 ] } },
{ "type": "Feature", "properties": { "year": "2021", "month": "07", "day": "21", "Bombus species": "vancouverensis/bifarius", "date": "2021-07-21", "julian_day": 202.0, "source": "UtahPP" }, "geometry": { "type": "Point", "coordinates": [ -112.863, 37.59052 ] } },
{ "type": "Feature", "properties": { "year": "2021", "month": "07", "day": "21", "Bombus species": "vancouverensis/bifarius", "date": "2021-07-21", "julian_day": 202.0, "source": "UtahPP" }, "geometry": { "type": "Point", "coordinates": [ -112.863, 37.59052 ] } },
{ "type": "Feature", "properties": { "year": "2021", "month": "07", "day": "21", "Bombus species": "vancouverensis/bifarius", "date": "2021-07-21", "julian_day": 202.0, "source": "UtahPP" }, "geometry": { "type": "Point", "coordinates": [ -112.863, 37.59053 ] } },
{ "type": "Feature", "properties": { "year": "2021", "month": "07", "day": "21", "Bombus species": "vancouverensis/bifarius", "date": "2021-07-21", "julian_day": 202.0, "source": "UtahPP" }, "geometry": { "type": "Point", "coordinates": [ -112.863, 37.59053 ] } },
{ "type": "Feature", "properties": { "year": "2021", "month": "07", "day": "21", "Bombus species": "vancouverensis/bifarius", "date": "2021-07-21", "julian_day": 202.0, "source": "UtahPP" }, "geometry": { "type": "Point", "coordinates": [ -112.863, 37.59053 ] } },
{ "type": "Feature", "properties": { "year": "2021", "month": "07", "day": "21", "Bombus species": "vancouverensis/bifarius", "date": "2021-07-21", "julian_day": 202.0, "source": "UtahPP" }, "geometry": { "type": "Point", "coordinates": [ -112.863, 37.59053 ] } },
{ "type": "Feature", "properties": { "year": "2021", "month": "07", "day": "21", "Bombus species": "vancouverensis/bifarius", "date": "2021-07-21", "julian_day": 202.0, "source": "UtahPP" }, "geometry": { "type": "Point", "coordinates": [ -112.863, 37.59053 ] } },
{ "type": "Feature", "properties": { "year": "2021", "month": "07", "day": "21", "Bombus species": "vancouverensis/bifarius", "date": "2021-07-21", "julian_day": 202.0, "source": "UtahPP" }, "geometry": { "type": "Point", "coordinates": [ -112.863, 37.59053 ] } },
{ "type": "Feature", "properties": { "year": "2021", "month": "07", "day": "21", "Bombus species": "vancouverensis/bifarius", "date": "2021-07-21", "julian_day": 202.0, "source": "UtahPP" }, "geometry": { "type": "Point", "coordinates": [ -112.863, 37.59053 ] } },
{ "type": "Feature", "properties": { "year": "2021", "month": "07", "day": "21", "Bombus species": "vancouverensis/bifarius", "date": "2021-07-21", "julian_day": 202.0, "source": "UtahPP" }, "geometry": { "type": "Point", "coordinates": [ -112.863, 37.59053 ] } },
{ "type": "Feature", "properties": { "year": "2021", "month": "07", "day": "21", "Bombus species": "vancouverensis/bifarius", "date": "2021-07-21", "julian_day": 202.0, "source": "UtahPP" }, "geometry": { "type": "Point", "coordinates": [ -112.863, 37.59053 ] } },
{ "type": "Feature", "properties": { "year": "2021", "month": "07", "day": "21", "Bombus species": "vancouverensis/bifarius", "date": "2021-07-21", "julian_day": 202.0, "source": "UtahPP" }, "geometry": { "type": "Point", "coordinates": [ -112.863, 37.59053 ] } },
{ "type": "Feature", "properties": { "year": "2021", "month": "07", "day": "21", "Bombus species": "vancouverensis/bifarius", "date": "2021-07-21", "julian_day": 202.0, "source": "UtahPP" }, "geometry": { "type": "Point", "coordinates": [ -112.863, 37.59053 ] } },
{ "type": "Feature", "properties": { "year": "2021", "month": "07", "day": "21", "Bombus species": "vancouverensis/bifarius", "date": "2021-07-21", "julian_day": 202.0, "source": "UtahPP" }, "geometry": { "type": "Point", "coordinates": [ -112.863, 37.59053 ] } },
{ "type": "Feature", "properties": { "year": "2021", "month": "07", "day": "21", "Bombus species": "vancouverensis/bifarius", "date": "2021-07-21", "julian_day": 202.0, "source": "UtahPP" }, "geometry": { "type": "Point", "coordinates": [ -112.863, 37.59053 ] } },
{ "type": "Feature", "properties": { "year": "2021", "month": "07", "day": "21", "Bombus species": "vancouverensis/bifarius", "date": "2021-07-21", "julian_day": 202.0, "source": "UtahPP" }, "geometry": { "type": "Point", "coordinates": [ -112.863, 37.59053 ] } },
{ "type": "Feature", "properties": { "year": "2021", "month": "07", "day": "21", "Bombus species": "vancouverensis/bifarius", "date": "2021-07-21", "julian_day": 202.0, "source": "UtahPP" }, "geometry": { "type": "Point", "coordinates": [ -112.863, 37.59053 ] } },
{ "type": "Feature", "properties": { "year": "2021", "month": "07", "day": "21", "Bombus species": "vancouverensis/bifarius", "date": "2021-07-21", "julian_day": 202.0, "source": "UtahPP" }, "geometry": { "type": "Point", "coordinates": [ -112.863, 37.59053 ] } },
{ "type": "Feature", "properties": { "year": "2021", "month": "07", "day": "21", "Bombus species": "vancouverensis/bifarius", "date": "2021-07-21", "julian_day": 202.0, "source": "UtahPP" }, "geometry": { "type": "Point", "coordinates": [ -112.863, 37.59053 ] } },
{ "type": "Feature", "properties": { "year": "2021", "month": "07", "day": "21", "Bombus species": "vancouverensis/bifarius", "date": "2021-07-21", "julian_day": 202.0, "source": "UtahPP" }, "geometry": { "type": "Point", "coordinates": [ -112.863, 37.59053 ] } },
{ "type": "Feature", "properties": { "year": "2021", "month": "07", "day": "21", "Bombus species": "vancouverensis/bifarius", "date": "2021-07-21", "julian_day": 202.0, "source": "UtahPP" }, "geometry": { "type": "Point", "coordinates": [ -112.863, 37.59053 ] } },
{ "type": "Feature", "properties": { "year": "2021", "month": "07", "day": "21", "Bombus species": "vancouverensis/bifarius", "date": "2021-07-21", "julian_day": 202.0, "source": "UtahPP" }, "geometry": { "type": "Point", "coordinates": [ -112.863, 37.59053 ] } },
{ "type": "Feature", "properties": { "year": "2021", "month": "07", "day": "21", "Bombus species": "vancouverensis/bifarius", "date": "2021-07-21", "julian_day": 202.0, "source": "UtahPP" }, "geometry": { "type": "Point", "coordinates": [ -112.863, 37.59053 ] } },
{ "type": "Feature", "properties": { "year": "2021", "month": "07", "day": "21", "Bombus species": "vancouverensis/bifarius", "date": "2021-07-21", "julian_day": 202.0, "source": "UtahPP" }, "geometry": { "type": "Point", "coordinates": [ -112.863, 37.59053 ] } },
{ "type": "Feature", "properties": { "year": "2021", "month": "07", "day": "21", "Bombus species": "vancouverensis/bifarius", "date": "2021-07-21", "julian_day": 202.0, "source": "UtahPP" }, "geometry": { "type": "Point", "coordinates": [ -112.863, 37.59053 ] } },
{ "type": "Feature", "properties": { "year": "2021", "month": "07", "day": "21", "Bombus species": "vancouverensis/bifarius", "date": "2021-07-21", "julian_day": 202.0, "source": "UtahPP" }, "geometry": { "type": "Point", "coordinates": [ -112.863, 37.59053 ] } },
{ "type": "Feature", "properties": { "year": "2021", "month": "07", "day": "21", "Bombus species": "vancouverensis/bifarius", "date": "2021-07-21", "julian_day": 202.0, "source": "UtahPP" }, "geometry": { "type": "Point", "coordinates": [ -112.863, 37.59053 ] } },
{ "type": "Feature", "properties": { "year": "2021", "month": "07", "day": "21", "Bombus species": "vancouverensis/bifarius", "date": "2021-07-21", "julian_day": 202.0, "source": "UtahPP" }, "geometry": { "type": "Point", "coordinates": [ -112.863, 37.59053 ] } },
{ "type": "Feature", "properties": { "year": "2021", "month": "07", "day": "21", "Bombus species": "vancouverensis/bifarius", "date": "2021-07-21", "julian_day": 202.0, "source": "UtahPP" }, "geometry": { "type": "Point", "coordinates": [ -112.863, 37.59053 ] } },
{ "type": "Feature", "properties": { "year": "2021", "month": "07", "day": "21", "Bombus species": "vancouverensis/bifarius", "date": "2021-07-21", "julian_day": 202.0, "source": "UtahPP" }, "geometry": { "type": "Point", "coordinates": [ -112.863, 37.59053 ] } },
{ "type": "Feature", "properties": { "year": "2021", "month": "07", "day": "21", "Bombus species": "vancouverensis/bifarius", "date": "2021-07-21", "julian_day": 202.0, "source": "UtahPP" }, "geometry": { "type": "Point", "coordinates": [ -112.863, 37.59053 ] } },
{ "type": "Feature", "properties": { "year": "2021", "month": "07", "day": "21", "Bombus species": "vancouverensis/bifarius", "date": "2021-07-21", "julian_day": 202.0, "source": "UtahPP" }, "geometry": { "type": "Point", "coordinates": [ -112.863, 37.59053 ] } },
{ "type": "Feature", "properties": { "year": "2021", "month": "07", "day": "21", "Bombus species": "vancouverensis/bifarius", "date": "2021-07-21", "julian_day": 202.0, "source": "UtahPP" }, "geometry": { "type": "Point", "coordinates": [ -112.863, 37.59053 ] } },
{ "type": "Feature", "properties": { "year": "2021", "month": "07", "day": "21", "Bombus species": "vancouverensis/bifarius", "date": "2021-07-21", "julian_day": 202.0, "source": "UtahPP" }, "geometry": { "type": "Point", "coordinates": [ -112.863, 37.59054 ] } },
{ "type": "Feature", "properties": { "year": "2021", "month": "07", "day": "21", "Bombus species": "vancouverensis/bifarius", "date": "2021-07-21", "julian_day": 202.0, "source": "UtahPP" }, "geometry": { "type": "Point", "coordinates": [ -112.863, 37.59054 ] } },
{ "type": "Feature", "properties": { "year": "2021", "month": "07", "day": "21", "Bombus species": "vancouverensis/bifarius", "date": "2021-07-21", "julian_day": 202.0, "source": "UtahPP" }, "geometry": { "type": "Point", "coordinates": [ -112.863, 37.59054 ] } },
{ "type": "Feature", "properties": { "year": "2021", "month": "07", "day": "21", "Bombus species": "vancouverensis/bifarius", "date": "2021-07-21", "julian_day": 202.0, "source": "UtahPP" }, "geometry": { "type": "Point", "coordinates": [ -112.863, 37.59054 ] } },
{ "type": "Feature", "properties": { "year": "2021", "month": "07", "day": "21", "Bombus species": "vancouverensis/bifarius", "date": "2021-07-21", "julian_day": 202.0, "source": "UtahPP" }, "geometry": { "type": "Point", "coordinates": [ -112.863, 37.59054 ] } },
{ "type": "Feature", "properties": { "year": "2021", "month": "07", "day": "21", "Bombus species": "vancouverensis/bifarius", "date": "2021-07-21", "julian_day": 202.0, "source": "UtahPP" }, "geometry": { "type": "Point", "coordinates": [ -112.863, 37.59054 ] } },
{ "type": "Feature", "properties": { "year": "2021", "month": "07", "day": "21", "Bombus species": "vancouverensis/bifarius", "date": "2021-07-21", "julian_day": 202.0, "source": "UtahPP" }, "geometry": { "type": "Point", "coordinates": [ -112.863, 37.59054 ] } },
{ "type": "Feature", "properties": { "year": "2021", "month": "07", "day": "21", "Bombus species": "vancouverensis/bifarius", "date": "2021-07-21", "julian_day": 202.0, "source": "UtahPP" }, "geometry": { "type": "Point", "coordinates": [ -112.863, 37.59054 ] } },
{ "type": "Feature", "properties": { "year": "2021", "month": "07", "day": "21", "Bombus species": "vancouverensis/bifarius", "date": "2021-07-21", "julian_day": 202.0, "source": "UtahPP" }, "geometry": { "type": "Point", "coordinates": [ -112.863, 37.59054 ] } },
{ "type": "Feature", "properties": { "year": "2021", "month": "07", "day": "21", "Bombus species": "vancouverensis/bifarius", "date": "2021-07-21", "julian_day": 202.0, "source": "UtahPP" }, "geometry": { "type": "Point", "coordinates": [ -112.863, 37.59054 ] } },
{ "type": "Feature", "properties": { "year": "2021", "month": "07", "day": "21", "Bombus species": "vancouverensis/bifarius", "date": "2021-07-21", "julian_day": 202.0, "source": "UtahPP" }, "geometry": { "type": "Point", "coordinates": [ -112.863, 37.59054 ] } },
{ "type": "Feature", "properties": { "year": "2021", "month": "07", "day": "21", "Bombus species": "vancouverensis/bifarius", "date": "2021-07-21", "julian_day": 202.0, "source": "UtahPP" }, "geometry": { "type": "Point", "coordinates": [ -112.863, 37.59054 ] } },
{ "type": "Feature", "properties": { "year": "2021", "month": "07", "day": "21", "Bombus species": "vancouverensis/bifarius", "date": "2021-07-21", "julian_day": 202.0, "source": "UtahPP" }, "geometry": { "type": "Point", "coordinates": [ -112.863, 37.59054 ] } },
{ "type": "Feature", "properties": { "year": "2021", "month": "07", "day": "21", "Bombus species": "vancouverensis/bifarius", "date": "2021-07-21", "julian_day": 202.0, "source": "UtahPP" }, "geometry": { "type": "Point", "coordinates": [ -112.863, 37.59054 ] } },
{ "type": "Feature", "properties": { "year": "2021", "month": "07", "day": "21", "Bombus species": "vancouverensis/bifarius", "date": "2021-07-21", "julian_day": 202.0, "source": "UtahPP" }, "geometry": { "type": "Point", "coordinates": [ -112.863, 37.59054 ] } },
{ "type": "Feature", "properties": { "year": "2021", "month": "07", "day": "21", "Bombus species": "vancouverensis/bifarius", "date": "2021-07-21", "julian_day": 202.0, "source": "UtahPP" }, "geometry": { "type": "Point", "coordinates": [ -112.863, 37.59055 ] } },
{ "type": "Feature", "properties": { "year": "2021", "month": "07", "day": "21", "Bombus species": "vancouverensis/bifarius", "date": "2021-07-21", "julian_day": 202.0, "source": "UtahPP" }, "geometry": { "type": "Point", "coordinates": [ -112.863, 37.59057 ] } },
{ "type": "Feature", "properties": { "year": "2021", "month": "07", "day": "21", "Bombus species": "flavifrons", "date": "2021-07-21", "julian_day": 202.0, "source": "UtahPP" }, "geometry": { "type": "Point", "coordinates": [ -112.863, 37.5905 ] } },
{ "type": "Feature", "properties": { "year": "2021", "month": "07", "day": "21", "Bombus species": "flavifrons", "date": "2021-07-21", "julian_day": 202.0, "source": "UtahPP" }, "geometry": { "type": "Point", "coordinates": [ -112.863, 37.59052 ] } },
{ "type": "Feature", "properties": { "year": "2021", "month": "07", "day": "21", "Bombus species": "flavifrons", "date": "2021-07-21", "julian_day": 202.0, "source": "UtahPP" }, "geometry": { "type": "Point", "coordinates": [ -112.863, 37.59052 ] } },
{ "type": "Feature", "properties": { "year": "2021", "month": "07", "day": "21", "Bombus species": "flavifrons", "date": "2021-07-21", "julian_day": 202.0, "source": "UtahPP" }, "geometry": { "type": "Point", "coordinates": [ -112.863, 37.59052 ] } },
{ "type": "Feature", "properties": { "year": "2021", "month": "07", "day": "21", "Bombus species": "flavifrons", "date": "2021-07-21", "julian_day": 202.0, "source": "UtahPP" }, "geometry": { "type": "Point", "coordinates": [ -112.863, 37.59052 ] } },
{ "type": "Feature", "properties": { "year": "2021", "month": "07", "day": "21", "Bombus species": "flavifrons", "date": "2021-07-21", "julian_day": 202.0, "source": "UtahPP" }, "geometry": { "type": "Point", "coordinates": [ -112.863, 37.59052 ] } },
{ "type": "Feature", "properties": { "year": "2021", "month": "07", "day": "21", "Bombus species": "flavifrons", "date": "2021-07-21", "julian_day": 202.0, "source": "UtahPP" }, "geometry": { "type": "Point", "coordinates": [ -112.863, 37.59053 ] } },
{ "type": "Feature", "properties": { "year": "2021", "month": "07", "day": "21", "Bombus species": "flavifrons", "date": "2021-07-21", "julian_day": 202.0, "source": "UtahPP" }, "geometry": { "type": "Point", "coordinates": [ -112.863, 37.59053 ] } },
{ "type": "Feature", "properties": { "year": "2021", "month": "07", "day": "21", "Bombus species": "flavifrons", "date": "2021-07-21", "julian_day": 202.0, "source": "UtahPP" }, "geometry": { "type": "Point", "coordinates": [ -112.863, 37.59053 ] } },
{ "type": "Feature", "properties": { "year": "2021", "month": "07", "day": "21", "Bombus species": "flavifrons", "date": "2021-07-21", "julian_day": 202.0, "source": "UtahPP" }, "geometry": { "type": "Point", "coordinates": [ -112.863, 37.59053 ] } },
{ "type": "Feature", "properties": { "year": "2021", "month": "07", "day": "21", "Bombus species": "flavifrons", "date": "2021-07-21", "julian_day": 202.0, "source": "UtahPP" }, "geometry": { "type": "Point", "coordinates": [ -112.863, 37.59053 ] } },
{ "type": "Feature", "properties": { "year": "2021", "month": "07", "day": "21", "Bombus species": "flavifrons", "date": "2021-07-21", "julian_day": 202.0, "source": "UtahPP" }, "geometry": { "type": "Point", "coordinates": [ -112.863, 37.59053 ] } },
{ "type": "Feature", "properties": { "year": "2021", "month": "07", "day": "21", "Bombus species": "flavifrons", "date": "2021-07-21", "julian_day": 202.0, "source": "UtahPP" }, "geometry": { "type": "Point", "coordinates": [ -112.863, 37.59053 ] } },
{ "type": "Feature", "properties": { "year": "2021", "month": "07", "day": "21", "Bombus species": "flavifrons", "date": "2021-07-21", "julian_day": 202.0, "source": "UtahPP" }, "geometry": { "type": "Point", "coordinates": [ -112.863, 37.59053 ] } },
{ "type": "Feature", "properties": { "year": "2021", "month": "07", "day": "21", "Bombus species": "flavifrons", "date": "2021-07-21", "julian_day": 202.0, "source": "UtahPP" }, "geometry": { "type": "Point", "coordinates": [ -112.863, 37.59053 ] } },
{ "type": "Feature", "properties": { "year": "2021", "month": "07", "day": "21", "Bombus species": "flavifrons", "date": "2021-07-21", "julian_day": 202.0, "source": "UtahPP" }, "geometry": { "type": "Point", "coordinates": [ -112.863, 37.59053 ] } },
{ "type": "Feature", "properties": { "year": "2021", "month": "07", "day": "21", "Bombus species": "flavifrons", "date": "2021-07-21", "julian_day": 202.0, "source": "UtahPP" }, "geometry": { "type": "Point", "coordinates": [ -112.863, 37.59054 ] } },
{ "type": "Feature", "properties": { "year": "2021", "month": "07", "day": "21", "Bombus species": "flavifrons", "date": "2021-07-21", "julian_day": 202.0, "source": "UtahPP" }, "geometry": { "type": "Point", "coordinates": [ -112.863, 37.59054 ] } },
{ "type": "Feature", "properties": { "year": "2021", "month": "07", "day": "21", "Bombus species": "flavifrons", "date": "2021-07-21", "julian_day": 202.0, "source": "UtahPP" }, "geometry": { "type": "Point", "coordinates": [ -112.863, 37.59054 ] } },
{ "type": "Feature", "properties": { "year": "2021", "month": "07", "day": "21", "Bombus species": "huntii", "date": "2021-07-21", "julian_day": 202.0, "source": "UtahPP" }, "geometry": { "type": "Point", "coordinates": [ -112.863, 37.59051 ] } },
{ "type": "Feature", "properties": { "year": "2021", "month": "07", "day": "21", "Bombus species": "huntii", "date": "2021-07-21", "julian_day": 202.0, "source": "UtahPP" }, "geometry": { "type": "Point", "coordinates": [ -112.863, 37.59051 ] } },
{ "type": "Feature", "properties": { "year": "2021", "month": "07", "day": "21", "Bombus species": "huntii", "date": "2021-07-21", "julian_day": 202.0, "source": "UtahPP" }, "geometry": { "type": "Point", "coordinates": [ -112.863, 37.59052 ] } },
{ "type": "Feature", "properties": { "year": "2021", "month": "07", "day": "21", "Bombus species": "huntii", "date": "2021-07-21", "julian_day": 202.0, "source": "UtahPP" }, "geometry": { "type": "Point", "coordinates": [ -112.863, 37.59052 ] } },
{ "type": "Feature", "properties": { "year": "2021", "month": "07", "day": "21", "Bombus species": "huntii", "date": "2021-07-21", "julian_day": 202.0, "source": "UtahPP" }, "geometry": { "type": "Point", "coordinates": [ -112.863, 37.59052 ] } },
{ "type": "Feature", "properties": { "year": "2021", "month": "07", "day": "21", "Bombus species": "huntii", "date": "2021-07-21", "julian_day": 202.0, "source": "UtahPP" }, "geometry": { "type": "Point", "coordinates": [ -112.863, 37.59052 ] } },
{ "type": "Feature", "properties": { "year": "2021", "month": "07", "day": "21", "Bombus species": "huntii", "date": "2021-07-21", "julian_day": 202.0, "source": "UtahPP" }, "geometry": { "type": "Point", "coordinates": [ -112.863, 37.59052 ] } },
{ "type": "Feature", "properties": { "year": "2021", "month": "07", "day": "21", "Bombus species": "huntii", "date": "2021-07-21", "julian_day": 202.0, "source": "UtahPP" }, "geometry": { "type": "Point", "coordinates": [ -112.863, 37.59052 ] } },
{ "type": "Feature", "properties": { "year": "2021", "month": "07", "day": "21", "Bombus species": "huntii", "date": "2021-07-21", "julian_day": 202.0, "source": "UtahPP" }, "geometry": { "type": "Point", "coordinates": [ -112.863, 37.59052 ] } },
{ "type": "Feature", "properties": { "year": "2021", "month": "07", "day": "21", "Bombus species": "huntii", "date": "2021-07-21", "julian_day": 202.0, "source": "UtahPP" }, "geometry": { "type": "Point", "coordinates": [ -112.863, 37.59053 ] } },
{ "type": "Feature", "properties": { "year": "2021", "month": "07", "day": "21", "Bombus species": "huntii", "date": "2021-07-21", "julian_day": 202.0, "source": "UtahPP" }, "geometry": { "type": "Point", "coordinates": [ -112.863, 37.59053 ] } },
{ "type": "Feature", "properties": { "year": "2021", "month": "07", "day": "21", "Bombus species": "huntii", "date": "2021-07-21", "julian_day": 202.0, "source": "UtahPP" }, "geometry": { "type": "Point", "coordinates": [ -112.863, 37.59053 ] } },
{ "type": "Feature", "properties": { "year": "2021", "month": "07", "day": "21", "Bombus species": "huntii", "date": "2021-07-21", "julian_day": 202.0, "source": "UtahPP" }, "geometry": { "type": "Point", "coordinates": [ -112.863, 37.59053 ] } },
{ "type": "Feature", "properties": { "year": "2021", "month": "07", "day": "21", "Bombus species": "huntii", "date": "2021-07-21", "julian_day": 202.0, "source": "UtahPP" }, "geometry": { "type": "Point", "coordinates": [ -112.863, 37.59053 ] } },
{ "type": "Feature", "properties": { "year": "2021", "month": "07", "day": "21", "Bombus species": "huntii", "date": "2021-07-21", "julian_day": 202.0, "source": "UtahPP" }, "geometry": { "type": "Point", "coordinates": [ -112.863, 37.59053 ] } },
{ "type": "Feature", "properties": { "year": "2021", "month": "07", "day": "21", "Bombus species": "huntii", "date": "2021-07-21", "julian_day": 202.0, "source": "UtahPP" }, "geometry": { "type": "Point", "coordinates": [ -112.863, 37.59054 ] } },
{ "type": "Feature", "properties": { "year": "2021", "month": "07", "day": "21", "Bombus species": "huntii", "date": "2021-07-21", "julian_day": 202.0, "source": "UtahPP" }, "geometry": { "type": "Point", "coordinates": [ -112.863, 37.59054 ] } },
{ "type": "Feature", "properties": { "year": "2021", "month": "07", "day": "21", "Bombus species": "huntii", "date": "2021-07-21", "julian_day": 202.0, "source": "UtahPP" }, "geometry": { "type": "Point", "coordinates": [ -112.863, 37.59054 ] } },
{ "type": "Feature", "properties": { "year": "2021", "month": "07", "day": "21", "Bombus species": "insularis", "date": "2021-07-21", "julian_day": 202.0, "source": "UtahPP" }, "geometry": { "type": "Point", "coordinates": [ -112.863, 37.59053 ] } },
{ "type": "Feature", "properties": { "year": "2021", "month": "07", "day": "21", "Bombus species": "insularis", "date": "2021-07-21", "julian_day": 202.0, "source": "UtahPP" }, "geometry": { "type": "Point", "coordinates": [ -112.863, 37.59054 ] } },
{ "type": "Feature", "properties": { "year": "2021", "month": "07", "day": "21", "Bombus species": "melanopygus", "date": "2021-07-21", "julian_day": 202.0, "source": "UtahPP" }, "geometry": { "type": "Point", "coordinates": [ -112.863, 37.5905 ] } },
{ "type": "Feature", "properties": { "year": "2021", "month": "07", "day": "21", "Bombus species": "melanopygus", "date": "2021-07-21", "julian_day": 202.0, "source": "UtahPP" }, "geometry": { "type": "Point", "coordinates": [ -112.863, 37.59052 ] } },
{ "type": "Feature", "properties": { "year": "2021", "month": "07", "day": "21", "Bombus species": "melanopygus", "date": "2021-07-21", "julian_day": 202.0, "source": "UtahPP" }, "geometry": { "type": "Point", "coordinates": [ -112.863, 37.59053 ] } },
{ "type": "Feature", "properties": { "year": "2021", "month": "07", "day": "21", "Bombus species": "melanopygus", "date": "2021-07-21", "julian_day": 202.0, "source": "UtahPP" }, "geometry": { "type": "Point", "coordinates": [ -112.863, 37.59053 ] } },
{ "type": "Feature", "properties": { "year": "2021", "month": "07", "day": "21", "Bombus species": "melanopygus", "date": "2021-07-21", "julian_day": 202.0, "source": "UtahPP" }, "geometry": { "type": "Point", "coordinates": [ -112.863, 37.59054 ] } },
{ "type": "Feature", "properties": { "year": "2021", "month": "07", "day": "21", "Bombus species": "mixtus", "date": "2021-07-21", "julian_day": 202.0, "source": "UtahPP" }, "geometry": { "type": "Point", "coordinates": [ -112.863, 37.59052 ] } },
{ "type": "Feature", "properties": { "year": "2021", "month": "07", "day": "21", "Bombus species": "mixtus", "date": "2021-07-21", "julian_day": 202.0, "source": "UtahPP" }, "geometry": { "type": "Point", "coordinates": [ -112.863, 37.59053 ] } },
{ "type": "Feature", "properties": { "year": "2021", "month": "07", "day": "21", "Bombus species": "nevadensis", "date": "2021-07-21", "julian_day": 202.0, "source": "UtahPP" }, "geometry": { "type": "Point", "coordinates": [ -112.863, 37.59054 ] } },
{ "type": "Feature", "properties": { "year": "2021", "month": "07", "day": "21", "Bombus species": "rufocinctus", "date": "2021-07-21", "julian_day": 202.0, "source": "UtahPP" }, "geometry": { "type": "Point", "coordinates": [ -112.863, 37.59051 ] } },
{ "type": "Feature", "properties": { "year": "2021", "month": "07", "day": "21", "Bombus species": "rufocinctus", "date": "2021-07-21", "julian_day": 202.0, "source": "UtahPP" }, "geometry": { "type": "Point", "coordinates": [ -112.863, 37.59052 ] } },
{ "type": "Feature", "properties": { "year": "2021", "month": "07", "day": "21", "Bombus species": "rufocinctus", "date": "2021-07-21", "julian_day": 202.0, "source": "UtahPP" }, "geometry": { "type": "Point", "coordinates": [ -112.863, 37.59052 ] } },
{ "type": "Feature", "properties": { "year": "2021", "month": "07", "day": "21", "Bombus species": "rufocinctus", "date": "2021-07-21", "julian_day": 202.0, "source": "UtahPP" }, "geometry": { "type": "Point", "coordinates": [ -112.863, 37.59053 ] } },
{ "type": "Feature", "properties": { "year": "2021", "month": "07", "day": "21", "Bombus species": "rufocinctus", "date": "2021-07-21", "julian_day": 202.0, "source": "UtahPP" }, "geometry": { "type": "Point", "coordinates": [ -112.863, 37.59054 ] } },
{ "type": "Feature", "properties": { "year": "2021", "month": "07", "day": "20", "Bombus species": "vancouverensis/bifarius", "date": "2021-07-20", "julian_day": 201.0, "source": "UtahPP" }, "geometry": { "type": "Point", "coordinates": [ -112.864, 37.59046 ] } },
{ "type": "Feature", "properties": { "year": "2021", "month": "07", "day": "20", "Bombus species": "huntii", "date": "2021-07-20", "julian_day": 201.0, "source": "UtahPP" }, "geometry": { "type": "Point", "coordinates": [ -112.864, 37.59038 ] } },
{ "type": "Feature", "properties": { "year": "2022", "month": "07", "day": "09", "Bombus species": "nevadensis", "date": "2022-07-09", "julian_day": 190.0, "source": "UtahPP" }, "geometry": { "type": "Point", "coordinates": [ -113.0532317, 37.70674755 ] } },
{ "type": "Feature", "properties": { "year": "2021", "month": "08", "day": "09", "Bombus species": "nevadensis", "date": "2021-08-09", "julian_day": 221.0, "source": "UtahPP" }, "geometry": { "type": "Point", "coordinates": [ -113.059, 37.71498 ] } },
{ "type": "Feature", "properties": { "year": "2021", "month": "06", "day": "10", "Bombus species": "huntii", "date": "2021-06-10", "julian_day": 161.0, "source": "UtahPP" }, "geometry": { "type": "Point", "coordinates": [ -113.277, 37.5512 ] } },
{ "type": "Feature", "properties": { "year": "2021", "month": "06", "day": "14", "Bombus species": "fervidus", "date": "2021-06-14", "julian_day": 165.0, "source": "UtahPP" }, "geometry": { "type": "Point", "coordinates": [ -113.3467123, 41.949655 ] } },
{ "type": "Feature", "properties": { "year": "2021", "month": "06", "day": "14", "Bombus species": "insularis", "date": "2021-06-14", "julian_day": 165.0, "source": "UtahPP" }, "geometry": { "type": "Point", "coordinates": [ -113.3467351, 41.9497128 ] } },
{ "type": "Feature", "properties": { "year": "2023", "month": "06", "day": "07", "Bombus species": "sonorus", "date": "2023-06-07", "julian_day": 158.0, "source": "UtahPP" }, "geometry": { "type": "Point", "coordinates": [ -113.4755363, 37.14119135 ] } },
{ "type": "Feature", "properties": { "year": "2022", "month": "09", "day": "17", "Bombus species": "sonorus", "date": "2022-09-17", "julian_day": 260.0, "source": "UtahPP" }, "geometry": { "type": "Point", "coordinates": [ -113.6055285, 37.11043251 ] } },
{ "type": "Feature", "properties": { "year": "2022", "month": "08", "day": "25", "Bombus species": "huntii", "date": "2022-08-25", "julian_day": 237.0, "source": "UtahPP" }, "geometry": { "type": "Point", "coordinates": [ -113.7112548, 41.64115979 ] } },
{ "type": "Feature", "properties": { "year": "2021", "month": "07", "day": "15", "Bombus species": "centralis", "date": "2021-07-15", "julian_day": 196.0, "source": "UtahPP" }, "geometry": { "type": "Point", "coordinates": [ -113.739, 41.65113 ] } },
{ "type": "Feature", "properties": { "year": "2021", "month": "07", "day": "15", "Bombus species": "fervidus", "date": "2021-07-15", "julian_day": 196.0, "source": "UtahPP" }, "geometry": { "type": "Point", "coordinates": [ -113.739, 41.65113 ] } },
{ "type": "Feature", "properties": { "year": "2021", "month": "07", "day": "15", "Bombus species": "fervidus", "date": "2021-07-15", "julian_day": 196.0, "source": "UtahPP" }, "geometry": { "type": "Point", "coordinates": [ -113.739, 41.65113 ] } },
{ "type": "Feature", "properties": { "year": "2021", "month": "07", "day": "15", "Bombus species": "fervidus", "date": "2021-07-15", "julian_day": 196.0, "source": "UtahPP" }, "geometry": { "type": "Point", "coordinates": [ -113.739, 41.65113 ] } },
{ "type": "Feature", "properties": { "year": "2021", "month": "07", "day": "15", "Bombus species": "fervidus", "date": "2021-07-15", "julian_day": 196.0, "source": "UtahPP" }, "geometry": { "type": "Point", "coordinates": [ -113.739, 41.65113 ] } },
{ "type": "Feature", "properties": { "year": "2021", "month": "07", "day": "15", "Bombus species": "huntii", "date": "2021-07-15", "julian_day": 196.0, "source": "UtahPP" }, "geometry": { "type": "Point", "coordinates": [ -113.739, 41.65113 ] } },
{ "type": "Feature", "properties": { "year": "2021", "month": "07", "day": "16", "Bombus species": "fervidus", "date": "2021-07-16", "julian_day": 197.0, "source": "UtahPP" }, "geometry": { "type": "Point", "coordinates": [ -113.739, 41.65113 ] } },
{ "type": "Feature", "properties": { "year": "2023", "month": "07", "day": "31", "Bombus species": "huntii", "date": "2023-07-31", "julian_day": 212.0, "source": "UtahPP" }, "geometry": { "type": "Point", "coordinates": [ -113.7391995, 41.65079992 ] } },
{ "type": "Feature", "properties": { "year": "2023", "month": "07", "day": "31", "Bombus species": "huntii", "date": "2023-07-31", "julian_day": 212.0, "source": "UtahPP" }, "geometry": { "type": "Point", "coordinates": [ -113.7392147, 41.65082761 ] } },
{ "type": "Feature", "properties": { "year": "2023", "month": "07", "day": "31", "Bombus species": "huntii", "date": "2023-07-31", "julian_day": 212.0, "source": "UtahPP" }, "geometry": { "type": "Point", "coordinates": [ -113.7392462, 41.65082905 ] } },
{ "type": "Feature", "properties": { "year": "2023", "month": "07", "day": "31", "Bombus species": "morrisoni", "date": "2023-07-31", "julian_day": 212.0, "source": "UtahPP" }, "geometry": { "type": "Point", "coordinates": [ -113.7393124, 41.65152103 ] } },
{ "type": "Feature", "properties": { "year": "2023", "month": "08", "day": "28", "Bombus species": "huntii", "date": "2023-08-28", "julian_day": 240.0, "source": "UtahPP" }, "geometry": { "type": "Point", "coordinates": [ -113.7393343, 41.65234976 ] } },
{ "type": "Feature", "properties": { "year": "2023", "month": "07", "day": "31", "Bombus species": "huntii", "date": "2023-07-31", "julian_day": 212.0, "source": "UtahPP" }, "geometry": { "type": "Point", "coordinates": [ -113.7393398, 41.65125997 ] } },
{ "type": "Feature", "properties": { "year": "2023", "month": "08", "day": "28", "Bombus species": "nevadensis", "date": "2023-08-28", "julian_day": 240.0, "source": "UtahPP" }, "geometry": { "type": "Point", "coordinates": [ -113.7393611, 41.65236342 ] } },
{ "type": "Feature", "properties": { "year": "2023", "month": "08", "day": "28", "Bombus species": "huntii", "date": "2023-08-28", "julian_day": 240.0, "source": "UtahPP" }, "geometry": { "type": "Point", "coordinates": [ -113.7393764, 41.65238588 ] } },
{ "type": "Feature", "properties": { "year": "2023", "month": "08", "day": "28", "Bombus species": "huntii", "date": "2023-08-28", "julian_day": 240.0, "source": "UtahPP" }, "geometry": { "type": "Point", "coordinates": [ -113.7394192, 41.65238042 ] } },
{ "type": "Feature", "properties": { "year": "2022", "month": "07", "day": "29", "Bombus species": "sylvicola", "date": "2022-07-29", "julian_day": 210.0, "source": "UtahPP" }, "geometry": { "type": "Point", "coordinates": [ -113.7394198, 41.65038484 ] } },
{ "type": "Feature", "properties": { "year": "2022", "month": "07", "day": "29", "Bombus species": "huntii", "date": "2022-07-29", "julian_day": 210.0, "source": "UtahPP" }, "geometry": { "type": "Point", "coordinates": [ -113.7394473, 41.65053802 ] } },
{ "type": "Feature", "properties": { "year": "2022", "month": "08", "day": "25", "Bombus species": "huntii", "date": "2022-08-25", "julian_day": 237.0, "source": "UtahPP" }, "geometry": { "type": "Point", "coordinates": [ -113.7394931, 41.65048748 ] } },
{ "type": "Feature", "properties": { "year": "2023", "month": "08", "day": "28", "Bombus species": "huntii", "date": "2023-08-28", "julian_day": 240.0, "source": "UtahPP" }, "geometry": { "type": "Point", "coordinates": [ -113.7395356, 41.65323449 ] } },
{ "type": "Feature", "properties": { "year": "2023", "month": "08", "day": "28", "Bombus species": "fervidus", "date": "2023-08-28", "julian_day": 240.0, "source": "UtahPP" }, "geometry": { "type": "Point", "coordinates": [ -113.7395611, 41.6528615 ] } },
{ "type": "Feature", "properties": { "year": "2022", "month": "07", "day": "29", "Bombus species": "fervidus", "date": "2022-07-29", "julian_day": 210.0, "source": "UtahPP" }, "geometry": { "type": "Point", "coordinates": [ -113.7395895, 41.65050837 ] } },
{ "type": "Feature", "properties": { "year": "2022", "month": "07", "day": "29", "Bombus species": "huntii", "date": "2022-07-29", "julian_day": 210.0, "source": "UtahPP" }, "geometry": { "type": "Point", "coordinates": [ -113.7395936, 41.65040369 ] } },
{ "type": "Feature", "properties": { "year": "2022", "month": "07", "day": "29", "Bombus species": "rufocinctus", "date": "2022-07-29", "julian_day": 210.0, "source": "UtahPP" }, "geometry": { "type": "Point", "coordinates": [ -113.7396998, 41.65085206 ] } },
{ "type": "Feature", "properties": { "year": "2022", "month": "06", "day": "21", "Bombus species": "centralis", "date": "2022-06-21", "julian_day": 172.0, "source": "UtahPP" }, "geometry": { "type": "Point", "coordinates": [ -113.73971, 41.65243774 ] } },
{ "type": "Feature", "properties": { "year": "2023", "month": "08", "day": "28", "Bombus species": "nevadensis", "date": "2023-08-28", "julian_day": 240.0, "source": "UtahPP" }, "geometry": { "type": "Point", "coordinates": [ -113.7397245, 41.65314684 ] } },
{ "type": "Feature", "properties": { "year": "2022", "month": "07", "day": "29", "Bombus species": "huntii", "date": "2022-07-29", "julian_day": 210.0, "source": "UtahPP" }, "geometry": { "type": "Point", "coordinates": [ -113.739741, 41.651309 ] } },
{ "type": "Feature", "properties": { "year": "2022", "month": "07", "day": "29", "Bombus species": "huntii", "date": "2022-07-29", "julian_day": 210.0, "source": "UtahPP" }, "geometry": { "type": "Point", "coordinates": [ -113.739741, 41.651309 ] } },
{ "type": "Feature", "properties": { "year": "2022", "month": "07", "day": "29", "Bombus species": "huntii", "date": "2022-07-29", "julian_day": 210.0, "source": "UtahPP" }, "geometry": { "type": "Point", "coordinates": [ -113.739741, 41.651309 ] } },
{ "type": "Feature", "properties": { "year": "2022", "month": "07", "day": "29", "Bombus species": "huntii", "date": "2022-07-29", "julian_day": 210.0, "source": "UtahPP" }, "geometry": { "type": "Point", "coordinates": [ -113.739741, 41.651309 ] } },
{ "type": "Feature", "properties": { "year": "2022", "month": "07", "day": "29", "Bombus species": "huntii", "date": "2022-07-29", "julian_day": 210.0, "source": "UtahPP" }, "geometry": { "type": "Point", "coordinates": [ -113.739741, 41.651309 ] } },
{ "type": "Feature", "properties": { "year": "2022", "month": "07", "day": "29", "Bombus species": "huntii", "date": "2022-07-29", "julian_day": 210.0, "source": "UtahPP" }, "geometry": { "type": "Point", "coordinates": [ -113.739741, 41.651309 ] } },
{ "type": "Feature", "properties": { "year": "2022", "month": "07", "day": "29", "Bombus species": "fervidus", "date": "2022-07-29", "julian_day": 210.0, "source": "UtahPP" }, "geometry": { "type": "Point", "coordinates": [ -113.7398788, 41.65122305 ] } },
{ "type": "Feature", "properties": { "year": "2023", "month": "08", "day": "28", "Bombus species": "fervidus", "date": "2023-08-28", "julian_day": 240.0, "source": "UtahPP" }, "geometry": { "type": "Point", "coordinates": [ -113.7399342, 41.65228853 ] } },
{ "type": "Feature", "properties": { "year": "2021", "month": "06", "day": "15", "Bombus species": "huntii", "date": "2021-06-15", "julian_day": 166.0, "source": "UtahPP" }, "geometry": { "type": "Point", "coordinates": [ -113.74, 41.65144 ] } },
{ "type": "Feature", "properties": { "year": "2021", "month": "06", "day": "15", "Bombus species": "nevadensis", "date": "2021-06-15", "julian_day": 166.0, "source": "UtahPP" }, "geometry": { "type": "Point", "coordinates": [ -113.74, 41.65144 ] } },
{ "type": "Feature", "properties": { "year": "2021", "month": "06", "day": "15", "Bombus species": "nevadensis", "date": "2021-06-15", "julian_day": 166.0, "source": "UtahPP" }, "geometry": { "type": "Point", "coordinates": [ -113.74, 41.65144 ] } },
{ "type": "Feature", "properties": { "year": "2021", "month": "06", "day": "15", "Bombus species": "nevadensis", "date": "2021-06-15", "julian_day": 166.0, "source": "UtahPP" }, "geometry": { "type": "Point", "coordinates": [ -113.74, 41.65144 ] } },
{ "type": "Feature", "properties": { "year": "2021", "month": "06", "day": "15", "Bombus species": "nevadensis", "date": "2021-06-15", "julian_day": 166.0, "source": "UtahPP" }, "geometry": { "type": "Point", "coordinates": [ -113.74, 41.65144 ] } },
{ "type": "Feature", "properties": { "year": "2021", "month": "06", "day": "15", "Bombus species": "nevadensis", "date": "2021-06-15", "julian_day": 166.0, "source": "UtahPP" }, "geometry": { "type": "Point", "coordinates": [ -113.74, 41.65144 ] } },
{ "type": "Feature", "properties": { "year": "2021", "month": "07", "day": "22", "Bombus species": "appositus", "date": "2021-07-22", "julian_day": 203.0, "source": "UtahPP" }, "geometry": { "type": "Point", "coordinates": [ -113.894, 39.8755 ] } },
{ "type": "Feature", "properties": { "year": "2021", "month": "07", "day": "22", "Bombus species": "centralis", "date": "2021-07-22", "julian_day": 203.0, "source": "UtahPP" }, "geometry": { "type": "Point", "coordinates": [ -113.894, 39.87533 ] } },
{ "type": "Feature", "properties": { "year": "2021", "month": "07", "day": "22", "Bombus species": "fervidus", "date": "2021-07-22", "julian_day": 203.0, "source": "UtahPP" }, "geometry": { "type": "Point", "coordinates": [ -113.894, 39.87553 ] } },
{ "type": "Feature", "properties": { "year": "2021", "month": "08", "day": "11", "Bombus species": "appositus", "date": "2021-08-11", "julian_day": 223.0, "source": "UtahPP" }, "geometry": { "type": "Point", "coordinates": [ -113.895, 39.87572 ] } },
{ "type": "Feature", "properties": { "year": "2021", "month": "07", "day": "22", "Bombus species": "appositus", "date": "2021-07-22", "julian_day": 203.0, "source": "UtahPP" }, "geometry": { "type": "Point", "coordinates": [ -113.896, 39.87547 ] } },
{ "type": "Feature", "properties": { "year": "2021", "month": "08", "day": "11", "Bombus species": "appositus", "date": "2021-08-11", "julian_day": 223.0, "source": "UtahPP" }, "geometry": { "type": "Point", "coordinates": [ -113.896, 39.87538 ] } },
{ "type": "Feature", "properties": { "year": "2021", "month": "08", "day": "11", "Bombus species": "appositus", "date": "2021-08-11", "julian_day": 223.0, "source": "UtahPP" }, "geometry": { "type": "Point", "coordinates": [ -113.896, 39.8754 ] } },
{ "type": "Feature", "properties": { "year": "2021", "month": "08", "day": "11", "Bombus species": "appositus", "date": "2021-08-11", "julian_day": 223.0, "source": "UtahPP" }, "geometry": { "type": "Point", "coordinates": [ -113.896, 39.87542 ] } },
{ "type": "Feature", "properties": { "year": "2021", "month": "08", "day": "11", "Bombus species": "appositus", "date": "2021-08-11", "julian_day": 223.0, "source": "UtahPP" }, "geometry": { "type": "Point", "coordinates": [ -113.896, 39.87554 ] } },
{ "type": "Feature", "properties": { "year": "2021", "month": "08", "day": "11", "Bombus species": "appositus", "date": "2021-08-11", "julian_day": 223.0, "source": "UtahPP" }, "geometry": { "type": "Point", "coordinates": [ -113.896, 39.87554 ] } },
{ "type": "Feature", "properties": { "year": "2021", "month": "08", "day": "11", "Bombus species": "appositus", "date": "2021-08-11", "julian_day": 223.0, "source": "UtahPP" }, "geometry": { "type": "Point", "coordinates": [ -113.896, 39.87557 ] } },
{ "type": "Feature", "properties": { "year": "2021", "month": "08", "day": "11", "Bombus species": "centralis", "date": "2021-08-11", "julian_day": 223.0, "source": "UtahPP" }, "geometry": { "type": "Point", "coordinates": [ -113.896, 39.87539 ] } },
{ "type": "Feature", "properties": { "year": "2021", "month": "08", "day": "11", "Bombus species": "centralis", "date": "2021-08-11", "julian_day": 223.0, "source": "UtahPP" }, "geometry": { "type": "Point", "coordinates": [ -113.896, 39.87542 ] } },
{ "type": "Feature", "properties": { "year": "2021", "month": "08", "day": "11", "Bombus species": "centralis", "date": "2021-08-11", "julian_day": 223.0, "source": "UtahPP" }, "geometry": { "type": "Point", "coordinates": [ -113.896, 39.87551 ] } },
{ "type": "Feature", "properties": { "year": "2021", "month": "07", "day": "22", "Bombus species": "appositus", "date": "2021-07-22", "julian_day": 203.0, "source": "UtahPP" }, "geometry": { "type": "Point", "coordinates": [ -113.897, 39.87543 ] } },
{ "type": "Feature", "properties": { "year": "2021", "month": "07", "day": "22", "Bombus species": "centralis", "date": "2021-07-22", "julian_day": 203.0, "source": "UtahPP" }, "geometry": { "type": "Point", "coordinates": [ -113.897, 39.87547 ] } },
{ "type": "Feature", "properties": { "year": "2021", "month": "07", "day": "22", "Bombus species": "griseocollis", "date": "2021-07-22", "julian_day": 203.0, "source": "UtahPP" }, "geometry": { "type": "Point", "coordinates": [ -113.897, 39.87556 ] } },
{ "type": "Feature", "properties": { "year": "2021", "month": "08", "day": "11", "Bombus species": "appositus", "date": "2021-08-11", "julian_day": 223.0, "source": "UtahPP" }, "geometry": { "type": "Point", "coordinates": [ -113.897, 39.87548 ] } },
{ "type": "Feature", "properties": { "year": "2021", "month": "08", "day": "11", "Bombus species": "appositus", "date": "2021-08-11", "julian_day": 223.0, "source": "UtahPP" }, "geometry": { "type": "Point", "coordinates": [ -113.897, 39.8755 ] } },
{ "type": "Feature", "properties": { "year": "2021", "month": "07", "day": "21", "Bombus species": "appositus", "date": "2021-07-21", "julian_day": 202.0, "source": "UtahPP" }, "geometry": { "type": "Point", "coordinates": [ -113.901, 39.87843 ] } },
{ "type": "Feature", "properties": { "year": "2021", "month": "07", "day": "21", "Bombus species": "appositus", "date": "2021-07-21", "julian_day": 202.0, "source": "UtahPP" }, "geometry": { "type": "Point", "coordinates": [ -113.901, 39.87847 ] } },
{ "type": "Feature", "properties": { "year": "2021", "month": "07", "day": "21", "Bombus species": "appositus", "date": "2021-07-21", "julian_day": 202.0, "source": "UtahPP" }, "geometry": { "type": "Point", "coordinates": [ -113.903, 39.87916 ] } },
{ "type": "Feature", "properties": { "year": "2021", "month": "07", "day": "21", "Bombus species": "fervidus", "date": "2021-07-21", "julian_day": 202.0, "source": "UtahPP" }, "geometry": { "type": "Point", "coordinates": [ -113.903, 39.87968 ] } },
{ "type": "Feature", "properties": { "year": "2021", "month": "07", "day": "21", "Bombus species": "huntii", "date": "2021-07-21", "julian_day": 202.0, "source": "UtahPP" }, "geometry": { "type": "Point", "coordinates": [ -113.903, 39.87964 ] } },
{ "type": "Feature", "properties": { "year": "2021", "month": "07", "day": "21", "Bombus species": "appositus", "date": "2021-07-21", "julian_day": 202.0, "source": "UtahPP" }, "geometry": { "type": "Point", "coordinates": [ -113.904, 39.8799 ] } },
{ "type": "Feature", "properties": { "year": "2021", "month": "07", "day": "21", "Bombus species": "fervidus", "date": "2021-07-21", "julian_day": 202.0, "source": "UtahPP" }, "geometry": { "type": "Point", "coordinates": [ -113.904, 39.87983 ] } },
{ "type": "Feature", "properties": { "year": "2021", "month": "08", "day": "11", "Bombus species": "appositus", "date": "2021-08-11", "julian_day": 223.0, "source": "UtahPP" }, "geometry": { "type": "Point", "coordinates": [ -113.908, 39.88258 ] } },
{ "type": "Feature", "properties": { "year": "2021", "month": "08", "day": "11", "Bombus species": "centralis", "date": "2021-08-11", "julian_day": 223.0, "source": "UtahPP" }, "geometry": { "type": "Point", "coordinates": [ -113.908, 39.8826 ] } },
{ "type": "Feature", "properties": { "year": "2021", "month": "08", "day": "17", "Bombus species": "nevadensis", "date": "2021-08-17", "julian_day": 229.0, "source": "UtahPP" }, "geometry": { "type": "Point", "coordinates": [ -113.947, 39.95834 ] } }
]
}
